pipes,40, at Fri Nov 29 20:46:24 UTC 2019,66111 total (1617 in the last 30 days)
pipes-aeson,13, at Tue Mar  7 16:15:17 UTC 2017,8788 total (416 in the last 30 days)
pipes-attoparsec,14, at Tue Mar  7 16:21:08 UTC 2017,11812 total (464 in the last 30 days)
pipes-binary,12, at Tue May 22 14:07:52 UTC 2018,8230 total (315 in the last 30 days)
pipes-bytestring,12, at Fri Jul 14 04:43:00 UTC 2017,18256 total (429 in the last 30 days)
pipes-category,4, at Sun Oct  8 10:02:19 UTC 2017,1821 total (92 in the last 30 days)
pipes-concurrency,16, at Mon Sep 24 21:03:15 UTC 2018,14608 total (557 in the last 30 days)
pipes-csv,7, at Thu Nov 26 00:22:50 UTC 2015,5907 total (251 in the last 30 days)
pipes-extras,15, at Wed Jul  4 03:00:09 UTC 2018,7459 total (442 in the last 30 days)
pipes-fastx,0, at Fri Jun 26 22:56:43 UTC 2015,899 total (53 in the last 30 days)
pipes-fluid,8, at Fri Jun  1 11:55:01 UTC 2018,2885 total (130 in the last 30 days)
pipes-group,12, at Wed Jul  4 02:53:56 UTC 2018,17175 total (504 in the last 30 days)
pipes-http,6, at Thu Feb  7 13:32:30 UTC 2019,8324 total (275 in the last 30 days)
pipes-misc,12, at Tue May 22 18:15:30 UTC 2018,3940 total (111 in the last 30 days)
pipes-network,18, at Wed May 16 10:59:25 UTC 2018,12392 total (487 in the last 30 days)
pipes-network-tls,5, at Sun Nov 17 20:44:23 UTC 2019,3188 total (183 in the last 30 days)
pipes-parse,13, at Sat Dec  3 00:30:35 UTC 2016,19982 total (390 in the last 30 days)
pipes-random,5, at Fri May 10 02:56:05 UTC 2019,2778 total (208 in the last 30 days)
pipes-safe,19, at Fri Sep  6 15:33:04 UTC 2019,20182 total (811 in the last 30 days)
pipes-wai,3, at Fri Jan  8 03:59:53 UTC 2016,2719 total (135 in the last 30 days)
pkcs10,7, at Wed Nov  2 09:36:02 UTC 2016,3804 total (179 in the last 30 days)
placeholders,0, at Fri Apr 29 05:06:32 UTC 2011,7012 total (119 in the last 30 days)
planb-token-introspection,4, at Fri May  3 12:55:43 UTC 2019,1515 total (192 in the last 30 days)
plotlyhs,2, at Fri Nov  9 08:42:42 UTC 2018,1547 total (98 in the last 30 days)
pointed,30, at Mon Jan 22 16:25:09 UTC 2018,60354 total (1186 in the last 30 days)
pointedlist,16, at Sat Apr 26 18:26:59 UTC 2014,21008 total (409 in the last 30 days)
pointless-fun,3, at Sat May 30 05:50:05 UTC 2015,2983 total (133 in the last 30 days)
poll,1, at Sat Feb 17 21:36:53 UTC 2018,1909 total (121 in the last 30 days)
poly,6, at Sat Nov  2 21:47:24 UTC 2019,1095 total (196 in the last 30 days)
poly-arity,9, at Sun Mar 19 04:24:14 UTC 2017,4127 total (96 in the last 30 days)
polynomials-bernstein,3, at Tue Sep 29 13:30:45 UTC 2015,2867 total (141 in the last 30 days)
polyparse,15, at Thu Aug 22 14:00:52 UTC 2019,169639 total (1108 in the last 30 days)
polysemy,22, at Sun Feb 16 15:23:19 UTC 2020,5034 total (871 in the last 30 days)
polysemy-plugin,12, at Sun Feb 16 15:23:45 UTC 2020,2593 total (512 in the last 30 days)
polysemy-zoo,12, at Sun Feb 16 14:50:00 UTC 2020,2704 total (680 in the last 30 days)
pooled-io,7, at Sat Sep  1 10:36:22 UTC 2018,4333 total (313 in the last 30 days)
port-utils,6, at Sat Apr 27 20:42:03 UTC 2019,2008 total (218 in the last 30 days)
posix-paths,13, at Tue Dec 18 15:36:04 UTC 2018,9349 total (348 in the last 30 days)
possibly,1, at Sat Mar 16 00:59:50 UTC 2019,578 total (69 in the last 30 days)
postgresql-binary,33, at Tue Nov 26 09:18:30 UTC 2019,21233 total (954 in the last 30 days)
postgresql-libpq,27, at Mon Sep 24 21:10:34 UTC 2018,44086 total (946 in the last 30 days)
postgresql-orm,12, at Tue Feb 12 02:54:07 UTC 2019,6398 total (290 in the last 30 days)
postgresql-schema,12, at Wed Dec  6 08:22:04 UTC 2017,6221 total (286 in the last 30 days)
postgresql-simple,68, at Fri Apr 26 09:32:21 UTC 2019,69874 total (2203 in the last 30 days)
postgresql-simple-migration,15, at Wed Jan 15 15:49:37 UTC 2020,7013 total (426 in the last 30 days)
postgresql-simple-queue,11, at Thu Dec 21 03:26:39 UTC 2017,5251 total (325 in the last 30 days)
postgresql-simple-url,3, at Tue Mar 20 20:04:46 UTC 2018,3625 total (136 in the last 30 days)
postgresql-transactional,1, at Mon May  9 13:58:04 UTC 2016,1200 total (61 in the last 30 days)
postgresql-typed,18, at Sat Oct  5 16:48:12 UTC 2019,8759 total (578 in the last 30 days)
post-mess-age,2, at Tue Mar 29 11:45:58 UTC 2016,1984 total (109 in the last 30 days)
pptable,3, at Sat Mar 17 13:45:47 UTC 2018,1913 total (139 in the last 30 days)
pqueue,13, at Wed Sep 26 21:18:39 UTC 2018,12217 total (622 in the last 30 days)
prefix-units,3, at Sun Nov 22 01:56:15 UTC 2015,3054 total (143 in the last 30 days)
prelude-compat,3, at Thu May 23 19:41:07 UTC 2019,1534 total (101 in the last 30 days)
prelude-safeenum,4, at Sat May 30 05:57:10 UTC 2015,3274 total (151 in the last 30 days)
present,10, at Wed Mar 22 19:05:20 UTC 2017,7780 total (226 in the last 30 days)
pretty,16, at Mon Jan 29 04:01:01 UTC 2018,33885 total (554 in the last 30 days)
prettyclass,0, at Fri Dec  5 17:26:32 UTC 2008,13991 total (132 in the last 30 days)
pretty-class,2, at Sun Sep 14 19:24:57 UTC 2014,2705 total (110 in the last 30 days)
pretty-hex,1, at Wed Dec  4 15:55:15 UTC 2019,2670 total (182 in the last 30 days)
prettyprinter,16, at Mon Feb 10 18:33:02 UTC 2020,11642 total (1278 in the last 30 days)
prettyprinter-ansi-terminal,7, at Thu Feb 22 07:48:01 UTC 2018,5892 total (441 in the last 30 days)
prettyprinter-compat-annotated-wl-pprint,2, at Tue May 30 08:14:18 UTC 2017,1300 total (70 in the last 30 days)
prettyprinter-compat-ansi-wl-pprint,3, at Fri Jun 23 07:45:07 UTC 2017,1850 total (112 in the last 30 days)
prettyprinter-compat-wl-pprint,2, at Thu Jun  1 06:42:32 UTC 2017,1556 total (42 in the last 30 days)
prettyprinter-convert-ansi-wl-pprint,0, at Thu Aug  3 10:20:40 UTC 2017,1109 total (77 in the last 30 days)
pretty-show,37, at Thu Jan 30 19:08:20 UTC 2020,64219 total (1712 in the last 30 days)
pretty-simple,27, at Sun Feb 23 01:44:00 UTC 2020,12141 total (1400 in the last 30 days)
pretty-sop,5, at Thu May  9 19:01:43 UTC 2019,3168 total (205 in the last 30 days)
pretty-types,12, at Mon Jan 21 18:39:17 UTC 2019,4637 total (358 in the last 30 days)
primes,4, at Fri Apr 29 09:38:55 UTC 2011,12889 total (302 in the last 30 days)
primitive,23, at Sat Feb 29 18:08:48 UTC 2020,413871 total (1943 in the last 30 days)
primitive-extras,38, at Sun Jun  2 15:48:22 UTC 2019,12161 total (1469 in the last 30 days)
prim-uniq,1, at Wed Aug 10 14:47:39 UTC 2011,2798 total (111 in the last 30 days)
probability,12, at Wed Nov 13 10:19:56 UTC 2019,9024 total (387 in the last 30 days)
process,28, at Mon Feb 10 18:46:53 UTC 2020,96751 total (1718 in the last 30 days)
process-extras,27, at Sat Feb  3 16:53:15 UTC 2018,31849 total (948 in the last 30 days)
product-isomorphic,5, at Sun Aug 26 12:58:29 UTC 2018,2614 total (185 in the last 30 days)
product-profunctors,10, at Sat Apr  7 09:18:48 UTC 2018,9385 total (449 in the last 30 days)
profiterole,0, at Fri Jun  2 21:25:09 UTC 2017,869 total (61 in the last 30 days)
profunctors,39, at Thu Feb 13 19:20:02 UTC 2020,206796 total (2524 in the last 30 days)
projectroot,2, at Sun Dec 20 04:49:42 UTC 2015,2020 total (106 in the last 30 days)
project-template,11, at Mon Jan 15 13:53:54 UTC 2018,29735 total (453 in the last 30 days)
prometheus-client,5, at Fri Aug 10 19:18:23 UTC 2018,3141 total (190 in the last 30 days)
promises,3, at Sun Jan 17 05:32:11 UTC 2016,3329 total (184 in the last 30 days)
prompt,4, at Thu May 26 22:25:35 UTC 2016,2378 total (97 in the last 30 days)
prospect,0, at Tue Jul 10 19:54:55 UTC 2018,454 total (41 in the last 30 days)
protobuf,12, at Sat Feb 15 19:44:17 UTC 2020,8622 total (481 in the last 30 days)
protobuf-simple,6, at Wed Sep  5 08:57:15 UTC 2018,3925 total (295 in the last 30 days)
protocol-buffers,59, at Mon Dec  2 19:52:41 UTC 2019,36828 total (2316 in the last 30 days)
protocol-buffers-descriptor,52, at Mon Dec  2 19:53:16 UTC 2019,28413 total (2152 in the last 30 days)
protocol-radius,1, at Sat Aug 25 14:16:56 UTC 2018,949 total (70 in the last 30 days)
protocol-radius-test,2, at Fri Sep 13 07:17:40 UTC 2019,1054 total (99 in the last 30 days)
proto-lens,18, at Sun Oct 27 15:57:07 UTC 2019,8586 total (643 in the last 30 days)
proto-lens-arbitrary,15, at Sun Oct 27 15:57:34 UTC 2019,5663 total (452 in the last 30 days)
proto-lens-optparse,11, at Sun Oct 27 15:57:39 UTC 2019,4246 total (321 in the last 30 days)
proto-lens-protobuf-types,9, at Sun Oct 27 20:26:27 UTC 2019,3285 total (293 in the last 30 days)
proto-lens-protoc,22, at Sun Oct 27 15:57:19 UTC 2019,9864 total (789 in the last 30 days)
proto-lens-runtime,4, at Sun Oct 27 15:57:12 UTC 2019,1868 total (195 in the last 30 days)
proto-lens-setup,3, at Sun Oct 27 15:57:23 UTC 2019,1178 total (102 in the last 30 days)
protolude,16, at Thu Oct 10 13:37:27 UTC 2019,11264 total (340 in the last 30 days)
proxied,4, at Wed Feb 20 20:16:55 UTC 2019,2420 total (163 in the last 30 days)
psql-helpers,0, at Thu Mar  3 17:45:53 UTC 2016,744 total (26 in the last 30 days)
psqueues,18, at Fri Jun  7 14:32:02 UTC 2019,41574 total (985 in the last 30 days)
pureMD5,20, at Mon May  9 17:45:10 UTC 2016,42654 total (708 in the last 30 days)
purescript-bridge,27, at Mon Mar  9 10:19:32 UTC 2020,15325 total (887 in the last 30 days)
pure-zlib,10, at Fri Jan 17 17:12:32 UTC 2020,4501 total (345 in the last 30 days)
pushbullet-types,5, at Sat Mar 17 02:08:17 UTC 2018,2551 total (235 in the last 30 days)
pusher-http-haskell,29, at Fri Sep 27 20:36:54 UTC 2019,11255 total (758 in the last 30 days)
qchas,4, at Sun Jul 29 12:08:34 UTC 2018,1450 total (83 in the last 30 days)
qm-interpolated-string,4, at Sun Feb  4 23:32:30 UTC 2018,2332 total (203 in the last 30 days)
qnap-decrypt,5, at Sat Jul  6 07:49:34 UTC 2019,1820 total (183 in the last 30 days)
qrcode-core,3, at Thu Dec 19 18:14:36 UTC 2019,991 total (126 in the last 30 days)
qrcode-juicypixels,0, at Wed Jan  9 13:05:50 UTC 2019,376 total (42 in the last 30 days)
quadratic-irrational,6, at Fri Apr 26 21:39:22 UTC 2019,3640 total (194 in the last 30 days)
QuasiText,5, at Sun Jun  5 11:58:22 UTC 2016,4642 total (186 in the last 30 days)
quickbench,0, at Fri Oct 21 11:13:20 UTC 2016,793 total (33 in the last 30 days)
QuickCheck,55, at Sun Jun 30 19:57:44 UTC 2019,356609 total (2751 in the last 30 days)
quickcheck-arbitrary-adt,3, at Thu Jan  4 16:19:02 UTC 2018,2208 total (151 in the last 30 days)
quickcheck-assertions,3, at Tue Jan 17 11:53:56 UTC 2017,4043 total (180 in the last 30 days)
quickcheck-classes,33, at Fri Sep 13 16:40:30 UTC 2019,8882 total (672 in the last 30 days)
quickcheck-instances,25, at Sun Jun 30 22:28:46 UTC 2019,40962 total (1004 in the last 30 days)
quickcheck-io,5, at Fri Jun 16 07:25:47 UTC 2017,99030 total (559 in the last 30 days)
quickcheck-simple,7, at Wed Aug  7 18:24:26 UTC 2019,3623 total (239 in the last 30 days)
quickcheck-special,6, at Thu Nov  9 18:18:41 UTC 2017,3151 total (224 in the last 30 days)
quickcheck-state-machine,10, at Tue Jan 15 11:33:34 UTC 2019,3978 total (312 in the last 30 days)
quickcheck-text,4, at Thu Sep 22 09:16:38 UTC 2016,12858 total (166 in the last 30 days)
quickcheck-transformer,1, at Thu May 23 10:38:16 UTC 2019,541 total (72 in the last 30 days)
quickcheck-unicode,2, at Sun May 21 01:54:39 UTC 2017,4267 total (136 in the last 30 days)
radius,11, at Mon Dec 30 21:24:24 UTC 2019,3799 total (364 in the last 30 days)
rainbow,35, at Fri Nov 29 23:12:39 UTC 2019,18663 total (866 in the last 30 days)
rainbox,22, at Tue Dec 10 03:02:08 UTC 2019,10488 total (793 in the last 30 days)
ramus,3, at Tue Feb  7 21:23:26 UTC 2017,1984 total (178 in the last 30 days)
rando,3, at Sat Mar 31 20:30:20 UTC 2018,1242 total (134 in the last 30 days)
random,8, at Tue Sep 16 21:34:46 UTC 2014,377590 total (556 in the last 30 days)
random-bytestring,7, at Thu Jun  6 06:18:07 UTC 2019,2750 total (256 in the last 30 days)
random-fu,21, at Thu Dec  5 23:45:53 UTC 2019,18087 total (901 in the last 30 days)
random-shuffle,2, at Tue Jun 19 16:32:20 UTC 2012,25204 total (280 in the last 30 days)
random-source,4, at Tue Jul 16 05:29:48 UTC 2013,8579 total (177 in the last 30 days)
random-tree,0, at Tue Feb  9 17:48:08 UTC 2016,816 total (41 in the last 30 days)
range,10, at Sat Oct 26 03:41:48 UTC 2019,4610 total (388 in the last 30 days)
Ranged-sets,5, at Mon Mar 11 09:23:31 UTC 2019,5323 total (276 in the last 30 days)
range-set-list,12, at Sat Aug  3 11:10:22 UTC 2019,6852 total (355 in the last 30 days)
rank1dynamic,9, at Tue Aug 22 13:34:12 UTC 2017,10930 total (308 in the last 30 days)
rank2classes,15, at Sat Mar  7 20:12:45 UTC 2020,5835 total (711 in the last 30 days)
Rasterific,29, at Sat Jan 25 15:10:36 UTC 2020,18566 total (1004 in the last 30 days)
rasterific-svg,19, at Mon Oct  8 12:01:00 UTC 2018,9650 total (490 in the last 30 days)
ratel,25, at Fri Nov  8 15:40:55 UTC 2019,9250 total (619 in the last 30 days)
ratel-wai,14, at Fri Nov  8 15:43:42 UTC 2019,5358 total (332 in the last 30 days)
rattle,0, at Wed Apr 17 22:47:51 UTC 2019,275 total (55 in the last 30 days)
rattletrap,74, at Fri Nov  8 15:48:07 UTC 2019,27838 total (2326 in the last 30 days)
rawfilepath,6, at Thu May 11 07:06:47 UTC 2017,3533 total (204 in the last 30 days)
rawstring-qm,8, at Fri Nov 18 12:28:12 UTC 2016,4224 total (147 in the last 30 days)
raw-strings-qq,3, at Sun Dec 13 23:03:32 UTC 2015,7169 total (316 in the last 30 days)
rcu,6, at Thu May  2 20:41:06 UTC 2019,3092 total (215 in the last 30 days)
rdf,3, at Tue Apr 23 09:02:46 UTC 2019,1867 total (115 in the last 30 days)
re2,2, at Sat Dec  8 04:41:05 UTC 2018,1605 total (144 in the last 30 days)
readable,8, at Sat Feb  7 23:36:46 UTC 2015,17752 total (397 in the last 30 days)
read-editor,2, at Sun Jan 10 18:52:28 UTC 2016,1772 total (120 in the last 30 days)
read-env-var,2, at Wed Mar 22 14:30:01 UTC 2017,1603 total (100 in the last 30 days)
reanimate,12, at Tue Feb 25 01:00:46 UTC 2020,2420 total (535 in the last 30 days)
reanimate-svg,16, at Mon Feb 17 10:34:23 UTC 2020,3320 total (829 in the last 30 days)
rebase,45, at Wed Feb 26 13:02:42 UTC 2020,19335 total (1742 in the last 30 days)
record-dot-preprocessor,8, at Sun Dec  8 20:47:35 UTC 2019,2349 total (293 in the last 30 days)
record-hasfield,0, at Thu Mar 21 13:47:58 UTC 2019,351 total (42 in the last 30 days)
records-sop,3, at Thu May  9 19:36:28 UTC 2019,1532 total (116 in the last 30 days)
recursion-schemes,40, at Fri Apr 26 15:40:26 UTC 2019,28753 total (1189 in the last 30 days)
reducers,31, at Tue Jul  3 15:18:27 UTC 2018,59693 total (1023 in the last 30 days)
refact,4, at Sat Nov 21 22:53:49 UTC 2015,25535 total (401 in the last 30 days)
references,13, at Tue Nov 28 00:57:57 UTC 2017,7680 total (392 in the last 30 days)
reflection,47, at Tue Aug 27 13:38:17 UTC 2019,172918 total (2186 in the last 30 days)
RefSerialize,17, at Mon Feb  6 23:42:14 UTC 2017,14345 total (723 in the last 30 days)
regex,33, at Mon Jan 27 23:49:25 UTC 2020,16069 total (988 in the last 30 days)
regex-applicative,16, at Sun Aug 18 20:58:53 UTC 2019,17770 total (541 in the last 30 days)
regex-applicative-text,1, at Mon Feb  8 20:03:35 UTC 2016,5821 total (160 in the last 30 days)
regex-base,10, at Wed Sep 25 07:55:52 UTC 2019,213107 total (1076 in the last 30 days)
regex-compat,7, at Mon Sep 30 22:58:41 UTC 2019,64589 total (741 in the last 30 days)
regex-compat-tdfa,4, at Thu Oct  3 16:40:34 UTC 2013,9394 total (231 in the last 30 days)
regex-pcre,10, at Mon Sep 30 11:53:40 UTC 2019,19196 total (587 in the last 30 days)
regex-pcre-builtin,10, at Mon Sep 30 11:53:40 UTC 2019,19196 total (587 in the last 30 days)
regex-pcre-text,1, at Sat Jun  3 02:43:56 UTC 2017,1331 total (55 in the last 30 days)
regex-posix,17, at Mon Sep 30 22:16:17 UTC 2019,143194 total (1057 in the last 30 days)
regex-tdfa,25, at Tue Nov 26 22:34:30 UTC 2019,129935 total (1682 in the last 30 days)
regex-tdfa-text,3, at Mon Aug 24 13:13:01 UTC 2015,14981 total (156 in the last 30 days)
regex-with-pcre,23, at Mon Jan 27 23:50:27 UTC 2020,8847 total (558 in the last 30 days)
registry,35, at Tue Aug  6 07:36:32 UTC 2019,8661 total (1047 in the last 30 days)
reinterpret-cast,0, at Wed Apr 30 14:55:12 UTC 2014,2909 total (76 in the last 30 days)
relapse,7, at Tue Mar 21 16:42:14 UTC 2017,2982 total (68 in the last 30 days)
relational-query,93, at Tue Jul  9 18:47:42 UTC 2019,42428 total (2727 in the last 30 days)
relational-query-HDBC,41, at Tue May 14 16:39:54 UTC 2019,16623 total (1001 in the last 30 days)
relational-record,21, at Sun Jun 17 16:52:39 UTC 2018,10117 total (581 in the last 30 days)
relational-schemas,22, at Tue May 14 16:21:51 UTC 2019,11823 total (694 in the last 30 days)
relude,6, at Wed Oct 30 20:03:45 UTC 2019,3115 total (304 in the last 30 days)
renderable,4, at Thu Jul 14 15:42:58 UTC 2016,2538 total (121 in the last 30 days)
repa,41, at Wed Oct  3 13:40:42 UTC 2018,38195 total (1326 in the last 30 days)
repa-algorithms,22, at Wed Oct  3 13:41:20 UTC 2018,17215 total (564 in the last 30 days)
repa-io,21, at Sat Jun 18 05:40:12 UTC 2016,16647 total (536 in the last 30 days)
replace-attoparsec,4, at Fri Nov  1 13:47:02 UTC 2019,826 total (155 in the last 30 days)
replace-megaparsec,11, at Thu Mar  5 16:17:35 UTC 2020,1891 total (440 in the last 30 days)
repline,9, at Sat Dec 28 06:43:53 UTC 2019,7350 total (439 in the last 30 days)
req,14, at Sun Feb  9 12:50:41 UTC 2020,7725 total (588 in the last 30 days)
req-conduit,3, at Fri Dec  1 11:11:37 UTC 2017,2627 total (134 in the last 30 days)
require,8, at Tue Sep 17 15:36:33 UTC 2019,2506 total (200 in the last 30 days)
rerebase,17, at Wed Feb 26 13:08:18 UTC 2020,6427 total (632 in the last 30 days)
resistor-cube,7, at Mon Aug 12 11:42:42 UTC 2019,2848 total (212 in the last 30 days)
resource-pool,12, at Tue Dec 16 09:00:59 UTC 2014,71041 total (637 in the last 30 days)
resourcet,53, at Sun Mar  1 09:04:26 UTC 2020,264223 total (2996 in the last 30 days)
result,8, at Sun Oct  2 01:26:45 UTC 2016,4017 total (228 in the last 30 days)
rethinkdb-client-driver,23, at Wed Oct 11 17:00:49 UTC 2017,14793 total (687 in the last 30 days)
retry,27, at Fri Oct 11 15:34:17 UTC 2019,36577 total (1191 in the last 30 days)
rev-state,2, at Mon Feb  1 22:42:06 UTC 2016,2508 total (102 in the last 30 days)
rfc1751,2, at Wed Sep 12 13:56:18 UTC 2018,959 total (118 in the last 30 days)
rfc5051,4, at Fri Oct 19 03:40:53 UTC 2018,25702 total (376 in the last 30 days)
rg,2, at Sat Jun  8 07:08:54 UTC 2019,649 total (121 in the last 30 days)
rhine,12, at Mon Sep 16 15:51:00 UTC 2019,4632 total (349 in the last 30 days)
rhine-gloss,6, at Tue Jun  4 16:35:07 UTC 2019,2319 total (182 in the last 30 days)
rigel-viz,1, at Mon Feb 25 10:57:24 UTC 2019,625 total (86 in the last 30 days)
rio,22, at Sun Mar  1 09:03:53 UTC 2020,9915 total (1321 in the last 30 days)
rio-orphans,1, at Tue Jun 19 15:30:59 UTC 2018,1670 total (161 in the last 30 days)
rio-prettyprint,0, at Sat Jun  8 21:42:29 UTC 2019,1038 total (144 in the last 30 days)
roc-id,0, at Sat Dec  8 06:54:40 UTC 2018,443 total (70 in the last 30 days)
rocksdb-haskell,2, at Sun Dec  3 13:15:11 UTC 2017,5601 total (110 in the last 30 days)
rocksdb-query,7, at Wed Jan 15 17:11:46 UTC 2020,2063 total (223 in the last 30 days)
roles,0, at Mon Oct 16 03:11:45 UTC 2017,792 total (44 in the last 30 days)
rope-utf16-splay,2, at Mon May  6 21:34:28 UTC 2019,2089 total (230 in the last 30 days)
rosezipper,1, at Sun Jun  6 23:13:01 UTC 2010,4137 total (103 in the last 30 days)
rot13,5, at Tue Jul 11 13:21:19 UTC 2017,2867 total (144 in the last 30 days)
rpmbuild-order,3, at Thu Oct 10 08:18:16 UTC 2019,1128 total (104 in the last 30 days)
RSA,23, at Mon Oct 14 17:18:53 UTC 2019,28039 total (891 in the last 30 days)
runmemo,1, at Thu Nov 28 21:16:58 UTC 2013,1895 total (75 in the last 30 days)
rvar,3, at Sun Jun  5 10:31:07 UTC 2016,7758 total (144 in the last 30 days)
s3-signer,4, at Thu May  3 01:53:52 UTC 2018,2635 total (149 in the last 30 days)
safe,19, at Wed Dec  4 10:51:44 UTC 2019,175915 total (1344 in the last 30 days)
safecopy,37, at Wed Oct  2 23:46:19 UTC 2019,42599 total (1186 in the last 30 days)
safe-exceptions,7, at Thu Jan 18 15:32:56 UTC 2018,12141 total (526 in the last 30 days)
safe-exceptions-checked,0, at Sat Jan 28 19:42:52 UTC 2017,1119 total (65 in the last 30 days)
safe-foldable,0, at Wed Jun  6 22:14:25 UTC 2018,552 total (32 in the last 30 days)
safeio,4, at Thu Jan 18 09:09:46 UTC 2018,2434 total (186 in the last 30 days)
safe-json,2, at Thu Dec 26 22:22:02 UTC 2019,558 total (113 in the last 30 days)
safe-money,11, at Mon Jul  1 10:08:44 UTC 2019,4373 total (394 in the last 30 days)
SafeSemaphore,7, at Sat May  3 15:55:47 UTC 2014,29145 total (356 in the last 30 days)
salak,38, at Thu Aug 29 05:26:31 UTC 2019,6157 total (670 in the last 30 days)
salak-toml,17, at Fri Aug 30 02:04:22 UTC 2019,2127 total (301 in the last 30 days)
salak-yaml,17, at Thu Aug 29 05:29:15 UTC 2019,2276 total (350 in the last 30 days)
saltine,10, at Sat Feb 29 11:39:53 UTC 2020,5584 total (408 in the last 30 days)
salve,16, at Fri Nov  8 16:05:28 UTC 2019,5944 total (429 in the last 30 days)
sample-frame,2, at Fri Mar 14 10:36:04 UTC 2014,2719 total (69 in the last 30 days)
sample-frame-np,6, at Sat Mar 25 17:01:47 UTC 2017,4521 total (203 in the last 30 days)
sampling,5, at Mon Apr 16 23:33:46 UTC 2018,2936 total (172 in the last 30 days)
sandman,3, at Tue May 24 07:04:27 UTC 2016,2350 total (135 in the last 30 days)
say,1, at Wed Aug 15 07:56:05 UTC 2018,3450 total (174 in the last 30 days)
sbp,62, at Wed Jun 12 16:58:02 UTC 2019,26634 total (2506 in the last 30 days)
sbv,91, at Sun Feb  9 00:04:20 UTC 2020,43715 total (1072 in the last 30 days)
scalpel,17, at Sun Jan 19 06:12:34 UTC 2020,8920 total (478 in the last 30 days)
scalpel-core,3, at Sun Jan 19 06:12:33 UTC 2020,2068 total (143 in the last 30 days)
scanf,0, at Sun Mar 18 19:55:48 UTC 2018,522 total (44 in the last 30 days)
scanner,3, at Wed Sep 18 13:58:34 UTC 2019,4161 total (219 in the last 30 days)
scheduler,8, at Thu Feb  6 01:13:37 UTC 2020,2247 total (327 in the last 30 days)
scientific,46, at Mon May  7 23:42:54 UTC 2018,354740 total (1820 in the last 30 days)
scotty,33, at Sat Sep  7 15:27:01 UTC 2019,42757 total (1238 in the last 30 days)
scrypt,12, at Sat Jan 18 16:12:39 UTC 2014,11629 total (340 in the last 30 days)
sdl2,25, at Tue Feb  4 19:45:47 UTC 2020,17847 total (877 in the last 30 days)
sdl2-gfx,0, at Fri Oct 21 21:46:10 UTC 2016,802 total (43 in the last 30 days)
sdl2-image,5, at Mon Jan 16 22:32:55 UTC 2017,4437 total (203 in the last 30 days)
sdl2-mixer,1, at Mon Dec 25 04:41:52 UTC 2017,1342 total (104 in the last 30 days)
sdl2-ttf,8, at Wed Mar  4 00:06:50 UTC 2020,5462 total (366 in the last 30 days)
secp256k1-haskell,8, at Wed Jan 15 19:28:53 UTC 2020,1951 total (201 in the last 30 days)
securemem,10, at Tue Feb 27 05:39:40 UTC 2018,108640 total (501 in the last 30 days)
selda,32, at Mon Jan 20 18:37:44 UTC 2020,9415 total (224 in the last 30 days)
selda-json,1, at Sat Sep 21 12:45:03 UTC 2019,458 total (79 in the last 30 days)
selda-postgresql,15, at Mon Jan 20 18:18:54 UTC 2020,6327 total (428 in the last 30 days)
selda-sqlite,12, at Mon Jan 20 18:18:40 UTC 2020,5248 total (311 in the last 30 days)
selective,3, at Mon Feb 24 01:09:51 UTC 2020,1027 total (214 in the last 30 days)
semialign,1, at Mon Oct 21 10:45:41 UTC 2019,1383 total (240 in the last 30 days)
semigroupoid-extras,18, at Fri May 15 07:00:20 UTC 2015,16907 total (552 in the last 30 days)
semigroupoids,56, at Tue Nov 26 14:05:12 UTC 2019,235107 total (2377 in the last 30 days)
semigroups,61, at Tue Aug 27 13:06:27 UTC 2019,414086 total (3206 in the last 30 days)
semirings,19, at Tue Feb 18 19:39:38 UTC 2020,6046 total (797 in the last 30 days)
semiring-simple,4, at Mon Mar 28 13:44:47 UTC 2016,2980 total (173 in the last 30 days)
semver,10, at Tue May 14 06:53:04 UTC 2019,9247 total (353 in the last 30 days)
sendfile,20, at Mon May 27 13:07:59 UTC 2019,26340 total (625 in the last 30 days)
seqalign,5, at Fri Jul  3 13:39:33 UTC 2015,2380 total (65 in the last 30 days)
serf,1, at Thu May 21 13:55:19 UTC 2015,1512 total (49 in the last 30 days)
serialise,3, at Mon Dec 30 00:37:14 UTC 2019,4016 total (376 in the last 30 days)
servant,40, at Thu Jan 23 12:16:46 UTC 2020,40208 total (1615 in the last 30 days)
servant-auth,10, at Mon Jun 18 15:14:46 UTC 2018,5426 total (421 in the last 30 days)
servant-auth-docs,9, at Mon Jun 18 15:47:02 UTC 2018,4297 total (348 in the last 30 days)
servant-auth-server,23, at Thu Feb  6 05:26:36 UTC 2020,8675 total (650 in the last 30 days)
servant-auth-swagger,5, at Mon Jun 18 15:46:50 UTC 2018,2935 total (264 in the last 30 days)
servant-auth-wordpress,1, at Fri Mar  1 19:20:21 UTC 2019,567 total (58 in the last 30 days)
servant-blaze,18, at Fri Feb  1 10:08:11 UTC 2019,15318 total (530 in the last 30 days)
servant-cassava,10, at Sat Nov 25 18:39:42 UTC 2017,5919 total (254 in the last 30 days)
servant-checked-exceptions,12, at Mon Jul  8 01:58:32 UTC 2019,5726 total (364 in the last 30 days)
servant-checked-exceptions-core,2, at Mon Jul  8 01:58:19 UTC 2019,957 total (117 in the last 30 days)
servant-cli,2, at Tue Nov 19 06:03:55 UTC 2019,558 total (93 in the last 30 days)
servant-client,36, at Thu Jan 23 12:16:51 UTC 2020,26437 total (1325 in the last 30 days)
servant-client-core,7, at Thu Jan 23 12:16:54 UTC 2020,5614 total (501 in the last 30 days)
servant-conduit,0, at Tue Nov 13 16:37:04 UTC 2018,473 total (59 in the last 30 days)
servant-docs,35, at Thu Jan 23 12:16:59 UTC 2020,19663 total (1036 in the last 30 days)
servant-elm,14, at Thu Oct 31 08:47:52 UTC 2019,5157 total (432 in the last 30 days)
servant-foreign,17, at Thu Jan 23 12:17:02 UTC 2020,8339 total (522 in the last 30 days)
servant-http-streams,2, at Thu Jan 23 12:16:57 UTC 2020,525 total (68 in the last 30 days)
servant-js,14, at Thu Jan 23 22:42:11 UTC 2020,7260 total (388 in the last 30 days)
servant-JuicyPixels,7, at Wed Sep 25 12:57:51 UTC 2019,3797 total (264 in the last 30 days)
servant-kotlin,13, at Wed Sep  4 12:30:04 UTC 2019,4073 total (470 in the last 30 days)
servant-lucid,20, at Thu Jan 23 20:12:47 UTC 2020,10798 total (593 in the last 30 days)
servant-machines,0, at Tue Nov 13 16:37:07 UTC 2018,427 total (56 in the last 30 days)
servant-mock,19, at Thu Jan 23 21:13:19 UTC 2020,9377 total (630 in the last 30 days)
servant-multipart,7, at Thu Jan 23 20:50:32 UTC 2020,7044 total (273 in the last 30 days)
servant-pipes,1, at Sun Sep 15 11:18:33 UTC 2019,541 total (64 in the last 30 days)
servant-rawm,6, at Mon Sep  2 00:26:13 UTC 2019,2491 total (216 in the last 30 days)
servant-ruby,14, at Wed Dec  5 04:54:08 UTC 2018,6018 total (565 in the last 30 days)
servant-server,40, at Thu Jan 23 12:16:49 UTC 2020,34308 total (1453 in the last 30 days)
servant-static-th,12, at Tue Sep 10 17:17:03 UTC 2019,4221 total (279 in the last 30 days)
servant-swagger,20, at Thu Jan 23 20:18:28 UTC 2020,19031 total (722 in the last 30 days)
servant-swagger-ui,13, at Thu Oct 10 11:57:31 UTC 2019,11140 total (445 in the last 30 days)
servant-swagger-ui-core,3, at Thu May 30 09:53:31 UTC 2019,1798 total (123 in the last 30 days)
servant-swagger-ui-redoc,3, at Thu Oct 10 11:57:34 UTC 2019,1231 total (148 in the last 30 days)
servant-tracing,2, at Fri Apr 27 01:35:08 UTC 2018,941 total (70 in the last 30 days)
servant-xml,5, at Fri May 10 03:16:22 UTC 2019,1644 total (165 in the last 30 days)
servant-yaml,1, at Tue Nov 13 23:31:36 UTC 2018,3553 total (75 in the last 30 days)
serversession,1, at Tue Jun 16 16:41:30 UTC 2015,1527 total (99 in the last 30 days)
serversession-frontend-wai,0, at Mon Jun 15 19:38:27 UTC 2015,915 total (52 in the last 30 days)
servius,18, at Thu Aug  2 05:49:58 UTC 2018,9916 total (470 in the last 30 days)
ses-html,7, at Sat Oct  7 20:32:22 UTC 2017,4339 total (269 in the last 30 days)
set-cover,11, at Sat Aug 31 18:31:49 UTC 2019,6396 total (458 in the last 30 days)
setenv,4, at Sun Jan 11 03:43:13 UTC 2015,124927 total (446 in the last 30 days)
setlocale,11, at Sat Sep 21 20:41:21 UTC 2019,15019 total (415 in the last 30 days)
sexp-grammar,14, at Sun Aug  4 22:00:42 UTC 2019,4522 total (243 in the last 30 days)
sexpr-parser,4, at Thu Aug 22 03:36:14 UTC 2019,1157 total (124 in the last 30 days)
SHA,22, at Thu Mar 15 00:38:32 UTC 2018,119820 total (1317 in the last 30 days)
shake,99, at Sun Feb  2 15:22:03 UTC 2020,98717 total (3130 in the last 30 days)
shake-language-c,17, at Wed Mar 14 21:34:10 UTC 2018,9741 total (468 in the last 30 days)
shakespeare,65, at Mon Jan 27 14:13:40 UTC 2020,94037 total (2353 in the last 30 days)
shared-memory,1, at Thu Nov  8 15:09:10 UTC 2018,1175 total (81 in the last 30 days)
ShellCheck,20, at Mon Jul 29 02:02:14 UTC 2019,32363 total (782 in the last 30 days)
shell-conduit,16, at Fri Mar 30 19:40:53 UTC 2018,10673 total (470 in the last 30 days)
shell-escape,3, at Wed Jul  8 21:05:52 UTC 2015,2974 total (157 in the last 30 days)
shellmet,3, at Sat Sep 28 11:54:13 UTC 2019,895 total (120 in the last 30 days)
shelltestrunner,19, at Sun Jan 14 18:31:36 UTC 2018,15600 total (851 in the last 30 days)
shelly,132, at Thu Aug 29 20:06:08 UTC 2019,103749 total (5139 in the last 30 days)
shikensu,17, at Mon Sep 17 15:27:52 UTC 2018,7259 total (714 in the last 30 days)
shortcut-links,7, at Thu Dec 26 20:00:09 UTC 2019,3394 total (206 in the last 30 days)
should-not-typecheck,5, at Tue Apr 19 07:34:02 UTC 2016,3923 total (196 in the last 30 days)
show-combinators,1, at Fri Jan 11 12:29:05 UTC 2019,1335 total (152 in the last 30 days)
shower,3, at Wed Oct  2 20:28:03 UTC 2019,957 total (139 in the last 30 days)
show-prettyprint,12, at Mon Jul  8 07:27:15 UTC 2019,4765 total (349 in the last 30 days)
siggy-chardust,0, at Fri Jun 22 17:11:26 UTC 2018,583 total (51 in the last 30 days)
signal,5, at Wed Aug  9 08:42:20 UTC 2017,2607 total (124 in the last 30 days)
silently,15, at Sun Jul 21 04:26:24 UTC 2019,70282 total (609 in the last 30 days)
simple,20, at Wed Jul 17 19:39:31 UTC 2019,11746 total (512 in the last 30 days)
simple-cabal,3, at Sat Oct  5 01:56:58 UTC 2019,741 total (157 in the last 30 days)
simple-cmd,8, at Thu Dec 12 11:18:45 UTC 2019,2489 total (299 in the last 30 days)
simple-cmd-args,6, at Thu Feb  6 05:53:59 UTC 2020,1533 total (228 in the last 30 days)
simple-log,36, at Sat Jun 29 00:05:52 UTC 2019,22214 total (1008 in the last 30 days)
simple-reflect,5, at Wed Mar 14 17:57:37 UTC 2018,12745 total (288 in the last 30 days)
simple-sendfile,38, at Thu Oct 24 11:39:31 UTC 2019,117414 total (1512 in the last 30 days)
simple-session,8, at Wed Nov 18 17:02:47 UTC 2015,5066 total (212 in the last 30 days)
simple-templates,6, at Wed Jul 17 19:20:58 UTC 2019,4471 total (222 in the last 30 days)
simple-vec3,17, at Wed Jun 12 13:02:52 UTC 2019,6012 total (641 in the last 30 days)
simplistic-generics,0, at Thu May 16 14:04:34 UTC 2019,279 total (60 in the last 30 days)
since,0, at Thu Nov 16 19:36:03 UTC 2017,657 total (35 in the last 30 days)
singleton-bool,5, at Wed Jun 19 22:04:38 UTC 2019,5858 total (440 in the last 30 days)
singleton-nats,13, at Tue Aug 27 15:27:03 UTC 2019,5788 total (427 in the last 30 days)
singletons,29, at Tue Aug 27 14:34:43 UTC 2019,27781 total (1356 in the last 30 days)
siphash,3, at Fri Dec 14 08:22:55 UTC 2012,5483 total (105 in the last 30 days)
size-based,2, at Fri Oct 19 08:54:03 UTC 2018,1604 total (131 in the last 30 days)
sized-grid,6, at Fri Sep 13 10:14:52 UTC 2019,1951 total (202 in the last 30 days)
skein,27, at Wed Dec 30 19:46:05 UTC 2015,62336 total (968 in the last 30 days)
skews,3, at Mon Mar  2 02:15:41 UTC 2020,991 total (172 in the last 30 days)
skip-var,1, at Mon Dec 24 23:01:34 UTC 2018,700 total (84 in the last 30 days)
skylighting,50, at Wed Jan 22 01:55:34 UTC 2020,41568 total (1990 in the last 30 days)
skylighting-core,20, at Wed Jan 22 01:55:26 UTC 2020,13534 total (1135 in the last 30 days)
slack-web,12, at Fri Mar  1 20:42:20 UTC 2019,4345 total (462 in the last 30 days)
smallcheck,18, at Thu Jul  5 09:17:34 UTC 2018,32915 total (879 in the last 30 days)
smallcheck-series,7, at Sun Feb 17 21:04:30 UTC 2019,3694 total (193 in the last 30 days)
smoothie,29, at Tue Feb  4 09:40:19 UTC 2020,13601 total (768 in the last 30 days)
snap-blaze,9, at Sat Mar 18 12:45:23 UTC 2017,8740 total (246 in the last 30 days)
snap-core,74, at Sun Nov 24 01:40:47 UTC 2019,89399 total (2673 in the last 30 days)
snap-server,90, at Fri Feb 15 20:44:31 UTC 2019,95283 total (3148 in the last 30 days)
snowflake,2, at Tue Mar 17 13:44:16 UTC 2015,2273 total (80 in the last 30 days)
soap,26, at Fri Mar 16 13:34:30 UTC 2018,11724 total (203 in the last 30 days)
soap-tls,4, at Fri Mar 16 13:34:54 UTC 2018,3052 total (166 in the last 30 days)
socket-activation,2, at Fri Jan  6 07:24:07 UTC 2017,2271 total (107 in the last 30 days)
socks,14, at Mon Sep 30 12:36:52 UTC 2019,147035 total (981 in the last 30 days)
sop-core,1, at Thu May  9 20:00:52 UTC 2019,3756 total (318 in the last 30 days)
sort,2, at Sat Jun  3 12:56:33 UTC 2017,1931 total (136 in the last 30 days)
sorted-list,12, at Wed Apr 25 10:54:04 UTC 2018,7937 total (478 in the last 30 days)
sourcemap,8, at Sun Dec 20 12:27:57 UTC 2015,14931 total (320 in the last 30 days)
sox,16, at Sun Sep  2 12:00:18 UTC 2018,9628 total (646 in the last 30 days)
soxlib,7, at Sun Sep  2 11:54:57 UTC 2018,4167 total (264 in the last 30 days)
sparse-linear-algebra,28, at Thu Apr  5 20:13:03 UTC 2018,8788 total (312 in the last 30 days)
spatial-math,23, at Tue Aug 21 03:10:52 UTC 2018,12377 total (630 in the last 30 days)
special-values,0, at Thu Nov  9 17:55:47 UTC 2017,754 total (71 in the last 30 days)
speculate,18, at Sat Aug 10 18:44:00 UTC 2019,7427 total (615 in the last 30 days)
speedy-slice,7, at Wed Dec 21 21:15:05 UTC 2016,3916 total (266 in the last 30 days)
sphinx,25, at Wed Oct 26 20:21:41 UTC 2016,15553 total (696 in the last 30 days)
Spintax,7, at Sun Mar  8 13:59:24 UTC 2020,3672 total (315 in the last 30 days)
splice,11, at Sat Sep  1 18:44:34 UTC 2012,7667 total (370 in the last 30 days)
split,21, at Sat Feb 22 21:57:25 UTC 2020,195062 total (1462 in the last 30 days)
splitmix,4, at Mon Feb 24 18:49:14 UTC 2020,5574 total (752 in the last 30 days)
spoon,3, at Mon Jun 17 04:21:54 UTC 2013,6889 total (168 in the last 30 days)
spreadsheet,13, at Sun Sep  2 12:10:42 UTC 2018,8148 total (534 in the last 30 days)
sqlite-simple,30, at Sat Mar  7 19:02:56 UTC 2020,23226 total (1601 in the last 30 days)
sqlite-simple-errors,6, at Wed Mar 28 02:47:56 UTC 2018,3197 total (209 in the last 30 days)
sql-words,14, at Tue May 14 02:42:40 UTC 2019,8799 total (437 in the last 30 days)
srcloc,14, at Fri Mar 30 20:33:43 UTC 2018,14162 total (546 in the last 30 days)
stache,21, at Sat Mar  7 14:12:35 UTC 2020,10535 total (840 in the last 30 days)
stack,46, at Tue Jul 16 19:39:52 UTC 2019,39864 total (1481 in the last 30 days)
starter,3, at Sat Jun 23 06:51:47 UTC 2018,1394 total (131 in the last 30 days)
state-codes,3, at Tue Oct 17 00:51:59 UTC 2017,1967 total (107 in the last 30 days)
stateref,1, at Thu Nov 19 17:27:06 UTC 2009,7432 total (150 in the last 30 days)
statestack,6, at Thu Nov 14 04:02:54 UTC 2019,13971 total (325 in the last 30 days)
StateVar,10, at Mon Jun  3 02:23:13 UTC 2019,74368 total (919 in the last 30 days)
static-text,5, at Fri Feb 21 16:34:07 UTC 2020,1640 total (234 in the last 30 days)
statistics,57, at Sun Jan  5 14:07:54 UTC 2020,78588 total (2351 in the last 30 days)
stb-image-redux,10, at Tue Dec 26 01:06:27 UTC 2017,4760 total (288 in the last 30 days)
step-function,6, at Mon May 21 15:58:55 UTC 2018,3327 total (217 in the last 30 days)
stm,17, at Sat Sep 22 10:51:39 UTC 2018,325209 total (1187 in the last 30 days)
stm-chans,13, at Sat May 30 05:58:50 UTC 2015,73514 total (605 in the last 30 days)
stm-conduit,37, at Thu Sep 27 10:18:55 UTC 2018,25431 total (1372 in the last 30 days)
stm-delay,2, at Sun Sep 14 06:47:53 UTC 2014,8151 total (251 in the last 30 days)
stm-extras,4, at Sun Oct  8 10:12:53 UTC 2017,1872 total (146 in the last 30 days)
stm-split,5, at Sat Sep 22 18:07:37 UTC 2018,3225 total (291 in the last 30 days)
stopwatch,6, at Wed May  1 02:07:03 UTC 2019,3029 total (198 in the last 30 days)
storable-complex,4, at Mon Nov  5 17:46:01 UTC 2018,16376 total (282 in the last 30 days)
storable-record,10, at Tue Feb  4 09:29:19 UTC 2020,13564 total (620 in the last 30 days)
storable-tuple,5, at Tue Oct  3 18:21:25 UTC 2017,8912 total (407 in the last 30 days)
storablevector,27, at Sat Feb 17 17:57:32 UTC 2018,16801 total (1095 in the last 30 days)
store,25, at Sat Feb  8 05:54:50 UTC 2020,17802 total (875 in the last 30 days)
store-core,9, at Wed Oct 23 05:09:27 UTC 2019,10776 total (382 in the last 30 days)
Strafunski-StrategyLib,10, at Sun Mar 11 12:00:21 UTC 2018,8984 total (314 in the last 30 days)
stratosphere,77, at Mon Mar  9 21:20:21 UTC 2020,29001 total (2988 in the last 30 days)
streaming,38, at Tue Sep 24 16:28:10 UTC 2019,21419 total (1137 in the last 30 days)
streaming-attoparsec,1, at Fri May 10 03:50:37 UTC 2019,884 total (71 in the last 30 days)
streaming-bytestring,21, at Thu Apr  5 17:11:21 UTC 2018,11660 total (640 in the last 30 days)
streaming-cassava,1, at Tue Jan 23 04:21:11 UTC 2018,1042 total (81 in the last 30 days)
streaming-commons,44, at Sun Jan  5 12:27:40 UTC 2020,205083 total (2135 in the last 30 days)
streaming-wai,1, at Mon Nov 30 05:51:34 UTC 2015,1053 total (44 in the last 30 days)
streamly,14, at Thu Feb 20 14:50:35 UTC 2020,4974 total (726 in the last 30 days)
streamproc,7, at Fri Apr  5 20:39:29 UTC 2013,5375 total (347 in the last 30 days)
streams,32, at Wed Jun 15 23:04:20 UTC 2016,20447 total (855 in the last 30 days)
strict,4, at Fri Mar  7 14:48:06 UTC 2008,58408 total (341 in the last 30 days)
strict-base-types,9, at Sun Feb 11 14:05:09 UTC 2018,7291 total (386 in the last 30 days)
strict-concurrency,8, at Tue Oct  9 12:52:40 UTC 2018,7492 total (279 in the last 30 days)
strict-list,6, at Mon Sep  9 09:50:23 UTC 2019,2630 total (398 in the last 30 days)
stringbuilder,5, at Thu Feb  8 17:47:37 UTC 2018,15129 total (303 in the last 30 days)
string-class,6, at Tue Feb 13 12:15:13 UTC 2018,4426 total (303 in the last 30 days)
string-combinators,10, at Fri Jun 13 12:24:54 UTC 2014,7061 total (253 in the last 30 days)
string-conv,2, at Wed Jun 22 23:17:13 UTC 2016,3894 total (150 in the last 30 days)
string-conversions,8, at Fri Dec 30 04:34:33 UTC 2016,23197 total (510 in the last 30 days)
string-interpolate,3, at Mon Dec 16 23:06:41 UTC 2019,931 total (113 in the last 30 days)
string-qq,1, at Tue Sep 24 03:49:06 UTC 2019,12483 total (174 in the last 30 days)
stringsearch,16, at Sat Mar 28 23:05:19 UTC 2015,79292 total (705 in the last 30 days)
string-transform,7, at Tue Jul  2 05:05:27 UTC 2019,2320 total (182 in the last 30 days)
stripe-concepts,2, at Tue Oct  1 02:17:39 UTC 2019,670 total (67 in the last 30 days)
stripe-scotty,0, at Thu Dec 20 06:31:13 UTC 2018,366 total (38 in the last 30 days)
stripe-signature,1, at Sun May 19 02:28:49 UTC 2019,554 total (61 in the last 30 days)
stripe-wreq,1, at Tue Oct  1 02:17:45 UTC 2019,475 total (59 in the last 30 days)
strive,34, at Fri Nov  8 16:10:10 UTC 2019,14419 total (911 in the last 30 days)
structs,4, at Wed Jan 29 15:19:39 UTC 2020,2156 total (180 in the last 30 days)
structured-cli,21, at Fri Jan 17 10:45:10 UTC 2020,6620 total (574 in the last 30 days)
summoner,12, at Wed Dec 25 17:12:26 UTC 2019,3413 total (454 in the last 30 days)
sum-type-boilerplate,1, at Mon Jul 31 15:45:18 UTC 2017,1228 total (90 in the last 30 days)
sundown,19, at Fri Jan 17 17:15:40 UTC 2014,12039 total (594 in the last 30 days)
superbuffer,4, at Sun May 28 10:09:49 UTC 2017,3542 total (201 in the last 30 days)
sv,8, at Tue Aug 13 05:39:16 UTC 2019,2652 total (244 in the last 30 days)
sv-cassava,2, at Wed Sep 26 04:08:59 UTC 2018,1017 total (71 in the last 30 days)
sv-core,9, at Tue Aug 13 05:38:45 UTC 2019,2568 total (169 in the last 30 days)
svg-builder,3, at Thu May 10 03:09:58 UTC 2018,7802 total (226 in the last 30 days)
SVGFonts,24, at Tue Jan 29 16:48:00 UTC 2019,23117 total (797 in the last 30 days)
svg-tree,23, at Wed Jun 19 19:19:17 UTC 2019,10591 total (697 in the last 30 days)
swagger,4, at Sun Sep 18 21:45:05 UTC 2016,3319 total (152 in the last 30 days)
swagger2,30, at Sat Nov 23 10:49:48 UTC 2019,23720 total (1118 in the last 30 days)
swish,63, at Sat Feb 22 04:38:55 UTC 2020,34736 total (2480 in the last 30 days)
syb,27, at Sat Jun 15 07:54:35 UTC 2019,293110 total (1476 in the last 30 days)
symbol,11, at Thu Oct  9 21:07:31 UTC 2014,13023 total (421 in the last 30 days)
symengine,0, at Fri Jun 10 10:26:45 UTC 2016,837 total (42 in the last 30 days)
sysinfo,1, at Wed May  3 11:07:56 UTC 2017,1381 total (97 in the last 30 days)
system-argv0,1, at Fri Nov 18 06:33:51 UTC 2011,6538 total (92 in the last 30 days)
systemd,14, at Fri Oct 11 18:51:58 UTC 2019,7500 total (437 in the last 30 days)
system-fileio,32, at Wed Sep  5 08:07:02 UTC 2018,88542 total (1382 in the last 30 days)
system-filepath,29, at Thu Jan 18 15:29:20 UTC 2018,112734 total (1024 in the last 30 days)
tabular,11, at Thu Feb 26 09:28:20 UTC 2015,10664 total (412 in the last 30 days)
tagchup,9, at Sun Sep  2 18:50:58 UTC 2018,5537 total (420 in the last 30 days)
tagged,33, at Mon Jul  2 22:54:20 UTC 2018,327496 total (1277 in the last 30 days)
tagged-binary,3, at Mon Jul 31 08:41:04 UTC 2017,2622 total (195 in the last 30 days)
tagged-identity,3, at Sun Jun  9 09:55:10 UTC 2019,1906 total (179 in the last 30 days)
tagged-transformer,16, at Tue Apr 24 17:04:59 UTC 2018,10339 total (453 in the last 30 days)
tagshare,0, at Wed Aug  1 12:07:43 UTC 2012,11126 total (76 in the last 30 days)
tagsoup,37, at Wed May  1 19:45:41 UTC 2019,163755 total (1671 in the last 30 days)
tagstream-conduit,15, at Fri Sep  5 04:04:27 UTC 2014,36885 total (423 in the last 30 days)
tao,0, at Tue Mar 20 00:52:49 UTC 2018,501 total (42 in the last 30 days)
tao-example,0, at Tue Mar 20 00:57:14 UTC 2018,510 total (34 in the last 30 days)
tar,22, at Mon Aug 26 09:45:52 UTC 2019,113965 total (1389 in the last 30 days)
tar-conduit,11, at Tue Jan 15 15:12:26 UTC 2019,5400 total (423 in the last 30 days)
tardis,2, at Mon Apr 25 21:49:25 UTC 2016,2634 total (113 in the last 30 days)
tasty,57, at Sun Jun  9 19:08:41 UTC 2019,105758 total (2656 in the last 30 days)
tasty-ant-xml,23, at Sat Mar  2 14:29:06 UTC 2019,17715 total (936 in the last 30 days)
tasty-dejafu,31, at Sun Mar 24 03:09:37 UTC 2019,10654 total (817 in the last 30 days)
tasty-discover,18, at Tue Jun  5 23:35:01 UTC 2018,8143 total (568 in the last 30 days)
tasty-expected-failure,7, at Thu Aug 29 08:37:58 UTC 2019,5067 total (405 in the last 30 days)
tasty-golden,23, at Fri Feb 21 12:50:11 UTC 2020,28838 total (1565 in the last 30 days)
tasty-hedgehog,6, at Wed Jan 15 22:01:59 UTC 2020,4410 total (342 in the last 30 days)
tasty-hspec,13, at Thu Nov 15 23:24:51 UTC 2018,13123 total (439 in the last 30 days)
tasty-hunit,11, at Wed May 15 05:50:40 UTC 2019,54663 total (741 in the last 30 days)
tasty-kat,2, at Tue Jan 20 18:22:25 UTC 2015,3377 total (127 in the last 30 days)
tasty-leancheck,0, at Fri Sep  7 13:32:36 UTC 2018,452 total (53 in the last 30 days)
tasty-lua,5, at Sun Jan 26 16:07:41 UTC 2020,1349 total (248 in the last 30 days)
tasty-program,4, at Wed Jul 13 15:17:30 UTC 2016,3189 total (151 in the last 30 days)
tasty-quickcheck,17, at Fri Jan 31 16:09:19 UTC 2020,47689 total (833 in the last 30 days)
tasty-silver,20, at Fri Jul 12 06:48:56 UTC 2019,13576 total (555 in the last 30 days)
tasty-smallcheck,4, at Thu Nov 26 17:48:05 UTC 2015,14734 total (285 in the last 30 days)
tasty-th,8, at Mon Apr 10 16:07:32 UTC 2017,13471 total (254 in the last 30 days)
TCache,36, at Sat Feb 11 21:56:51 UTC 2017,27864 total (1535 in the last 30 days)
tce-conf,2, at Mon Oct 10 14:36:42 UTC 2016,1522 total (111 in the last 30 days)
tcp-streams,11, at Mon Jan 21 06:41:01 UTC 2019,5699 total (397 in the last 30 days)
tcp-streams-openssl,2, at Wed Jul 26 07:07:21 UTC 2017,1558 total (143 in the last 30 days)
tdigest,3, at Thu Jul  5 16:11:28 UTC 2018,2233 total (117 in the last 30 days)
template-haskell,16, at Sun Sep  1 08:28:40 UTC 2019,36373 total (717 in the last 30 days)
template-toolkit,1, at Mon Dec  3 16:20:25 UTC 2018,842 total (86 in the last 30 days)
temporary,16, at Tue Apr 10 14:21:43 UTC 2018,153292 total (1051 in the last 30 days)
temporary-rc,0, at Fri May  9 12:28:37 UTC 2014,6030 total (88 in the last 30 days)
temporary-resourcet,1, at Sat Aug 11 15:41:03 UTC 2018,1718 total (63 in the last 30 days)
tensorflow-test,0, at Wed May 10 22:33:18 UTC 2017,769 total (49 in the last 30 days)
tensors,4, at Wed Apr  3 00:21:23 UTC 2019,1518 total (231 in the last 30 days)
termbox,1, at Sat Jun 22 13:49:01 UTC 2019,570 total (42 in the last 30 days)
terminal-progress-bar,13, at Sat Jun 15 15:08:01 UTC 2019,9999 total (425 in the last 30 days)
terminal-size,6, at Sun Nov  1 15:10:47 UTC 2015,23139 total (457 in the last 30 days)
terminfo,26, at Thu Jan 17 05:12:36 UTC 2019,74041 total (1094 in the last 30 days)
test-framework,30, at Sat Dec 30 17:50:01 UTC 2017,92211 total (1008 in the last 30 days)
test-framework-hunit,10, at Fri Sep  4 15:42:27 UTC 2015,63372 total (385 in the last 30 days)
test-framework-leancheck,0, at Sat Sep  8 18:35:51 UTC 2018,453 total (59 in the last 30 days)
test-framework-quickcheck2,21, at Mon Sep  3 17:10:03 UTC 2018,56017 total (634 in the last 30 days)
test-framework-smallcheck,2, at Tue Feb 19 15:41:11 UTC 2013,3733 total (118 in the last 30 days)
test-framework-th,6, at Sun Dec  2 12:03:35 UTC 2012,15779 total (235 in the last 30 days)
testing-feat,10, at Sat May 26 18:05:28 UTC 2018,16028 total (332 in the last 30 days)
testing-type-modifiers,1, at Wed Jul  1 09:26:43 UTC 2015,1471 total (75 in the last 30 days)
texmath,97, at Sat Feb 15 06:16:04 UTC 2020,140300 total (4685 in the last 30 days)
text,70, at Sat Aug 10 10:33:33 UTC 2019,545330 total (3083 in the last 30 days)
text-binary,3, at Thu Sep 29 09:59:40 UTC 2016,12567 total (343 in the last 30 days)
text-builder,24, at Thu Oct 24 00:23:15 UTC 2019,8510 total (729 in the last 30 days)
text-conversions,2, at Thu Jun  9 20:32:26 UTC 2016,2890 total (328 in the last 30 days)
text-format,13, at Wed Jul 25 16:49:04 UTC 2018,24179 total (570 in the last 30 days)
text-icu,19, at Fri Jan  9 04:58:03 UTC 2015,31610 total (737 in the last 30 days)
text-latin1,3, at Fri Mar  9 13:08:05 UTC 2018,5419 total (215 in the last 30 days)
text-ldap,14, at Sat Aug 25 08:36:31 UTC 2018,6900 total (416 in the last 30 days)
textlocal,5, at Mon Dec 26 12:13:11 UTC 2016,2722 total (190 in the last 30 days)
text-manipulate,7, at Fri Apr 17 09:20:21 UTC 2015,5067 total (209 in the last 30 days)
text-metrics,2, at Tue Jun 13 10:07:24 UTC 2017,6912 total (296 in the last 30 days)
text-postgresql,6, at Sat Jun 23 04:44:07 UTC 2018,3361 total (203 in the last 30 days)
text-printer,4, at Sat Jul  6 15:53:55 UTC 2019,5605 total (223 in the last 30 days)
text-region,4, at Mon May 21 18:31:27 UTC 2018,6213 total (172 in the last 30 days)
text-short,3, at Sat Jul 20 15:40:06 UTC 2019,11000 total (437 in the last 30 days)
text-show,42, at Fri Feb 28 11:47:45 UTC 2020,31937 total (2016 in the last 30 days)
text-show-instances,27, at Fri Nov  8 13:30:00 UTC 2019,15408 total (829 in the last 30 days)
text-zipper,18, at Sat Sep  9 23:07:15 UTC 2017,13610 total (634 in the last 30 days)
tfp,12, at Sat Jan  5 11:15:32 UTC 2019,7341 total (382 in the last 30 days)
tf-random,4, at Wed Apr  9 13:57:37 UTC 2014,229893 total (431 in the last 30 days)
th-abstraction,19, at Thu Feb  6 17:55:04 UTC 2020,68204 total (1512 in the last 30 days)
th-data-compat,9, at Wed Aug  7 05:02:18 UTC 2019,4610 total (314 in the last 30 days)
th-desugar,22, at Tue Aug 27 14:06:52 UTC 2019,25898 total (1098 in the last 30 days)
these,19, at Fri Jul 26 08:19:44 UTC 2019,19348 total (1019 in the last 30 days)
th-expand-syns,16, at Thu Aug 29 21:52:40 UTC 2019,34096 total (865 in the last 30 days)
th-extras,2, at Sat May 14 22:01:27 UTC 2016,8564 total (177 in the last 30 days)
th-lift,25, at Fri Dec  6 16:41:55 UTC 2019,60421 total (1426 in the last 30 days)
th-lift-instances,15, at Tue Aug 13 20:13:48 UTC 2019,28769 total (883 in the last 30 days)
th-nowq,4, at Fri Feb 21 16:48:08 UTC 2020,1314 total (192 in the last 30 days)
th-orphans,26, at Sat Sep 28 14:07:56 UTC 2019,52823 total (1125 in the last 30 days)
th-printf,10, at Thu Sep 12 19:43:51 UTC 2019,4645 total (173 in the last 30 days)
thread-hierarchy,6, at Sun Dec 23 14:57:16 UTC 2018,3011 total (201 in the last 30 days)
thread-local-storage,8, at Sun Jul  1 12:15:51 UTC 2018,4425 total (173 in the last 30 days)
threads,18, at Wed Mar 14 20:17:11 UTC 2018,27596 total (654 in the last 30 days)
threepenny-gui,30, at Tue Dec 24 18:18:53 UTC 2019,20246 total (959 in the last 30 days)
th-reify-compat,5, at Sun Aug 26 12:45:33 UTC 2018,3163 total (210 in the last 30 days)
th-reify-many,11, at Sun Apr 21 15:07:55 UTC 2019,28297 total (716 in the last 30 days)
throttle-io-stream,1, at Sun Sep  3 21:11:24 UTC 2017,1112 total (58 in the last 30 days)
throwable-exceptions,9, at Thu Sep 14 03:36:44 UTC 2017,4321 total (303 in the last 30 days)
th-strict-compat,1, at Sun Sep 24 13:54:54 UTC 2017,1176 total (84 in the last 30 days)
th-test-utils,1, at Fri Sep 27 18:37:28 UTC 2019,429 total (76 in the last 30 days)
th-utilities,9, at Thu Oct 17 03:24:32 UTC 2019,13752 total (559 in the last 30 days)
thyme,24, at Thu Nov 27 04:40:46 UTC 2014,19909 total (711 in the last 30 days)
tile,1, at Thu Oct 26 01:44:25 UTC 2017,1153 total (65 in the last 30 days)
time,34, at Mon May 20 23:19:40 UTC 2019,71212 total (1917 in the last 30 days)
time-compat,6, at Mon May 13 13:13:46 UTC 2019,21762 total (591 in the last 30 days)
timeit,2, at Tue Feb 20 10:51:06 UTC 2018,5004 total (203 in the last 30 days)
timelens,1, at Thu Jun 30 12:56:34 UTC 2016,1233 total (71 in the last 30 days)
time-lens,5, at Thu Jan  4 19:35:57 UTC 2018,4108 total (193 in the last 30 days)
time-locale-compat,7, at Sun Aug 26 12:16:51 UTC 2018,94624 total (572 in the last 30 days)
time-locale-vietnamese,1, at Tue Nov 28 11:10:21 UTC 2017,1092 total (70 in the last 30 days)
time-manager,0, at Tue Jun  4 01:44:37 UTC 2019,2399 total (297 in the last 30 days)
time-parsers,3, at Fri Apr 26 09:30:55 UTC 2019,3951 total (108 in the last 30 days)
time-qq,2, at Wed Jun  7 05:51:41 UTC 2017,1611 total (83 in the last 30 days)
timerep,7, at Wed Jul  6 18:57:55 UTC 2016,4757 total (135 in the last 30 days)
timer-wheel,2, at Sun May 19 19:11:19 UTC 2019,781 total (90 in the last 30 days)
timezone-olson,8, at Wed Mar 14 12:26:01 UTC 2018,12944 total (383 in the last 30 days)
timezone-series,11, at Wed Mar 14 10:41:02 UTC 2018,13510 total (462 in the last 30 days)
tintin,17, at Thu Jan 23 13:44:15 UTC 2020,4951 total (515 in the last 30 days)
tinylog,10, at Sat May  4 12:00:40 UTC 2019,7235 total (325 in the last 30 days)
titlecase,5, at Mon Jul 17 06:54:35 UTC 2017,3802 total (208 in the last 30 days)
tldr,16, at Sun Jan 26 13:38:54 UTC 2020,4980 total (456 in the last 30 days)
tls,88, at Wed Feb 19 07:34:00 UTC 2020,227546 total (4635 in the last 30 days)
tls-debug,20, at Tue Oct 15 01:03:40 UTC 2019,10773 total (530 in the last 30 days)
tls-session-manager,7, at Tue Jan  7 10:32:16 UTC 2020,11168 total (553 in the last 30 days)
tmapchan,3, at Sun May 14 01:14:45 UTC 2017,1977 total (123 in the last 30 days)
tmapmvar,4, at Fri Mar 16 13:40:16 UTC 2018,2207 total (158 in the last 30 days)
tmp-postgres,89, at Sun Dec 29 07:20:55 UTC 2019,16813 total (2561 in the last 30 days)
token-bucket,1, at Sat Dec  6 09:02:34 UTC 2014,2268 total (76 in the last 30 days)
tomland,13, at Wed Nov  6 07:30:17 UTC 2019,4624 total (482 in the last 30 days)
tonalude,1, at Sat Jan 26 15:20:34 UTC 2019,581 total (64 in the last 30 days)
tonaparser,0, at Fri Jan 25 14:39:35 UTC 2019,372 total (45 in the last 30 days)
tonatona,2, at Tue Dec 24 23:14:13 UTC 2019,736 total (139 in the last 30 days)
tonatona-logger,0, at Fri Jan 25 14:39:45 UTC 2019,341 total (33 in the last 30 days)
tonatona-persistent-postgresql,1, at Sun Jan 27 08:23:58 UTC 2019,527 total (83 in the last 30 days)
tonatona-persistent-sqlite,1, at Sun Jan 27 08:24:56 UTC 2019,544 total (82 in the last 30 days)
tonatona-servant,3, at Mon Dec 30 07:55:21 UTC 2019,824 total (105 in the last 30 days)
torsor,0, at Mon Oct 23 00:38:51 UTC 2017,928 total (72 in the last 30 days)
tostring,3, at Mon Jan 26 11:00:03 UTC 2015,4834 total (107 in the last 30 days)
TotalMap,1, at Fri Sep 13 09:13:13 UTC 2019,631 total (69 in the last 30 days)
tracing,9, at Wed Jun 12 14:24:31 UTC 2019,1984 total (389 in the last 30 days)
transaction,4, at Wed Mar 28 14:28:12 UTC 2018,1627 total (169 in the last 30 days)
transformers,30, at Sat Feb  2 01:03:26 UTC 2019,318501 total (1130 in the last 30 days)
transformers-base,11, at Sat Mar 31 21:50:42 UTC 2018,258074 total (829 in the last 30 days)
transformers-bifunctors,0, at Sun Jul 16 09:29:49 UTC 2017,1254 total (48 in the last 30 days)
transformers-compat,33, at Sat May 11 19:38:39 UTC 2019,326900 total (1667 in the last 30 days)
transformers-fix,0, at Sat Mar 10 04:10:53 UTC 2018,574 total (56 in the last 30 days)
traverse-with-class,9, at Fri Nov  8 09:22:04 UTC 2019,11497 total (316 in the last 30 days)
tree-diff,5, at Wed May 29 07:46:25 UTC 2019,3570 total (288 in the last 30 days)
tree-fun,0, at Tue Feb  9 17:48:23 UTC 2016,1440 total (58 in the last 30 days)
trifecta,88, at Sat Sep  7 00:01:47 UTC 2019,89295 total (3781 in the last 30 days)
triplesec,6, at Thu Jun 27 01:26:26 UTC 2019,2834 total (197 in the last 30 days)
trivial-constraint,6, at Fri Jul 12 10:06:12 UTC 2019,3365 total (298 in the last 30 days)
true-name,6, at Thu Aug 24 08:53:57 UTC 2017,4486 total (305 in the last 30 days)
tsv2csv,2, at Wed Apr 12 18:01:09 UTC 2017,1869 total (134 in the last 30 days)
ttl-hashtables,10, at Mon Sep 23 20:11:52 UTC 2019,2779 total (362 in the last 30 days)
ttrie,5, at Sat Nov  7 22:33:36 UTC 2015,2999 total (132 in the last 30 days)
tuple,6, at Sun Sep  7 15:20:46 UTC 2014,16130 total (281 in the last 30 days)
tuples-homogenous-h98,1, at Mon Sep  9 08:53:56 UTC 2013,1723 total (96 in the last 30 days)
tuple-sop,4, at Sun Jun 24 14:12:11 UTC 2018,1632 total (175 in the last 30 days)
tuple-th,5, at Sun Jun 28 13:29:51 UTC 2015,6553 total (185 in the last 30 days)
turtle,45, at Tue Mar 10 15:08:03 UTC 2020,26712 total (2018 in the last 30 days)
TypeCompose,29, at Wed Nov  7 17:39:07 UTC 2018,26939 total (918 in the last 30 days)
typed-process,10, at Wed Jul  3 04:59:56 UTC 2019,15845 total (770 in the last 30 days)
type-errors,1, at Wed Jul  3 18:07:59 UTC 2019,949 total (139 in the last 30 days)
type-errors-pretty,1, at Tue Oct 15 14:51:49 UTC 2019,715 total (144 in the last 30 days)
type-fun,2, at Sat Jun 11 08:45:39 UTC 2016,1978 total (133 in the last 30 days)
type-hint,0, at Tue Jun 17 14:39:43 UTC 2014,3524 total (114 in the last 30 days)
type-level-integers,0, at Thu Apr  6 15:14:28 UTC 2017,808 total (38 in the last 30 days)
type-level-kv-list,1, at Sun Nov  6 14:05:46 UTC 2016,1105 total (87 in the last 30 days)
type-level-numbers,6, at Thu Oct 17 12:20:04 UTC 2013,5640 total (204 in the last 30 days)
typelits-witnesses,14, at Fri Jun 21 00:34:04 UTC 2019,5849 total (334 in the last 30 days)
type-map,6, at Thu Jan  3 12:20:20 UTC 2019,2517 total (259 in the last 30 days)
typenums,5, at Wed Oct 24 17:29:43 UTC 2018,1644 total (193 in the last 30 days)
type-of-html,29, at Mon Jan 20 17:06:15 UTC 2020,10577 total (889 in the last 30 days)
type-of-html-static,1, at Wed May  2 10:15:13 UTC 2018,731 total (47 in the last 30 days)
type-operators,4, at Sat Mar  9 13:39:26 UTC 2019,6362 total (248 in the last 30 days)
typerep-map,5, at Wed Mar 27 11:27:05 UTC 2019,1246 total (115 in the last 30 days)
type-spec,4, at Mon Jan 21 18:51:07 UTC 2019,2448 total (205 in the last 30 days)
tz,19, at Wed Nov 20 19:52:31 UTC 2019,15239 total (635 in the last 30 days)
tzdata,14, at Mon Jan  6 11:38:57 UTC 2020,11820 total (553 in the last 30 days)
ua-parser,11, at Wed Aug  1 19:48:56 UTC 2018,6130 total (371 in the last 30 days)
ucam-webauth,0, at Sun Dec  9 20:53:22 UTC 2018,364 total (44 in the last 30 days)
ucam-webauth-types,0, at Sun Dec  9 20:52:25 UTC 2018,324 total (26 in the last 30 days)
uglymemo,1, at Tue Oct  4 16:00:44 UTC 2011,3369 total (147 in the last 30 days)
unagi-chan,13, at Thu Oct 17 15:57:25 UTC 2019,8979 total (511 in the last 30 days)
unbounded-delays,11, at Fri May  5 01:37:16 UTC 2017,71295 total (576 in the last 30 days)
unbound-generics,14, at Tue Sep 18 01:52:11 UTC 2018,9076 total (680 in the last 30 days)
unboxed-ref,4, at Mon Jul 17 09:46:39 UTC 2017,2360 total (91 in the last 30 days)
unboxing-vector,1, at Mon Jul  1 06:40:34 UTC 2019,484 total (86 in the last 30 days)
uncertain,2, at Sun May 22 09:17:42 UTC 2016,1749 total (89 in the last 30 days)
unconstrained,2, at Thu Jan 25 18:51:55 UTC 2018,1409 total (114 in the last 30 days)
unicode,2, at Sun Sep  2 16:17:40 UTC 2018,1616 total (114 in the last 30 days)
unicode-show,4, at Sun Dec 22 09:47:49 UTC 2019,3202 total (243 in the last 30 days)
unicode-transforms,9, at Fri Jun 14 05:00:50 UTC 2019,12959 total (820 in the last 30 days)
unification-fd,7, at Sat May 30 06:01:20 UTC 2015,6343 total (362 in the last 30 days)
union,4, at Sat Oct 13 20:36:53 UTC 2018,2999 total (137 in the last 30 days)
union-find,1, at Sat Jun 23 01:01:23 UTC 2012,13555 total (95 in the last 30 days)
uniplate,22, at Sat Oct 26 21:17:05 UTC 2013,135170 total (931 in the last 30 days)
uniprot-kb,5, at Thu Apr 26 12:53:39 UTC 2018,1870 total (249 in the last 30 days)
uniq-deep,2, at Fri Nov  1 02:25:54 UTC 2019,1194 total (96 in the last 30 days)
unique,0, at Mon Sep 28 00:28:11 UTC 2015,2323 total (111 in the last 30 days)
unique-logic,2, at Sat Feb 17 22:48:49 UTC 2018,1811 total (175 in the last 30 days)
unique-logic-tf,8, at Tue Jan 22 12:03:42 UTC 2019,4080 total (347 in the last 30 days)
unit-constraint,0, at Fri Apr  8 00:39:43 UTC 2016,847 total (68 in the last 30 days)
universe,14, at Thu Sep 12 13:37:24 UTC 2019,8290 total (407 in the last 30 days)
universe-base,5, at Sat Jun 29 17:30:21 UTC 2019,4840 total (300 in the last 30 days)
universe-dependent-sum,2, at Thu Sep 12 13:36:56 UTC 2019,630 total (77 in the last 30 days)
universe-instances-base,1, at Mon Apr 15 18:13:27 UTC 2019,2329 total (97 in the last 30 days)
universe-instances-extended,3, at Tue Sep 10 06:23:25 UTC 2019,2219 total (115 in the last 30 days)
universe-instances-trans,2, at Mon Apr 15 18:13:29 UTC 2019,2228 total (86 in the last 30 days)
universe-reverse-instances,1, at Mon Apr 15 18:13:17 UTC 2019,2792 total (124 in the last 30 days)
universum,36, at Wed Nov 20 13:49:53 UTC 2019,14388 total (383 in the last 30 days)
unix,20, at Wed Jul 19 22:24:21 UTC 2017,60395 total (962 in the last 30 days)
unix-bytestring,11, at Sat May 30 06:03:21 UTC 2015,11106 total (360 in the last 30 days)
unix-compat,26, at Fri Aug  9 20:56:41 UTC 2019,182372 total (1164 in the last 30 days)
unix-time,35, at Tue Jun 18 07:47:17 UTC 2019,92642 total (1423 in the last 30 days)
unliftio,16, at Sun Mar  1 09:08:35 UTC 2020,12437 total (1051 in the last 30 days)
unliftio-core,4, at Mon Mar  2 13:19:27 UTC 2020,16858 total (656 in the last 30 days)
unliftio-pool,3, at Mon May 28 13:58:19 UTC 2018,1323 total (154 in the last 30 days)
unliftio-streams,1, at Sat Apr 13 19:02:03 UTC 2019,630 total (58 in the last 30 days)
unlit,10, at Sun Dec 18 00:32:12 UTC 2016,5907 total (275 in the last 30 days)
unordered-containers,29, at Fri Jan 18 17:16:16 UTC 2019,380632 total (1578 in the last 30 days)
unordered-intmap,1, at Sun Jul  1 13:28:53 UTC 2018,1003 total (74 in the last 30 days)
unsafe,0, at Sun Apr 21 09:58:44 UTC 2013,4089 total (224 in the last 30 days)
uri-bytestring,30, at Fri Oct 11 19:03:43 UTC 2019,32161 total (955 in the last 30 days)
uri-bytestring-aeson,7, at Thu Nov  1 12:07:02 UTC 2018,4248 total (300 in the last 30 days)
uri-encode,4, at Wed Aug 24 17:41:58 UTC 2016,11048 total (406 in the last 30 days)
uri-templater,5, at Sat Sep  2 04:59:16 UTC 2017,3556 total (163 in the last 30 days)
url,5, at Mon Mar 19 21:09:33 UTC 2012,11483 total (234 in the last 30 days)
urlpath,42, at Sat Nov  3 01:10:29 UTC 2018,14940 total (538 in the last 30 days)
users,4, at Tue Feb 23 11:35:23 UTC 2016,3075 total (169 in the last 30 days)
users-postgresql-simple,7, at Sun May 22 09:50:18 UTC 2016,4106 total (265 in the last 30 days)
users-test,5, at Sun May 22 09:50:25 UTC 2016,3163 total (182 in the last 30 days)
utf8-light,6, at Tue Oct 15 11:46:01 UTC 2013,16572 total (264 in the last 30 days)
utf8-string,14, at Sun Aug 23 16:19:53 UTC 2015,277045 total (849 in the last 30 days)
util,21, at Tue Feb  4 21:58:08 UTC 2020,7451 total (862 in the last 30 days)
utility-ht,15, at Sat Jun  3 09:06:07 UTC 2017,27874 total (762 in the last 30 days)
uuid,35, at Sat Dec 17 19:30:29 UTC 2016,71462 total (1130 in the last 30 days)
uuid-types,3, at Sat Apr  2 19:48:07 UTC 2016,89290 total (423 in the last 30 days)
validation,20, at Wed May  1 06:30:55 UTC 2019,14087 total (709 in the last 30 days)
validity,22, at Mon Feb 10 19:48:28 UTC 2020,9205 total (872 in the last 30 days)
validity-aeson,5, at Mon Feb 10 19:48:32 UTC 2020,2106 total (265 in the last 30 days)
validity-bytestring,8, at Mon Feb 10 19:48:36 UTC 2020,2960 total (357 in the last 30 days)
validity-containers,10, at Mon Feb 10 19:48:39 UTC 2020,3729 total (448 in the last 30 days)
validity-path,8, at Mon Feb 10 19:48:43 UTC 2020,3241 total (414 in the last 30 days)
validity-scientific,5, at Mon Feb 10 19:48:50 UTC 2020,2173 total (248 in the last 30 days)
validity-text,10, at Mon Feb 10 19:48:53 UTC 2020,4188 total (484 in the last 30 days)
validity-time,7, at Mon Feb 10 21:12:59 UTC 2020,2841 total (338 in the last 30 days)
validity-unordered-containers,5, at Mon Feb 10 19:49:02 UTC 2020,2193 total (289 in the last 30 days)
validity-uuid,4, at Mon Feb 10 19:49:07 UTC 2020,1636 total (229 in the last 30 days)
validity-vector,5, at Mon Feb 10 19:49:14 UTC 2020,2233 total (288 in the last 30 days)
valor,1, at Fri Jun 29 21:18:07 UTC 2018,731 total (55 in the last 30 days)
vault,16, at Sat Jul 20 10:46:58 UTC 2019,105658 total (855 in the last 30 days)
vec,5, at Fri Dec 13 13:44:30 UTC 2019,1962 total (201 in the last 30 days)
vector,37, at Sat Feb  1 21:08:10 UTC 2020,349633 total (2070 in the last 30 days)
vector-algorithms,27, at Sun Dec  1 21:32:34 UTC 2019,87103 total (1543 in the last 30 days)
vector-binary-instances,16, at Fri Nov  2 16:49:02 UTC 2018,66656 total (852 in the last 30 days)
vector-buffer,7, at Mon Mar 30 18:05:12 UTC 2015,4957 total (218 in the last 30 days)
vector-builder,15, at Sat Sep 28 17:05:21 UTC 2019,10364 total (661 in the last 30 days)
vector-bytes-instances,1, at Tue May 22 13:59:30 UTC 2018,974 total (61 in the last 30 days)
vector-instances,19, at Sun Jan  8 17:34:26 UTC 2017,26107 total (760 in the last 30 days)
vector-mmap,2, at Fri Jun 30 13:15:07 UTC 2017,2503 total (134 in the last 30 days)
vector-sized,21, at Mon Sep 16 08:32:14 UTC 2019,9990 total (719 in the last 30 days)
vector-space,46, at Tue Jan 22 23:57:57 UTC 2019,58246 total (1760 in the last 30 days)
vector-split,1, at Tue Jan 31 14:12:00 UTC 2017,1259 total (100 in the last 30 days)
vector-th-unbox,14, at Tue Sep 24 12:58:44 UTC 2019,52002 total (593 in the last 30 days)
verbosity,6, at Sun Feb 16 17:32:45 UTC 2020,3028 total (308 in the last 30 days)
versions,24, at Mon Jan 27 01:50:20 UTC 2020,10868 total (875 in the last 30 days)
ViennaRNAParser,14, at Wed Oct 18 21:22:16 UTC 2017,8632 total (380 in the last 30 days)
viewprof,32, at Fri Oct 18 22:21:24 UTC 2019,10996 total (928 in the last 30 days)
vinyl,28, at Sun Feb 23 02:58:23 UTC 2020,18320 total (1323 in the last 30 days)
vivid,17, at Sat Nov 10 22:21:56 UTC 2018,7301 total (85 in the last 30 days)
vivid-osc,2, at Sat Nov 10 20:41:10 UTC 2018,1456 total (90 in the last 30 days)
vivid-supercollider,3, at Fri Dec 21 18:23:22 UTC 2018,1630 total (104 in the last 30 days)
void,25, at Fri May 10 14:01:02 UTC 2019,287634 total (1077 in the last 30 days)
vty,95, at Mon Mar  9 22:38:34 UTC 2020,69744 total (5098 in the last 30 days)
wai,52, at Thu Jun 20 10:43:51 UTC 2019,135504 total (2535 in the last 30 days)
wai-app-static,68, at Wed Jan 15 05:49:39 UTC 2020,87892 total (2142 in the last 30 days)
wai-cli,3, at Sat Feb  9 18:56:08 UTC 2019,1582 total (86 in the last 30 days)
wai-conduit,4, at Mon Mar 19 12:32:02 UTC 2018,5489 total (228 in the last 30 days)
wai-cors,12, at Thu Jun  6 07:15:24 UTC 2019,12273 total (498 in the last 30 days)
wai-enforce-https,2, at Mon Mar  9 09:27:33 UTC 2020,431 total (148 in the last 30 days)
wai-eventsource,17, at Mon Jun  9 07:42:44 UTC 2014,12356 total (526 in the last 30 days)
wai-extra,151, at Mon Feb 17 08:59:40 UTC 2020,169804 total (6663 in the last 30 days)
wai-handler-launch,35, at Sat Jan 18 19:31:00 UTC 2020,21007 total (1029 in the last 30 days)
wai-logger,34, at Fri Oct  4 01:06:33 UTC 2019,96078 total (1391 in the last 30 days)
wai-middleware-auth,7, at Thu Oct 31 23:21:24 UTC 2019,3468 total (187 in the last 30 days)
wai-middleware-caching,2, at Thu Dec 17 15:29:44 UTC 2015,1654 total (93 in the last 30 days)
wai-middleware-crowd,8, at Wed Aug 17 18:08:02 UTC 2016,4521 total (241 in the last 30 days)
wai-middleware-static,23, at Sun Oct 20 11:11:33 UTC 2019,23510 total (674 in the last 30 days)
wai-middleware-throttle,9, at Thu Jun 27 05:02:43 UTC 2019,4439 total (264 in the last 30 days)
wai-middleware-travisci,0, at Sun May 20 19:08:46 UTC 2018,377 total (20 in the last 30 days)
wai-predicates,18, at Sun Aug  6 17:12:26 UTC 2017,10531 total (495 in the last 30 days)
wai-session,6, at Sun May 13 01:35:31 UTC 2018,4288 total (200 in the last 30 days)
wai-session-postgresql,12, at Sat Dec  9 07:55:19 UTC 2017,5704 total (352 in the last 30 days)
wai-slack-middleware,1, at Sat May  6 01:03:06 UTC 2017,1149 total (52 in the last 30 days)
wai-transformers,9, at Thu Mar 22 14:10:30 UTC 2018,3874 total (174 in the last 30 days)
wai-websockets,33, at Mon Mar 19 12:32:07 UTC 2018,32713 total (956 in the last 30 days)
warp,182, at Thu Jan 30 23:28:20 UTC 2020,248879 total (6738 in the last 30 days)
warp-tls,67, at Tue Jan 21 02:29:47 UTC 2020,66298 total (2075 in the last 30 days)
warp-tls-uid,10, at Mon Apr 22 06:04:58 UTC 2019,4516 total (382 in the last 30 days)
wave,6, at Mon Jan 28 21:14:02 UTC 2019,3496 total (278 in the last 30 days)
wcwidth,2, at Mon Apr  4 04:20:26 UTC 2011,5575 total (291 in the last 30 days)
web3,24, at Mon May 13 11:51:28 UTC 2019,8844 total (704 in the last 30 days)
webdriver,44, at Mon Jun 10 22:12:42 UTC 2019,23419 total (1159 in the last 30 days)
webex-teams-api,0, at Wed May 30 04:50:37 UTC 2018,534 total (66 in the last 30 days)
webex-teams-conduit,0, at Wed May 30 05:04:33 UTC 2018,492 total (60 in the last 30 days)
webex-teams-pipes,0, at Wed May 30 05:06:19 UTC 2018,478 total (34 in the last 30 days)
web-routes,26, at Mon Nov 18 20:59:57 UTC 2019,19740 total (710 in the last 30 days)
web-routes-hsp,15, at Fri Dec 18 18:21:36 UTC 2015,10193 total (442 in the last 30 days)
web-routes-wai,15, at Tue Jan 30 22:52:28 UTC 2018,8737 total (601 in the last 30 days)
webrtc-vad,3, at Thu Jul  7 22:21:27 UTC 2016,2492 total (166 in the last 30 days)
websockets,79, at Tue Dec 31 10:57:21 UTC 2019,79485 total (2358 in the last 30 days)
websockets-snap,24, at Mon May  6 11:31:08 UTC 2019,19411 total (689 in the last 30 days)
weeder,22, at Sun Aug 26 12:52:38 UTC 2018,8482 total (834 in the last 30 days)
weigh,17, at Sun Dec  1 18:31:38 UTC 2019,7536 total (726 in the last 30 days)
wide-word,10, at Wed Jan 22 06:14:20 UTC 2020,4514 total (409 in the last 30 days)
wikicfp-scraper,11, at Sun Apr 21 12:23:45 UTC 2019,4743 total (463 in the last 30 days)
wild-bind,11, at Mon Dec 30 09:05:37 UTC 2019,3950 total (347 in the last 30 days)
wild-bind-x11,16, at Mon Dec 30 09:06:42 UTC 2019,5460 total (444 in the last 30 days)
Win32,29, at Tue Dec 31 12:01:40 UTC 2019,20370 total (923 in the last 30 days)
Win32-notify,5, at Tue Sep 12 07:07:39 UTC 2017,10288 total (179 in the last 30 days)
windns,1, at Sat Oct 27 22:34:35 UTC 2018,2797 total (147 in the last 30 days)
winery,13, at Wed Sep 25 03:25:48 UTC 2019,3591 total (428 in the last 30 days)
wire-streams,2, at Tue Sep 27 03:17:55 UTC 2016,2097 total (109 in the last 30 days)
with-location,1, at Wed Mar 16 07:01:09 UTC 2016,2418 total (169 in the last 30 days)
witness,4, at Sun Jun 26 08:08:09 UTC 2016,3006 total (272 in the last 30 days)
wizards,4, at Fri Nov 16 03:04:51 UTC 2018,5464 total (194 in the last 30 days)
wl-pprint-annotated,6, at Mon Aug 13 21:37:03 UTC 2018,6986 total (374 in the last 30 days)
wl-pprint-console,5, at Mon Aug 13 21:24:30 UTC 2018,3399 total (181 in the last 30 days)
wl-pprint-text,9, at Tue Jan 28 12:31:45 UTC 2020,35118 total (653 in the last 30 days)
word24,12, at Tue Oct 25 08:57:16 UTC 2016,7351 total (422 in the last 30 days)
word8,8, at Tue Aug  1 03:35:17 UTC 2017,78582 total (628 in the last 30 days)
wordpress-auth,0, at Sun Dec 23 08:13:43 UTC 2018,357 total (34 in the last 30 days)
word-trie,6, at Sun May 10 18:08:15 UTC 2015,8390 total (208 in the last 30 days)
word-wrap,9, at Mon Aug  7 22:31:21 UTC 2017,8052 total (405 in the last 30 days)
world-peace,2, at Fri Jul 12 02:05:57 UTC 2019,988 total (109 in the last 30 days)
wrap,0, at Fri Feb  6 13:26:00 UTC 2015,1148 total (47 in the last 30 days)
wreq,14, at Thu Jan 24 23:38:32 UTC 2019,23619 total (689 in the last 30 days)
writer-cps-exceptions,1, at Thu Mar  7 14:14:37 UTC 2019,676 total (89 in the last 30 days)
writer-cps-mtl,9, at Thu Mar  7 14:13:02 UTC 2019,8609 total (471 in the last 30 days)
writer-cps-transformers,10, at Mon Apr 29 11:11:23 UTC 2019,9152 total (470 in the last 30 days)
ws,4, at Sat Nov  3 00:57:53 UTC 2018,1869 total (180 in the last 30 days)
wuss,19, at Fri Nov  8 13:37:10 UTC 2019,8486 total (617 in the last 30 days)
X11,24, at Sat Sep 28 20:48:57 UTC 2019,43787 total (1085 in the last 30 days)
X11-xft,3, at Sat Oct  1 06:21:19 UTC 2011,17528 total (262 in the last 30 days)
x11-xim,8, at Thu Sep  4 01:06:31 UTC 2014,4803 total (229 in the last 30 days)
x509,28, at Sun Nov  4 13:30:56 UTC 2018,157336 total (1238 in the last 30 days)
x509-store,13, at Sun Nov  4 13:31:32 UTC 2018,136765 total (859 in the last 30 days)
x509-system,14, at Mon Jul 31 20:27:58 UTC 2017,136909 total (855 in the last 30 days)
x509-validation,22, at Sun Nov  4 13:32:39 UTC 2018,142484 total (1278 in the last 30 days)
Xauth,0, at Tue Jan  6 05:44:37 UTC 2009,1805 total (52 in the last 30 days)
xdg-basedir,3, at Sun Oct 21 03:06:28 UTC 2012,28906 total (291 in the last 30 days)
xdg-userdirs,2, at Thu Jan 31 15:09:37 UTC 2013,1987 total (126 in the last 30 days)
xeno,11, at Wed Mar 11 09:11:11 UTC 2020,4246 total (564 in the last 30 days)
xenstore,1, at Wed Feb 13 15:43:52 UTC 2013,3541 total (64 in the last 30 days)
xhtml,13, at Fri Mar  9 17:07:53 UTC 2018,43790 total (593 in the last 30 days)
xls,2, at Fri Jun 14 05:04:56 UTC 2019,1417 total (151 in the last 30 days)
xlsx,29, at Sun Nov 17 20:52:16 UTC 2019,15252 total (968 in the last 30 days)
xlsx-tabular,10, at Wed Jan 31 13:58:25 UTC 2018,4767 total (443 in the last 30 days)
xml,13, at Mon Feb 23 21:42:48 UTC 2015,153067 total (765 in the last 30 days)
xml-basic,8, at Sun Sep  2 16:36:59 UTC 2018,4978 total (430 in the last 30 days)
xmlbf,8, at Thu Mar  5 20:09:37 UTC 2020,2149 total (243 in the last 30 days)
xmlbf-xeno,2, at Tue Mar 26 14:13:06 UTC 2019,1112 total (100 in the last 30 days)
xml-conduit,74, at Sat Sep 15 09:19:30 UTC 2018,128955 total (2897 in the last 30 days)
xml-conduit-parse,6, at Thu Nov 23 21:52:06 UTC 2017,3586 total (187 in the last 30 days)
xml-conduit-writer,3, at Sat Sep 30 11:19:30 UTC 2017,3319 total (167 in the last 30 days)
xmlgen,8, at Fri Mar 23 19:34:59 UTC 2018,12422 total (293 in the last 30 days)
xml-hamlet,26, at Tue Sep  3 05:10:01 UTC 2019,22429 total (1119 in the last 30 days)
xml-html-qq,1, at Thu Feb  9 02:13:37 UTC 2017,1211 total (102 in the last 30 days)
xml-indexed-cursor,1, at Thu Feb 23 06:15:59 UTC 2017,1157 total (102 in the last 30 days)
xml-isogen,3, at Thu Apr 19 16:08:35 UTC 2018,1842 total (143 in the last 30 days)
xml-lens,10, at Sun Oct  6 10:12:47 UTC 2019,7376 total (327 in the last 30 days)
xml-picklers,10, at Wed Apr  1 17:23:31 UTC 2015,6252 total (291 in the last 30 days)
xml-to-json,6, at Mon Mar 30 21:11:48 UTC 2015,4531 total (203 in the last 30 days)
xml-to-json-fast,2, at Mon Mar 30 21:09:29 UTC 2015,2185 total (130 in the last 30 days)
xml-types,12, at Wed Jul  8 05:24:32 UTC 2015,72171 total (664 in the last 30 days)
xmonad,22, at Sun Sep 30 12:17:10 UTC 2018,36183 total (936 in the last 30 days)
xmonad-contrib,18, at Sun Sep 22 09:49:32 UTC 2019,29877 total (825 in the last 30 days)
xmonad-extras,20, at Sun Oct  6 14:37:35 UTC 2019,12391 total (642 in the last 30 days)
xss-sanitize,26, at Mon Jul  2 05:55:38 UTC 2018,76078 total (1062 in the last 30 days)
xxhash-ffi,3, at Thu Aug 31 09:26:34 UTC 2017,1572 total (103 in the last 30 days)
yaml,114, at Tue Mar 10 04:50:59 UTC 2020,227752 total (5690 in the last 30 days)
yeshql,17, at Tue Jul 17 10:42:57 UTC 2018,7089 total (479 in the last 30 days)
yeshql-core,2, at Sun Oct 14 19:36:30 UTC 2018,1070 total (108 in the last 30 days)
yeshql-hdbc,2, at Sun Oct 14 19:36:24 UTC 2018,1060 total (94 in the last 30 days)
yesod,122, at Sat Jan 25 22:06:35 UTC 2020,115255 total (4242 in the last 30 days)
yesod-alerts,3, at Fri Jun 28 18:17:30 UTC 2019,1494 total (96 in the last 30 days)
yesod-auth,143, at Tue Feb 11 06:55:06 UTC 2020,110883 total (6082 in the last 30 days)
yesod-auth-hashdb,24, at Sat Jan  4 12:31:21 UTC 2020,17027 total (715 in the last 30 days)
yesod-auth-oauth2,40, at Thu Aug 29 21:29:23 UTC 2019,18193 total (1568 in the last 30 days)
yesod-bin,123, at Mon Nov 11 07:49:10 UTC 2019,83762 total (4036 in the last 30 days)
yesod-core,193, at Sun Mar  1 09:02:39 UTC 2020,148700 total (8614 in the last 30 days)
yesod-csp,6, at Sun Mar 31 18:57:57 UTC 2019,2914 total (187 in the last 30 days)
yesod-eventsource,11, at Fri Feb  2 09:44:08 UTC 2018,7334 total (452 in the last 30 days)
yesod-fb,17, at Sun Mar  8 16:48:38 UTC 2020,9317 total (791 in the last 30 days)
yesod-form,102, at Tue Sep 10 08:27:07 UTC 2019,90873 total (3359 in the last 30 days)
yesod-form-bootstrap4,10, at Wed Mar  4 10:04:30 UTC 2020,3377 total (399 in the last 30 days)
yesod-gitrepo,4, at Mon Feb  5 18:14:09 UTC 2018,2912 total (188 in the last 30 days)
yesod-gitrev,2, at Wed Feb 20 02:56:41 UTC 2019,1383 total (93 in the last 30 days)
yesod-newsfeed,21, at Wed Oct  2 14:07:55 UTC 2019,16768 total (694 in the last 30 days)
yesod-paginator,17, at Mon Apr 22 18:18:57 UTC 2019,9196 total (718 in the last 30 days)
yesod-persistent,33, at Fri Jan  3 05:42:18 UTC 2020,49701 total (1266 in the last 30 days)
yesod-recaptcha2,8, at Wed Mar  4 08:37:34 UTC 2020,3273 total (342 in the last 30 days)
yesod-sitemap,13, at Fri Feb  2 09:44:20 UTC 2018,8738 total (521 in the last 30 days)
yesod-static,54, at Sun Oct 14 08:08:48 UTC 2018,56058 total (1878 in the last 30 days)
yesod-test,71, at Sun Dec  1 13:11:35 UTC 2019,51600 total (3064 in the last 30 days)
yesod-text-markdown,9, at Wed May  2 22:55:51 UTC 2018,5867 total (327 in the last 30 days)
yesod-websockets,15, at Sun Jun 16 13:29:59 UTC 2019,8720 total (421 in the last 30 days)
yes-precure5-command,5, at Sat Oct 22 14:43:16 UTC 2016,3632 total (202 in the last 30 days)
yi-language,28, at Thu Jul 26 10:20:20 UTC 2018,17969 total (885 in the last 30 days)
yi-rope,21, at Wed Jun  6 20:58:47 UTC 2018,16173 total (705 in the last 30 days)
yjtools,20, at Wed Oct 10 05:48:34 UTC 2012,12468 total (594 in the last 30 days)
yoga,4, at Thu Oct 11 06:45:30 UTC 2018,1925 total (158 in the last 30 days)
youtube,4, at Fri Jul 28 19:31:27 UTC 2017,3112 total (206 in the last 30 days)
zero,6, at Thu May 16 21:02:00 UTC 2019,3349 total (217 in the last 30 days)
zeromq4-haskell,18, at Sun Mar  3 15:15:33 UTC 2019,19557 total (844 in the last 30 days)
zeromq4-patterns,3, at Tue May  1 19:42:37 UTC 2018,1266 total (153 in the last 30 days)
zim-parser,2, at Thu Oct 27 15:41:37 UTC 2016,1466 total (115 in the last 30 days)
zip,18, at Mon Mar  2 10:38:02 UTC 2020,8510 total (842 in the last 30 days)
zip-archive,47, at Tue Apr 23 06:10:43 UTC 2019,126956 total (2036 in the last 30 days)
zippers,6, at Fri May 10 14:19:53 UTC 2019,4023 total (210 in the last 30 days)
zip-stream,3, at Sun Oct 21 17:11:47 UTC 2018,1821 total (143 in the last 30 days)
zlib,22, at Mon Aug 26 10:08:09 UTC 2019,279472 total (1850 in the last 30 days)
zlib-bindings,13, at Wed Mar 26 09:32:43 UTC 2014,83407 total (673 in the last 30 days)
zlib-lens,5, at Sat Feb 13 04:41:46 UTC 2016,4181 total (187 in the last 30 days)
zot,2, at Sun Mar 27 22:10:56 UTC 2016,2382 total (101 in the last 30 days)
zstd,1, at Mon May 20 14:07:59 UTC 2019,1166 total (135 in the last 30 days)
ztail,6, at Tue Apr 10 18:29:51 UTC 2018,4185 total (155 in the last 30 days)
