Name, Age (approx. months)
abstract-deque,102
abstract-deque-tests,75
abstract-par,97
accuerr,46
ace,74
action-permutations,134
active,99
ad,120
adjunctions,113
adler32,51
advent-of-code-api,15
aeson,112
aeson-attoparsec,28
aeson-better-errors,60
aeson-casing,62
aeson-compat,52
aeson-diff,61
aeson-extra,55
aeson-generic-compat,43
aeson-iproute,53
aeson-picker,26
aeson-pretty,108
aeson-qq,110
aeson-utils,73
aeson-yak,54
al,62
alarmclock,21
alerts,31
alex,163
alg,29
algebraic-graphs,36
Allure,106
almost-fix,57
alsa-core,117
alsa-mixer,113
alsa-pcm,117
alsa-seq,117
alternative-vector,30
alternators,37
ALUT,165
amqp,125
annotated-wl-pprint,75
ansi-terminal,142
ansi-wl-pprint,142
ANum,77
aos-signature,18
apecs,30
apecs-gloss,16
apecs-physics,17
api-field-json-th,48
appar,120
appendmap,19
apply-refact,53
apportionment,56
approximate,85
app-settings,73
arbor-lru-cache,18
arithmoi,104
array,152
array-memoize,73
arrow-extras,37
asciidiagram,62
ascii-progress,63
asif,20
asn1-encoding,84
asn1-parse,84
asn1-types,85
assert-failure,77
assoc,13
astro,33
async,121
async-extra,39
async-refresh,36
async-refresh-tokens,36
async-timer,34
atom-basic,59
atomic-primops,84
atomic-write,63
attoparsec,145
attoparsec-base64,28
attoparsec-binary,111
attoparsec-expr,99
attoparsec-ip,30
attoparsec-iso8601,35
attoparsec-path,30
attoparsec-uri,34
audacity,61
aur,71
authenticate,134
authenticate-oauth,111
auto,61
autoexporter,50
auto-update,70
avers,61
avers-api,51
avers-server,51
avro,32
avwx,45
aws-cloudfront-signed-cookies,23
aws-lambda-haskell-runtime,15
backprop,37
bank-holidays-england,64
barbies,21
barrier,62
base,135
base16-bytestring,113
base32string,59
base58string,60
base64-bytestring,117
base64-bytestring-type,25
base64-string,161
base-compat,90
base-compat-batteries,24
basement,32
base-noprelude,59
base-orphans,46
base-prelude,70
base-unicode-symbols,126
basic-prelude,93
bazel-runfiles,16
bbdb,115
bcrypt,106
beam-core,26
beam-migrate,26
beam-mysql,12
beam-postgres,24
beam-sqlite,26
bench,49
benchpress,143
bench-show,17
bencode,157
bencoding,83
between,69
bibtex,127
bifunctors,112
bimap,149
bimap-server,58
binary,162
binary-bits,103
binary-conduit,85
binary-ext,39
binary-ieee754,41
binary-list,69
binary-orphans,55
binary-parser,53
binary-parsers,43
binary-search,148
binary-shared,124
binary-tagged,55
bindings-DSL,127
bindings-GLFW,82
bindings-libzip,116
bindings-uname,133
bins,19
bitarray,132
bitcoin-block,60
bitcoin-script,60
bitcoin-tx,60
bitcoin-types,60
bits,86
bitset-word8,30
bits-extra,24
bitvec,98
bitx-bitcoin,59
blake2,53
blas-carray,27
blas-comfort-array,14
blas-ffi,27
blas-hs,69
blaze-bootstrap,69
blaze-builder,118
blaze-colonnade,38
blaze-html,120
blaze-markup,98
blaze-svg,98
blaze-textual,109
bmp,122
board-games,105
boltzmann-samplers,37
Boolean,132
boolean-like,43
boolean-normal-forms,72
boolsimplifier,94
boots,7
bordacount,31
boring,28
both,56
bound,95
BoundedChan,135
bounded-queue,10
boundingboxes,73
bower-json,60
boxes,130
brick,56
brittany,32
bsb-http-chunked,24
bson,120
bson-lens,55
btrfs,68
buffer-builder,63
buffer-pipe,51
bugsnag-haskell,24
bulletproofs,20
butcher,35
butter,21
bv,91
bv-little,25
byteable,83
bytedump,106
byteorder,138
bytes,86
byteset,58
bytestring,153
bytestring-builder,78
bytestring-conversion,68
bytestring-lexing,144
bytestring-strict-builder,36
bytestring-to-vector,13
bytestring-tree-builder,52
bzlib,166
bzlib-conduit,97
c2hs,155
Cabal,165
cabal2nix,106
cabal2spec,132
cabal-doctest,38
cabal-file-th,104
cabal-install,153
cabal-rpm,155
cache,46
cacophony,54
calendar-recycling,46
call-stack,42
ca-province-codes,14
carray,149
cased,58
case-insensitive,112
cases,72
casing,57
cassava,93
cassava-conduit,64
cassava-megaparsec,46
cassava-records,26
cast,32
caster,11
category,28
cayley-client,64
cborg,32
cborg-json,32
cereal,129
cereal-conduit,100
cereal-text,72
cereal-time,29
cereal-vector,97
cfenv,21
cgi,161
chan,28
ChannelT,51
charset,120
charsetdetect-ae,68
Chart,152
Chart-diagrams,81
chaselev-deque,82
cheapskate,76
cheapskate-highlight,49
cheapskate-lucid,49
check-email,112
checkers,140
checksum,23
chimera,15
chiphunk,16
choice,39
chronologique,34
chronos,43
chronos-bench,12
chunked-data,75
cipher-aes,95
cipher-aes128,89
cipher-blowfish,81
cipher-camellia,80
cipher-des,81
cipher-rc4,89
circle-packing,89
cisco-spark-api,30
classyplate,41
classy-prelude,94
classy-prelude-conduit,94
classy-prelude-yesod,89
clay,89
clientsession,134
Clipboard,117
clock,132
clock-extras,43
closed,28
clr-host,35
clr-marshal,35
clumpiness,50
cmark,61
cmark-gfm,32
cmdargs,130
codec,59
codec-beam,24
codec-rpm,33
code-page,43
codo-notation,92
coercible-utils,21
co-log,18
co-log-core,18
colonnade,46
colorful-monoids,38
colorize-haskell,130
colour,141
columnar,7
combinatorial,27
comfort-array,24
comfort-graph,56
commutative,56
comonad,113
compact,37
compactmap,55
compensated,86
compiler-warnings,42
composable-associations,32
composable-associations-aeson,32
composition,104
composition-extra,59
concise,36
concurrency,43
concurrent-extra,124
concurrent-output,54
concurrent-split,98
concurrent-supply,103
cond,97
conduit,101
conduit-algorithms,32
conduit-combinators,75
conduit-concurrent-map,19
conduit-extra,80
conduit-iconv,67
conduit-parse,59
conduit-throttle,31
conduit-zstd,25
config-ini,41
configuration-tools,70
configurator,108
configurator-export,51
configurator-pg,9
connection,91
connection-pool,68
console-style,40
constraint,28
constraints,103
containers,152
contravariant,113
contravariant-extras,53
control-bool,83
control-dsl,17
control-monad-free,142
control-monad-omega,146
convertible,137
cookie,114
core-data,8
core-text,8
countable,117
country,33
courier,81
cpio-conduit,57
cpphs,165
cprng-aes,110
cpu,97
cpuinfo,43
cql,66
cql-io,66
crackNum,61
crc32c,11
credential-store,38
criterion,129
criterion-measurement,21
cron,96
crypto-api,117
crypto-api-tests,104
cryptocipher,117
crypto-cipher-tests,81
crypto-cipher-types,81
cryptocompare,30
crypto-enigma,55
cryptohash,120
cryptohash-cryptoapi,88
cryptohash-md5,47
cryptohash-sha1,47
cryptohash-sha256,48
cryptohash-sha512,42
cryptonite,59
cryptonite-conduit,49
cryptonite-openssl,49
crypto-numbers,89
crypto-pubkey,89
crypto-pubkey-openssh,88
crypto-pubkey-types,103
crypto-random,80
crypto-random-api,90
crypt-sha512,33
csp,81
css-syntax,56
css-text,106
csv,157
ctrie,80
cubicbezier,80
cubicspline,124
cublas,70
cuckoo-filter,17
cuda,124
cue-sheet,40
cufft,85
curl,149
currencies,31
currency,80
cusparse,31
cutter,36
cyclotomic,94
czipwith,35
data-accessor,148
data-accessor-mtl,136
data-accessor-template,143
data-accessor-transformers,136
data-binary-ieee754,133
data-bword,73
data-checked,87
data-clist,126
data-default,146
data-default-class,86
data-default-instances-containers,86
data-default-instances-dlist,86
data-default-instances-old-locale,86
data-diverse,33
data-diverse-lens,33
datadog,59
data-dword,91
data-endian,106
data-fix,87
data-has,40
data-inttrie,126
data-lens-light,72
data-memocombinators,141
data-msgpack,43
data-msgpack-types,36
data-or,100
data-ordlist,132
data-ref,82
data-reify,134
data-serializer,45
datasets,40
data-textual,85
data-tree-print,35
dataurl,54
DAV,93
dbcleaner,60
DBFunctor,17
dbus,95
debian-build,69
debug,27
debug-trace-var,21
dec,9
decidable,17
Decimal,147
declarative,54
deepseq,127
deepseq-generics,92
deferred-folds,23
dejafu,56
dense-linear-algebra,17
dependent-map,107
dependent-sum,107
dependent-sum-template,87
deque,44
deriveJsonNoPrefix,20
deriving-compat,57
derulo,30
detour-via-sci,21
dhall,41
dhall-bash,36
dhall-json,38
diagrams,146
diagrams-contrib,99
diagrams-core,109
diagrams-lib,109
diagrams-postscript,88
diagrams-rasterific,71
diagrams-solve,60
diagrams-svg,98
di-core,23
dictionary-sharing,58
Diff,150
digest,138
digits,128
dimensional,153
di-monad,23
directory,152
directory-tree,134
direct-sqlite,123
discount,97
disk-free-space,74
distributed-closure,52
distribution-nixpkgs,46
distribution-opensuse,20
distributive,113
dl-fedora,8
dlist,162
dlist-instances,74
dlist-nonempty,33
dns,120
dockerfile,58
docopt,71
doctemplates,42
doctest,108
doctest-discover,68
doctest-driver-gen,30
doldol,8
do-list,43
dom-parser,51
do-notation,18
dotenv,63
dotgen,143
dotnet-timespan,49
double-conversion,107
download,144
drinkery,27
dsp,155
dual,28
dual-tree,93
dublincore-xml-conduit,31
dunai,46
dunai-core,17
duration,23
dvorak,65
dynamic-state,67
dyre,131
eap,29
Earley,60
easy-file,119
easytest,25
Ebnf2ps,100
echo,39
ecstasy,27
ed25519,78
edit-distance,143
edit-distance-vector,61
editor-open,60
either,112
either-both,22
ekg,101
ekg-core,72
ekg-json,57
ekg-statsd,72
elerea,135
elf,139
eliminators,33
elm2nix,15
elm-bridge,56
elm-core-sources,65
elm-export,47
emacs-module,19
email-validate,136
emd,20
enclosed-exceptions,75
ENIG,12
entropy,107
enummapset,110
enumset,111
enum-subset-generate,22
enum-text,12
enum-text-rio,8
envelope,48
envy,58
epub-metadata,121
eq,113
equal-files,139
erf,137
errors,95
errors-ext,28
error-util,53
ersatz,86
esqueleto,93
etc,36
eventful-core,35
eventful-memory,35
eventful-sql-common,35
eventful-sqlite,35
eventful-test-helpers,35
event-list,149
eventstore,65
every,35
exact-combinatorics,100
exact-pi,61
exceptional,59
exception-mtl,117
exceptions,83
exception-transformers,116
executable-hash,61
executable-path,134
exit-codes,53
exomizer,21
expiring-cache-map,65
explicit-exception,141
exp-pairs,64
extensible-exceptions,135
extra,67
extractable-singleton,35
extrapolate,32
fail,51
failable,14
fakedata,12
farmhash,62
fast-builder,57
fast-digits,57
fast-logger,101
fast-math,109
fb,100
fclabels,137
feature-flags,77
fedora-dists,15
feed,147
FenwickTree,87
fft,149
fgl,165
fib,12
filecache,81
file-embed,131
file-embed-lzma,24
filelock,78
filemanip,116
file-modules,53
filepath,159
filepattern,13
fileplow,33
filter-logger,33
filtrable,61
fin,28
FindBin,147
fingertree,158
finite-typelits,54
first-class-families,20
first-class-patterns,131
fitspec,46
fixed,66
fixed-length,61
fixed-vector,90
fixed-vector-hetero,72
flac,39
flac-picture,39
flags-applicative,10
flat-mcmc,91
flay,35
flexible-defaults,107
FloatingHex,39
floatshow,110
flow,61
fmlist,132
fmt,40
fmt-for-rio,8
fn,53
focus,71
focuslist,16
foldable1,19
fold-debounce,59
fold-debounce-conduit,58
foldl,81
folds,80
follow-file,29
FontyFruity,74
force-layout,101
foreign-store,74
forkable-monad,122
forma,35
format-numbers,39
formatting,79
foundation,44
free,112
freenect,103
freer-simple,28
freetype2,110
free-vl,51
friendly-time,98
frisby,120
from-sum,42
frontmatter,52
fsnotify,91
fsnotify-conduit,43
funcmp,154
function-builder,14
functor-classes-compat,36
functor-combinators,9
fused-effects,17
fuzzcheck,71
fuzzy-dates,23
fuzzyset,29
galois-field,9
gauge,30
gc,55
gd,137
gdp,21
general-games,37
generic-arbitrary,37
generic-data,24
generic-data-surgery,16
generic-deriving,117
generic-lens,34
GenericPretty,107
generic-random,47
generics-eot,51
generics-mrsop,22
generics-sop,70
generics-sop-lens,49
genvalidity,45
genvalidity-aeson,32
genvalidity-bytestring,37
genvalidity-containers,45
genvalidity-hspec,45
genvalidity-hspec-aeson,39
genvalidity-hspec-binary,36
genvalidity-hspec-cereal,39
genvalidity-hspec-hashable,36
genvalidity-hspec-optics,20
genvalidity-path,39
genvalidity-property,37
genvalidity-scientific,32
genvalidity-text,45
genvalidity-time,38
genvalidity-unordered-containers,32
genvalidity-uuid,30
genvalidity-vector,32
geojson,78
getopt-generics,61
ghc,32
ghc-boot,47
ghc-boot-th,47
ghc-compact,32
ghc-core,146
ghc-exactprint,63
ghci,47
ghcid,67
ghci-hexcalc,17
ghcjs-codemirror,77
ghc-lib,10
ghc-lib-parser,11
ghc-parser,76
ghc-paths,145
ghc-prim,73
ghc-prof,43
ghc-syntax-highlighter,22
ghc-tcplugins-extra,59
ghc-typelits-extra,54
ghc-typelits-knownnat,44
ghc-typelits-natnormalise,61
ghost-buster,31
gi-atk,54
gi-cairo,54
gi-gdk,54
gi-gdkpixbuf,54
gi-gio,54
gi-glib,47
gi-gobject,54
gi-gtk,54
gi-gtk-hs,47
gi-gtksource,47
gi-javascriptcore,54
ginger,55
gingersnap,17
gi-pango,54
githash,21
github-release,47
github-types,70
github-webhooks,25
gitrev,61
gi-vte,54
gl,66
glabrous,44
glaze,39
glazier,38
GLFW-b,125
Glob,141
gloss,124
gloss-algorithms,65
gloss-examples,124
gloss-raster,98
gloss-rendering,65
GLURaw,132
GLUT,165
gnuplot,141
google-isbn,16
google-oauth2-jwt,43
gpolyline,78
graph-core,70
graphite,30
graphs,113
graphviz,144
graph-wrapper,118
gravatar,148
graylog,50
greskell,24
greskell-core,24
greskell-websocket,21
groom,119
groundhog,108
groundhog-inspector,65
groundhog-mysql,85
groundhog-postgresql,92
groundhog-sqlite,108
groundhog-th,92
group-by-date,36
grouped-list,54
groups,87
guarded-allocation,19
gym-http-api,28
H,55
hackage-db,105
hackage-security,56
haddock-library,71
hadolint,27
half,66
hamilton,40
hamtsolo,34
HandsomeSoup,97
hapistrano,71
happy,163
hasbolt,40
hashable,118
hashable-time,63
hashids,59
hashmap,121
hashtables,108
haskeline,144
haskell-gi,54
haskell-gi-base,54
haskell-gi-overloading,32
haskell-lexer,141
haskell-lsp,32
haskell-lsp-types,23
haskell-names,83
haskell-spacegoo,84
haskell-src,165
haskell-src-exts,149
haskell-src-exts-util,31
haskell-src-meta,140
haskey-btree,31
haskintex,80
haskoin-core,53
hasql,66
hasql-optparse-applicative,50
hasql-pool,52
hasql-transaction,52
hasty-hamiltonian,54
HaTeX,119
haxl,71
hbeanstalk,121
HCodecs,148
hdaemonize,136
HDBC,166
HDBC-mysql,137
HDBC-session,65
heap,149
heaps,121
hebrew-time,129
hedgehog,36
hedgehog-corpus,26
hedgehog-fn,19
hedis,101
hedn,92
here,87
heredoc,85
heterocephalus,41
hex,133
hexml,40
hexml-lens,32
hexpat,149
hexstring,60
hformat,51
hfsevents,96
hidapi,83
hidden-char,36
hi-file-parser,9
higher-leveldb,79
highlighting-kate,149
hinfo,19
hinotify,162
hint,154
hjsmin,115
hkgr,9
hledger,141
hledger-iadd,40
hledger-interest,105
hledger-lib,122
hledger-ui,54
hledger-web,114
hlibgit2,111
hlibsass,60
hlint,139
hmatrix,152
hmatrix-backprop,25
hmatrix-gsl,71
hmatrix-gsl-stats,120
hmatrix-morpheus,31
hmatrix-vector-sized,25
hmm-lapack,14
hmpfr,142
hoauth2,97
Hoed,71
hoogle,149
hOpenPGP,98
hopenpgp-tools,81
hopenssl,149
hopfli,75
hosc,151
hostname,121
hostname-validate,81
hourglass,72
hourglass-orphans,36
hp2pretty,119
hpack,60
hpack-dhall,26
hpc,152
hquantlib-time,16
hreader,58
hreader-lens,41
hruby,84
hsass,60
hs-bibutils,138
hsc2hs,165
hschema,16
hschema-aeson,16
hschema-prettyprinter,16
hschema-quickcheck,16
hscolour,162
hsdev,73
hsdns,154
hsebaysdk,66
hsemail,154
hset,58
HSet,48
hsexif,73
hs-functors,28
hs-GeoIP,98
hsini,111
hsinstall,42
HSlippyMap,77
hslogger,150
hslua,157
hslua-aeson,38
hslua-module-system,10
hslua-module-text,28
HsOpenSSL,156
HsOpenSSL-x509-system,62
hsp,149
hspec,112
hspec-attoparsec,71
hspec-checkers,66
hspec-contrib,65
hspec-core,66
hspec-discover,96
hspec-expectations,95
hspec-expectations-lifted,77
hspec-expectations-pretty-diff,56
hspec-golden-aeson,44
hspec-leancheck,18
hspec-megaparsec,51
hspec-meta,90
hspec-need-env,20
hspec-pg-transact,33
hspec-smallcheck,81
hspec-wai,71
hspec-wai-json,67
hs-php-session,68
hsshellscript,98
hstatsd,87
HStringTemplate,149
HSvm,129
HsYAML,22
hsyslog,149
htaglib,54
HTF,149
html,165
html-conduit,97
html-email-validate,62
html-entities,61
html-entity-map,27
htoml,64
HTTP,161
http2,77
http-api-data,54
http-client,78
http-client-tls,77
http-common,79
http-conduit,101
http-date,109
http-directory,11
http-download,9
httpd-shed,141
http-link-header,66
http-media,79
http-reverse-proxy,92
http-streams,86
http-types,112
human-readable-duration,56
HUnit,165
HUnit-approx,70
hunit-dejafu,53
hvect,60
hvega,23
hw-balancedparens,42
hw-bits,48
hw-conduit,48
hw-conduit-merges,18
hw-diagnostics,48
hw-dsv,22
hweblib,116
hw-eliasfano,42
hw-excess,42
hw-fingertree,26
hw-fingertree-strict,26
hw-hedgehog,32
hw-hspec-hedgehog,32
hw-int,42
hw-ip,23
hw-json,47
hw-json-simd,14
hw-mquery,45
hw-packed-vector,41
hw-parser,47
hw-prim,48
hw-rankselect,48
hw-rankselect-base,42
hw-simd,20
hw-streams,17
hw-string-parse,42
hw-succinct,48
hxt,162
hxt-charproperties,116
hxt-css,67
hxt-curl,116
hxt-expat,112
hxt-http,116
hxt-regex-xmlschema,116
hxt-tagsoup,116
hxt-unicode,116
hybrid-vectors,81
hyper,42
hyperloglog,85
hyphenation,100
hyraxAbif,20
iconv,167
identicon,47
ieee754,117
if,41
iff,148
ihaskell,77
ihs,35
ilist,47
imagesize-conduit,100
Imlib,153
immortal,69
include-file,66
incremental-parser,111
indentation-core,47
indentation-parsec,47
indents,118
indexed,99
indexed-list-literals,25
infer-license,20
inflections,74
influxdb,73
ini,76
inj,20
inline-c,59
inline-c-cpp,59
inline-r,55
inliterate,34
insert-ordered-containers,49
inspection-testing,29
instance-control,47
int-cast,75
integer-gmp,73
integer-logarithms,39
integration,98
intern,106
interpolate,79
interpolatedstring-perl6,131
interpolatedstring-qq2,10
interpolation,68
interpolator,15
IntervalMap,101
intervals,120
intro,39
intset-imperative,20
invariant,98
invertible,48
invertible-grammar,22
io-choice,99
io-machine,48
io-manager,81
io-memoize,99
io-region,62
io-storage,131
io-streams,86
io-streams-haproxy,44
ip,47
ip6addr,132
iproute,128
IPv6Addr,107
ipynb,14
ipython-kernel,76
irc,154
irc-client,62
irc-conduit,68
irc-ctcp,68
islink,67
iso3166-country-codes,122
iso639,78
iso8601-time,79
iterable,80
ixset-typed,73
ix-shapable,133
jack,149
jailbreak-cabal,92
jose,72
jose-jwt,70
js-dgtable,12
js-flot,66
js-jquery,67
json,147
json-alt,16
json-autotype,67
json-feed,34
jsonpath,8
json-rpc,69
json-rpc-client,64
json-rpc-generic,45
json-rpc-server,77
JuicyPixels,101
JuicyPixels-extra,47
JuicyPixels-scale-dct,53
justified-containers,32
jwt,74
kan-extensions,112
kanji,50
katip,49
kawhi,45
kazura-queue,51
kdt,66
keycode,61
keys,112
kind-apply,17
kind-generics,17
kind-generics-th,15
kleene,22
kmeans,136
koofr-client,65
kraken,57
l10n,39
labels,44
lackey,55
lambdabot-core,62
lambdabot-irc-plugins,62
LambdaHack,147
lame,37
language-c,143
language-c-quote,117
language-docker,27
language-ecmascript,94
language-haskell-extract,121
language-java,116
language-javascript,114
language-nix,56
language-puppet,95
lapack,24
lapack-carray,27
lapack-comfort-array,14
lapack-ffi,27
lapack-ffi-tools,27
largeword,112
latex,108
lattices,118
lawful,21
lazy-csv,87
lazyio,138
lca,96
leancheck,48
leancheck-instances,16
leapseconds-announced,138
learn-physics,73
lens,94
lens-action,64
lens-aeson,86
lens-datetime,81
lens-family,95
lens-family-core,95
lens-family-th,95
lens-misc,21
lens-process,9
lens-properties,75
lens-regex,58
lens-regex-pcre,9
lens-simple,59
lens-typelevel,17
lenz,52
leveldb-haskell,100
libffi,136
libgit,111
libgraph,66
libmpd,154
liboath-hs,29
libraft,15
libyaml,17
LibZip,126
lifted-async,91
lifted-base,102
lift-generics,53
line,40
linear,92
linear-circuit,56
linux-file-extents,74
linux-namespaces,66
List,131
ListLike,154
listsafe,64
list-t,69
ListTree,129
list-witnesses,12
llvm-hs,37
llvm-hs-pure,37
lmdb,65
load-env,70
loc,35
locators,76
loch-th,109
lockfree-queue,92
log-base,40
log-domain,86
logfloat,143
logger-thread,39
logging-effect,51
logging-facade,65
logging-facade-syslog,35
logict,156
loop,72
loopbreaker,8
lrucache,124
lrucaching,44
lsp-test,19
lucid,65
lucid-extras,31
lxd-client-config,30
lzma,56
lzma-conduit,99
machines,93
machines-binary,52
machines-directory,67
machines-io,70
magico,56
mainland-pretty,117
main-tester,24
makefile,45
managed,69
markdown,94
markdown-unlit,91
markov-chain,151
massiv,25
massiv-io,25
massiv-test,7
mathexpr,41
math-functions,101
matplotlib,37
matrices,67
matrix,86
matrix-market-attoparsec,38
matrix-static,19
maximal-cliques,114
mbox,124
mbtiles,32
mcmc-types,54
median-stream,42
megaparsec,55
megaparsec-tests,10
mega-sdist,96
memory,59
MemoTrie,144
menshen,14
mercury-api,34
merkle-tree,28
mersenne-random-pure64,150
messagepack,69
metrics,77
mfsolve,60
microformats2-parser,57
microlens,60
microlens-aeson,52
microlens-contra,52
microlens-ghc,57
microlens-mtl,60
microlens-platform,56
microlens-process,9
microlens-th,60
microspec,43
microstache,34
midair,49
midi,149
midi-music-box,59
mighty-metropolis,54
mime-mail,116
mime-mail-ses,107
mime-types,94
minimorph,94
minio-hs,38
miniutter,89
mintty,38
miso,33
missing-foreign,110
MissingH,161
mixed-types-num,37
mltool,33
mmap,148
mmark,28
mmark-cli,26
mmark-ext,28
mmorph,86
mmtf,36
mnist-idx,48
mockery,60
modern-uri,29
modular,16
monad-control,112
monad-control-aligned,35
monad-coroutine,123
monad-extras,82
monadic-arrays,113
monad-journal,75
monad-logger,94
monad-logger-json,61
monad-logger-prefix,45
monad-logger-syslog,76
monad-loops,139
monad-memo,111
monad-metrics,38
monad-par,110
monad-parallel,123
monad-par-extras,97
monad-peel,115
monad-products,109
MonadPrompt,148
MonadRandom,153
monad-skeleton,61
monad-st,113
monads-tf,138
monad-time,60
monad-unlift,61
monad-unlift-ref,47
mongoDB,125
monoidal-containers,63
monoid-extras,93
monoid-subclasses,86
monoid-transformer,137
mono-traversable,80
mono-traversable-instances,45
mono-traversable-keys,13
more-containers,27
mountpoints,50
mpi-hs,17
msgpack,127
msgpack-aeson,61
mtl,165
mtl-compat,63
mtl-prelude,69
multiarg,100
multimap,84
multipart,73
multiset,149
multistate,69
murmur3,58
murmur-hash,125
MusicBrainz,90
mustache,55
mutable-containers,64
mwc-probability,54
mwc-probability-transition,23
mwc-random,126
mysql,109
mysql-haskell,44
mysql-haskell-nem,40
mysql-simple,109
n2o,16
nagios-check,66
named,26
names-th,65
nano-erl,51
nanospec,92
nats,88
natural-induction,27
natural-sort,125
natural-transformation,62
ndjson-conduit,59
neat-interpolation,86
netlib-carray,27
netlib-comfort-array,14
netlib-ffi,27
netpbm,87
netrc,61
nettle,79
netwire,106
netwire-input,68
netwire-input-glfw,68
network,165
network-anonymous-i2p,62
network-attoparsec,62
network-bsd,16
network-byte-order,17
network-conduit-tls,92
network-house,91
network-info,118
network-ip,85
network-messagepack-rpc,20
network-multicast,144
network-simple,85
network-simple-tls,84
network-transport,95
network-transport-composed,55
network-uri,68
newtype,113
newtype-generics,74
nicify-lib,61
NineP,124
nix-paths,55
NoHoed,31
nonce,71
nondeterminism,81
non-empty,91
nonempty-containers,16
nonemptymap,21
non-empty-sequence,44
non-negative,149
not-gloss,96
no-value,7
nowdoc,19
nqe,27
nsis,99
numbers,154
numeric-extras,120
numeric-prelude,148
numhask,36
NumInstances,104
numtype-dk,60
nuxeo,22
nvim-hs,57
nvim-hs-contrib,55
nvvm,42
oauthenticated,77
ObjectName,132
oblivious-transfer,16
odbc,26
oeis,153
oeis2,15
ofx,85
old-locale,152
old-time,152
once,52
one-liner,92
one-liner-instances,26
OneTuple,141
Only,34
oo-prototypes,68
opaleye,65
OpenAL,165
open-browser,57
openexr-write,33
OpenGL,165
OpenGLRaw,133
openpgp-asciiarmor,97
opensource,48
openssl-streams,86
open-witness,143
operational,125
operational-class,57
optional-args,58
options,98
optparse-applicative,96
optparse-enum,8
optparse-generic,50
optparse-simple,60
optparse-text,46
ordered-containers,39
oset,13
overhang,26
packcheck,27
pager,59
pagination,45
pairing,16
palette,77
pandoc,155
pandoc-citeproc,80
pandoc-csv2table,59
pandoc-markdown-ghci-filter,8
pandoc-pyplot,18
pandoc-types,114
pantry,8
parallel,152
parallel-io,114
paripari,18
parseargs,148
parsec,165
parsec-class,20
parsec-numbers,104
parsec-numeric,39
ParsecTools,117
parser-combinators,34
parser-combinators-tests,10
parsers,95
partial-handler,66
partial-isomorphisms,113
partial-semigroup,29
password,11
password-instances,11
path,60
path-extra,53
path-io,51
path-pieces,107
path-text-utf8,30
pathtype,128
pathwalk,54
pattern-arrows,75
pcf-font,31
pcf-font-embed,30
pcg-random,64
pcre-heavy,63
pcre-light,150
pcre-utils,86
pdfinfo,112
peano,61
pedersen-commitment,28
pem,98
pencil,26
percent-format,20
peregrin,36
perfect-hash-generator,29
persist,17
persistable-record,65
persistable-types-HDBC-pg,53
persistent,120
persistent-iproute,52
persistent-mysql,100
persistent-mysql-haskell,36
persistent-pagination,8
persistent-postgresql,120
persistent-qq,17
persistent-sqlite,120
persistent-template,110
persistent-typed-db,12
pg-harness-client,60
pg-harness-server,60
pgp-wordlist,60
pg-transact,33
phantom-state,67
pid1,42
pinboard,61
pipes,101
pipes-aeson,83
pipes-attoparsec,99
pipes-binary,83
pipes-bytestring,80
pipes-category,39
pipes-concurrency,85
pipes-csv,80
pipes-extras,73
pipes-fastx,58
pipes-fluid,38
pipes-group,75
pipes-http,75
pipes-misc,39
pipes-network,99
pipes-network-tls,84
pipes-parse,83
pipes-random,46
pipes-safe,88
pipes-wai,71
pkcs10,52
placeholders,109
planb-token-introspection,23
plotlyhs,40
pointed,112
pointedlist,137
pointless-fun,100
poll,109
poly,11
poly-arity,60
polynomials-bernstein,111
polyparse,162
polysemy,11
polysemy-plugin,10
polysemy-zoo,10
pooled-io,76
port-utils,16
posix-paths,82
possibly,12
postgresql-binary,66
postgresql-libpq,101
postgresql-orm,81
postgresql-schema,58
postgresql-simple,101
postgresql-simple-migration,70
postgresql-simple-queue,33
postgresql-simple-url,59
postgresql-transactional,48
postgresql-typed,64
post-mess-age,65
pptable,42
pqueue,123
prefix-units,97
prelude-compat,48
prelude-safeenum,84
present,72
pretty,152
prettyclass,139
pretty-class,91
pretty-hex,96
prettyprinter,34
prettyprinter-ansi-terminal,34
prettyprinter-compat-annotated-wl-pprint,34
prettyprinter-compat-ansi-wl-pprint,34
prettyprinter-compat-wl-pprint,34
prettyprinter-convert-ansi-wl-pprint,32
pretty-show,133
pretty-simple,40
pretty-sop,70
pretty-types,44
primes,135
primitive,127
primitive-extras,20
prim-uniq,107
probability,149
process,152
process-extras,98
product-isomorphic,31
product-profunctors,65
profiterole,34
profunctors,106
projectroot,52
project-template,90
prometheus-client,58
promises,58
prompt,58
prospect,20
protobuf,87
protobuf-simple,47
protocol-buffers,144
protocol-buffers-descriptor,141
protocol-radius,27
protocol-radius-test,27
proto-lens,46
proto-lens-arbitrary,46
proto-lens-optparse,46
proto-lens-protobuf-types,34
proto-lens-protoc,46
proto-lens-runtime,18
proto-lens-setup,18
protolude,48
proxied,50
psql-helpers,49
psqueues,70
pureMD5,150
purescript-bridge,49
pure-zlib,66
pushbullet-types,37
pusher-http-haskell,56
qchas,32
qm-interpolated-string,37
qnap-decrypt,23
qrcode-core,14
qrcode-juicypixels,14
quadratic-irrational,73
QuasiText,96
quickbench,42
QuickCheck,165
quickcheck-arbitrary-adt,44
quickcheck-assertions,87
quickcheck-classes,29
quickcheck-instances,101
quickcheck-io,86
quickcheck-simple,58
quickcheck-special,41
quickcheck-state-machine,34
quickcheck-text,55
quickcheck-transformer,14
quickcheck-unicode,65
radius,29
rainbow,86
rainbox,73
ramus,38
rando,26
random,152
random-bytestring,35
random-fu,137
random-shuffle,135
random-source,107
random-tree,50
range,83
Ranged-sets,161
range-set-list,75
rank1dynamic,94
rank2classes,34
Rasterific,74
rasterific-svg,63
ratel,50
ratel-wai,50
rattle,11
rattletrap,41
rawfilepath,42
rawstring-qm,68
raw-strings-qq,85
rcu,55
rdf,44
re2,71
readable,93
read-editor,54
read-env-var,48
reanimate,12
reanimate-svg,12
rebase,51
record-dot-preprocessor,23
record-hasfield,12
records-sop,35
recursion-schemes,112
reducers,106
refact,57
references,69
reflection,135
RefSerialize,140
regex,38
regex-applicative,107
regex-applicative-text,56
regex-base,164
regex-compat,164
regex-compat-tdfa,92
regex-pcre,161
regex-pcre-builtin,161
regex-pcre-text,34
regex-posix,164
regex-tdfa,146
regex-tdfa-text,92
regex-with-pcre,37
registry,18
reinterpret-cast,72
relapse,38
relational-query,65
relational-query-HDBC,65
relational-record,65
relational-schemas,65
relude,20
renderable,56
repa,122
repa-algorithms,121
repa-io,121
replace-attoparsec,6
replace-megaparsec,6
repline,67
req,41
req-conduit,41
require,22
rerebase,40
resistor-cube,56
resource-pool,109
resourcet,98
result,44
rethinkdb-client-driver,69
retry,86
rev-state,86
rfc1751,18
rfc5051,80
rg,9
rhine,29
rhine-gloss,28
rigel-viz,13
rio,27
rio-orphans,24
rio-prettyprint,9
roc-id,15
rocksdb-haskell,69
rocksdb-query,18
roles,29
rope-utf16-splay,25
rosezipper,144
rot13,67
rpmbuild-order,20
RSA,140
runmemo,99
rvar,107
s3-signer,71
safe,146
safecopy,153
safe-exceptions,45
safe-exceptions-checked,38
safe-foldable,21
safeio,34
safe-json,11
safe-money,39
SafeSemaphore,110
salak,19
salak-toml,11
salak-yaml,11
saltine,83
salve,31
sample-frame,129
sample-frame-np,129
sampling,50
sandman,61
say,41
sbp,55
sbv,113
scalpel,63
scalpel-core,38
scanf,24
scanner,48
scheduler,12
scientific,79
scotty,101
scrypt,108
sdl2,76
sdl2-gfx,42
sdl2-image,75
sdl2-mixer,42
sdl2-ttf,64
secp256k1-haskell,18
securemem,83
selda,36
selda-json,9
selda-postgresql,36
selda-sqlite,36
selective,12
semialign,9
semigroupoid-extras,112
semigroupoids,112
semigroups,113
semirings,24
semiring-simple,72
semver,68
sendfile,132
seqalign,58
serf,77
serialise,32
servant,69
servant-auth,42
servant-auth-docs,42
servant-auth-server,42
servant-auth-swagger,37
servant-auth-wordpress,15
servant-blaze,60
servant-cassava,53
servant-checked-exceptions,35
servant-checked-exceptions-core,22
servant-cli,10
servant-client,65
servant-client-core,29
servant-conduit,16
servant-docs,65
servant-elm,50
servant-foreign,49
servant-http-streams,12
servant-js,49
servant-JuicyPixels,57
servant-kotlin,29
servant-lucid,60
servant-machines,16
servant-mock,56
servant-multipart,37
servant-pipes,16
servant-rawm,30
servant-ruby,37
servant-server,65
servant-static-th,36
servant-swagger,53
servant-swagger-ui,46
servant-swagger-ui-core,23
servant-swagger-ui-redoc,23
servant-tracing,24
servant-xml,25
servant-yaml,54
serversession,58
serversession-frontend-wai,58
servius,101
ses-html,67
set-cover,80
setenv,92
setlocale,147
sexp-grammar,52
sexpr-parser,13
SHA,140
shake,102
shake-language-c,66
shakespeare,105
shared-memory,65
ShellCheck,75
shell-conduit,67
shell-escape,117
shellmet,13
shelltestrunner,132
shelly,99
shikensu,41
shortcut-links,57
should-not-typecheck,58
show-combinators,25
shower,13
show-prettyprint,41
siggy-chardust,21
signal,56
silently,111
simple,91
simple-cabal,9
simple-cmd,18
simple-cmd-args,13
simple-log,92
simple-reflect,139
simple-sendfile,108
simple-session,78
simple-templates,78
simple-vec3,90
simplistic-generics,10
since,28
singleton-bool,44
singleton-nats,60
singletons,96
siphash,95
size-based,46
sized-grid,23
skein,104
skews,20
skip-var,15
skylighting,39
skylighting-core,25
slack-web,37
smallcheck,148
smallcheck-series,60
smoothie,62
snap-blaze,104
snap-core,121
snap-server,121
snowflake,74
soap,87
soap-tls,74
socket-activation,79
socks,100
sop-core,17
sort,35
sorted-list,60
sourcemap,86
sox,134
soxlib,97
sparse-linear-algebra,42
spatial-math,96
special-values,29
speculate,37
speedy-slice,54
sphinx,144
Spintax,51
splice,98
split,138
splitmix,33
spoon,127
spreadsheet,138
sqlite-simple,93
sqlite-simple-errors,42
sql-words,65
srcloc,117
stache,45
stack,59
starter,25
state-codes,31
stateref,141
statestack,106
StateVar,132
static-text,25
statistics,130
stb-image-redux,42
step-function,60
stm,165
stm-chans,110
stm-conduit,100
stm-delay,91
stm-extras,39
stm-split,98
stopwatch,55
storable-complex,149
storable-record,133
storable-tuple,132
storablevector,146
store,47
store-core,46
Strafunski-StrategyLib,85
stratosphere,48
streaming,56
streaming-attoparsec,24
streaming-bytestring,56
streaming-cassava,33
streaming-commons,73
streaming-wai,53
streamly,28
streamproc,154
streams,113
strict,160
strict-base-types,84
strict-concurrency,152
strict-list,12
stringbuilder,98
string-class,111
string-combinators,136
string-conv,62
string-conversions,99
string-interpolate,12
string-qq,107
stringsearch,152
string-transform,31
stripe-concepts,15
stripe-scotty,15
stripe-signature,15
stripe-wreq,15
strive,70
structs,55
structured-cli,31
summoner,22
sum-type-boilerplate,34
sundown,106
superbuffer,40
sv,25
sv-cassava,24
sv-core,20
svg-builder,50
SVGFonts,135
svg-tree,63
swagger,72
swagger2,53
swish,131
syb,140
symbol,117
symengine,46
sysinfo,35
system-argv0,105
systemd,52
system-fileio,110
system-filepath,118
tabular,142
tagchup,135
tagged,130
tagged-binary,74
tagged-identity,41
tagged-transformer,113
tagshare,94
tagsoup,157
tagstream-conduit,101
tao,24
tao-example,24
tar,159
tar-conduit,41
tardis,94
tasty,81
tasty-ant-xml,78
tasty-dejafu,53
tasty-discover,41
tasty-expected-failure,55
tasty-golden,81
tasty-hedgehog,31
tasty-hspec,78
tasty-hunit,81
tasty-kat,64
tasty-leancheck,18
tasty-lua,10
tasty-program,75
tasty-quickcheck,81
tasty-silver,63
tasty-smallcheck,81
tasty-th,81
TCache,140
tce-conf,61
tcp-streams,45
tcp-streams-openssl,41
tdigest,38
template-haskell,152
template-toolkit,29
temporary,114
temporary-rc,72
temporary-resourcet,64
tensorflow-test,35
tensors,18
termbox,20
terminal-progress-bar,100
terminal-size,84
terminfo,151
test-framework,142
test-framework-hunit,141
test-framework-leancheck,18
test-framework-quickcheck2,136
test-framework-smallcheck,102
test-framework-th,121
testing-feat,96
testing-type-modifiers,58
texmath,132
text,136
text-binary,91
text-builder,38
text-conversions,47
text-format,109
text-icu,136
text-latin1,87
text-ldap,70
textlocal,42
text-manipulate,66
text-metrics,43
text-postgresql,53
text-printer,86
text-region,51
text-short,34
text-show,67
text-show-instances,64
text-zipper,57
tfp,141
tf-random,80
th-abstraction,35
th-data-compat,46
th-desugar,80
these,88
th-expand-syns,128
th-extras,103
th-lift,161
th-lift-instances,73
th-nowq,24
th-orphans,94
th-printf,79
thread-hierarchy,30
thread-local-storage,66
threads,122
threepenny-gui,82
th-reify-compat,46
th-reify-many,66
throttle-io-stream,31
throwable-exceptions,34
th-strict-compat,30
th-test-utils,8
th-utilities,47
thyme,88
tile,31
time,165
time-compat,90
timeit,137
timelens,45
time-lens,96
time-locale-compat,64
time-locale-vietnamese,28
time-manager,9
time-parsers,52
time-qq,59
timerep,104
timer-wheel,20
timezone-olson,121
timezone-series,121
tintin,22
tinylog,72
titlecase,62
tldr,37
tls,117
tls-debug,98
tls-session-manager,33
tmapchan,35
tmapmvar,35
tmp-postgres,33
token-bucket,68
tomland,22
tonalude,14
tonaparser,14
tonatona,14
tonatona-logger,14
tonatona-persistent-postgresql,14
tonatona-persistent-sqlite,14
tonatona-servant,14
torsor,29
tostring,73
TotalMap,16
tracing,9
transaction,24
transformers,138
transformers-base,106
transformers-bifunctors,33
transformers-compat,89
transformers-fix,24
traverse-with-class,86
tree-diff,30
tree-fun,50
trifecta,106
triplesec,35
trivial-constraint,71
true-name,67
tsv2csv,37
ttl-hashtables,14
ttrie,61
tuple,135
tuples-homogenous-h98,81
tuple-sop,23
tuple-th,109
turtle,63
TypeCompose,160
typed-process,42
type-errors,8
type-errors-pretty,8
type-fun,54
type-hint,71
type-level-integers,36
type-level-kv-list,41
type-level-numbers,119
typelits-witnesses,52
type-map,36
typenums,21
type-of-html,32
type-of-html-static,23
type-operators,48
typerep-map,20
type-spec,44
tz,73
tzdata,73
ua-parser,91
ucam-webauth,15
ucam-webauth-types,15
uglymemo,110
unagi-chan,70
unbounded-delays,110
unbound-generics,67
unboxed-ref,35
unboxing-vector,9
uncertain,47
unconstrained,31
unicode,76
unicode-show,50
unicode-transforms,46
unification-fd,107
union,49
union-find,130
uniplate,157
uniprot-kb,24
uniq-deep,38
unique,55
unique-logic,83
unique-logic-tf,83
unit-constraint,48
universe,86
universe-base,73
universe-dependent-sum,11
universe-instances-base,73
universe-instances-extended,73
universe-instances-trans,73
universe-reverse-instances,73
universum,39
unix,165
unix-bytestring,111
unix-compat,159
unix-time,104
unliftio,33
unliftio-core,33
unliftio-pool,23
unliftio-streams,18
unlit,67
unordered-containers,112
unordered-intmap,31
unsafe,85
uri-bytestring,61
uri-bytestring-aeson,36
uri-encode,73
uri-templater,71
url,143
urlpath,65
users,62
users-postgresql-simple,62
users-test,62
utf8-light,143
utf8-string,157
util,28
utility-ht,138
uuid,148
uuid-types,61
validation,74
validity,45
validity-aeson,32
validity-bytestring,39
validity-containers,45
validity-path,39
validity-scientific,32
validity-text,42
validity-time,38
validity-unordered-containers,32
validity-uuid,30
validity-vector,32
valor,21
vault,104
vec,28
vector,144
vector-algorithms,124
vector-binary-instances,124
vector-buffer,112
vector-builder,41
vector-bytes-instances,45
vector-instances,120
vector-mmap,124
vector-sized,50
vector-space,146
vector-split,43
vector-th-unbox,99
verbosity,57
versions,54
ViennaRNAParser,61
viewprof,39
vinyl,89
vivid,62
vivid-osc,32
vivid-supercollider,31
void,113
vty,161
wai,124
wai-app-static,112
wai-cli,38
wai-conduit,71
wai-cors,73
wai-enforce-https,14
wai-eventsource,100
wai-extra,124
wai-handler-launch,108
wai-logger,106
wai-middleware-auth,37
wai-middleware-caching,52
wai-middleware-crowd,60
wai-middleware-static,100
wai-middleware-throttle,62
wai-middleware-travisci,22
wai-predicates,74
wai-session,93
wai-session-postgresql,53
wai-slack-middleware,35
wai-transformers,55
wai-websockets,102
warp,113
warp-tls,100
warp-tls-uid,73
wave,40
wcwidth,127
web3,40
webdriver,98
webex-teams-api,22
webex-teams-conduit,22
webex-teams-pipes,22
web-routes,122
web-routes-hsp,122
web-routes-wai,122
webrtc-vad,56
websockets,117
websockets-snap,101
weeder,35
weigh,47
wide-word,38
wikicfp-scraper,47
wild-bind,43
wild-bind-x11,43
Win32,165
Win32-notify,147
windns,29
winery,22
wire-streams,45
with-location,49
witness,143
wizards,95
wl-pprint-annotated,40
wl-pprint-console,40
wl-pprint-text,109
word24,130
word8,92
wordpress-auth,15
word-trie,68
word-wrap,33
world-peace,24
wrap,63
wreq,72
writer-cps-exceptions,17
writer-cps-mtl,43
writer-cps-transformers,43
ws,29
wuss,60
X11,165
X11-xft,153
x11-xim,120
x509,84
x509-store,84
x509-system,84
x509-validation,84
Xauth,138
xdg-basedir,131
xdg-userdirs,92
xeno,37
xenstore,111
xhtml,161
xls,42
xlsx,95
xlsx-tabular,49
xml,147
xml-basic,136
xmlbf,28
xmlbf-xeno,28
xml-conduit,101
xml-conduit-parse,59
xml-conduit-writer,86
xmlgen,109
xml-hamlet,106
xml-html-qq,38
xml-indexed-cursor,37
xml-isogen,41
xml-lens,83
xml-picklers,95
xml-to-json,91
xml-to-json-fast,66
xml-types,122
xmonad,159
xmonad-contrib,151
xmonad-extras,127
xss-sanitize,117
xxhash-ffi,31
yaml,131
yeshql,49
yeshql-core,21
yeshql-hdbc,21
yesod,124
yesod-alerts,31
yesod-auth,117
yesod-auth-hashdb,73
yesod-auth-oauth2,75
yesod-bin,85
yesod-core,112
yesod-csp,53
yesod-eventsource,93
yesod-fb,93
yesod-form,112
yesod-form-bootstrap4,32
yesod-gitrepo,66
yesod-gitrev,60
yesod-newsfeed,112
yesod-paginator,100
yesod-persistent,112
yesod-recaptcha2,33
yesod-sitemap,112
yesod-static,112
yesod-test,98
yesod-text-markdown,91
yesod-websockets,74
yes-precure5-command,75
yi-language,68
yi-rope,68
yjtools,141
yoga,36
youtube,89
zero,57
zeromq4-haskell,76
zeromq4-patterns,23
zim-parser,54
zip,49
zip-archive,142
zippers,74
zip-stream,35
zlib,166
zlib-bindings,116
zlib-lens,66
zot,105
zstd,38
ztail,140
