Name,Hackage Downloads
abstract-deque,43866
abstract-deque-tests,1293
abstract-par,38675
accuerr,1441
ace,5245
action-permutations,2504
active,45841
ad,59256
adjunctions,95732
adler32,2003
advent-of-code-api,3466
aeson,439254
aeson-attoparsec,704
aeson-better-errors,11683
aeson-casing,5011
aeson-compat,17829
aeson-diff,6451
aeson-extra,11264
aeson-generic-compat,1925
aeson-iproute,2050
aeson-picker,2123
aeson-pretty,74053
aeson-qq,13505
aeson-utils,8130
aeson-yak,3637
al,8418
alarmclock,10502
alerts,1155
alex,120916
alg,6597
algebraic-graphs,6487
Allure,17098
almost-fix,1542
alsa-core,7757
alsa-mixer,10428
alsa-pcm,5773
alsa-seq,7938
alternative-vector,774
alternators,1965
ALUT,11146
amqp,36656
annotated-wl-pprint,33145
ansi-terminal,322683
ansi-wl-pprint,213998
ANum,2774
aos-signature,766
apecs,15562
apecs-gloss,1650
apecs-physics,2219
api-field-json-th,1947
appar,39542
appendmap,1689
apply-refact,8269
apportionment,2243
approximate,7649
app-settings,9804
arbor-lru-cache,650
arithmoi,28730
array,34420
array-memoize,1989
arrow-extras,1199
asciidiagram,6903
ascii-progress,10076
asif,4649
asn1-encoding,136325
asn1-parse,124946
asn1-types,150894
assert-failure,6865
assoc,1876
astro,3048
async,241260
async-extra,1350
async-refresh,2039
async-refresh-tokens,2514
async-timer,1620
atom-basic,4437
atomic-primops,22047
atomic-write,6076
attoparsec,371888
attoparsec-base64,708
attoparsec-binary,6274
attoparsec-expr,3536
attoparsec-ip,2179
attoparsec-iso8601,17564
attoparsec-path,1238
attoparsec-uri,3846
audacity,2793
aur,12179
authenticate,85211
authenticate-oauth,25921
auto,8601
autoexporter,12718
auto-update,75315
avers,13278
avers-api,4738
avers-server,5565
avro,14736
avwx,2726
aws-cloudfront-signed-cookies,1344
aws-lambda-haskell-runtime,3027
backprop,7927
bank-holidays-england,5649
barbies,4328
barrier,1882
base,40365
base16-bytestring,81589
base32string,1725
base58string,2283
base64-bytestring,230504
base64-bytestring-type,1052
base64-string,5056
base-compat,140808
base-compat-batteries,7293
basement,37849
base-noprelude,11296
base-orphans,99237
base-prelude,37651
base-unicode-symbols,99443
basic-prelude,33578
bazel-runfiles,900
bbdb,4915
bcrypt,9076
beam-core,3739
beam-migrate,3743
beam-mysql,274
beam-postgres,2633
beam-sqlite,3136
bench,6192
benchpress,9458
bench-show,1378
bencode,9915
bencoding,9937
between,3183
bibtex,8109
bifunctors,219314
bimap,11588
bimap-server,1473
binary,145618
binary-bits,5941
binary-conduit,11003
binary-ext,3253
binary-ieee754,1396
binary-list,17371
binary-orphans,14233
binary-parser,5825
binary-parsers,3582
binary-search,6247
binary-shared,9675
binary-tagged,9533
bindings-DSL,29720
bindings-GLFW,17871
bindings-libzip,7702
bindings-uname,3344
bins,1161
bitarray,8995
bitcoin-block,2758
bitcoin-script,3417
bitcoin-tx,4350
bitcoin-types,2257
bits,9791
bitset-word8,2004
bits-extra,3207
bitvec,3899
bitx-bitcoin,9347
blake2,1773
blas-carray,1729
blas-comfort-array,774
blas-ffi,2032
blas-hs,1568
blaze-bootstrap,1764
blaze-builder,294888
blaze-colonnade,2848
blaze-html,258511
blaze-markup,231611
blaze-svg,23313
blaze-textual,36145
bmp,29474
board-games,5004
boltzmann-samplers,1211
Boolean,41083
boolean-like,1341
boolean-normal-forms,2246
boolsimplifier,4324
boots,1173
bordacount,830
boring,1691
both,1482
bound,23983
BoundedChan,12741
bounded-queue,269
boundingboxes,4820
bower-json,9245
boxes,23102
brick,46132
brittany,5077
bsb-http-chunked,7022
bson,24742
bson-lens,1471
btrfs,5323
buffer-builder,9593
buffer-pipe,838
bugsnag-haskell,2312
bulletproofs,2273
butcher,7870
butter,1980
bv,5471
bv-little,1994
byteable,161419
bytedump,4424
byteorder,76278
bytes,44434
byteset,1548
bytestring,78361
bytestring-builder,66488
bytestring-conversion,9048
bytestring-lexing,23829
bytestring-strict-builder,5041
bytestring-to-vector,878
bytestring-tree-builder,9013
bzlib,18580
bzlib-conduit,7885
c2hs,41599
Cabal,281529
cabal2nix,62823
cabal2spec,3949
cabal-doctest,63336
cabal-file-th,5528
cabal-install,213626
cabal-rpm,39493
cache,2764
cacophony,5652
calendar-recycling,1117
call-stack,74833
ca-province-codes,370
carray,12556
cased,989
case-insensitive,207316
cases,5019
casing,4360
cassava,47740
cassava-conduit,8359
cassava-megaparsec,3064
cassava-records,1887
cast,1688
caster,928
category,4431
cayley-client,12790
cborg,7323
cborg-json,2800
cereal,251757
cereal-conduit,17371
cereal-text,5603
cereal-time,923
cereal-vector,9514
cfenv,557
cgi,33875
chan,2463
ChannelT,3218
charset,52399
charsetdetect-ae,7166
Chart,40034
Chart-diagrams,21464
chaselev-deque,5895
cheapskate,30979
cheapskate-highlight,941
cheapskate-lucid,949
check-email,2336
checkers,25140
checksum,530
chimera,542
chiphunk,1751
choice,3295
chronologique,1815
chronos,6142
chronos-bench,889
chunked-data,19868
cipher-aes,122567
cipher-aes128,20003
cipher-blowfish,5735
cipher-camellia,5043
cipher-des,53904
cipher-rc4,91001
circle-packing,13338
cisco-spark-api,1950
classyplate,4023
classy-prelude,55515
classy-prelude-conduit,33973
classy-prelude-yesod,27988
clay,18799
clientsession,73899
Clipboard,8055
clock,104182
clock-extras,1530
closed,1235
clr-host,2147
clr-marshal,1302
clumpiness,1404
cmark,30889
cmark-gfm,17527
cmdargs,205353
codec,2599
codec-beam,1217
codec-rpm,3732
code-page,29389
codo-notation,1830
coercible-utils,822
co-log,1319
co-log-core,1287
colonnade,6836
colorful-monoids,3231
colorize-haskell,3560
colour,102460
columnar,247
combinatorial,1431
comfort-array,2920
comfort-graph,4357
commutative,3149
comonad,239014
compact,1483
compactmap,4285
compensated,8823
compiler-warnings,836
composable-associations,830
composable-associations-aeson,791
composition,7552
composition-extra,5515
concise,2780
concurrency,9662
concurrent-extra,23232
concurrent-output,24241
concurrent-split,3115
concurrent-supply,8563
cond,11211
conduit,338498
conduit-algorithms,6143
conduit-combinators,42076
conduit-concurrent-map,813
conduit-extra,156066
conduit-iconv,3012
conduit-parse,4704
conduit-throttle,2006
conduit-zstd,933
config-ini,9639
configuration-tools,12839
configurator,25774
configurator-export,1346
configurator-pg,1070
connection,142708
connection-pool,5368
console-style,2133
constraint,3057
constraints,49036
containers,81359
contravariant,220456
contravariant-extras,6371
control-bool,3426
control-dsl,2083
control-monad-free,10733
control-monad-omega,5221
convertible,45200
cookie,169276
core-data,935
core-text,983
countable,2384
country,3423
courier,13106
cpio-conduit,1526
cpphs,208698
cprng-aes,110415
cpu,11773
cpuinfo,1221
cql,6966
cql-io,10494
crackNum,9488
crc32c,305
credential-store,1497
criterion,77466
criterion-measurement,3361
cron,13054
crypto-api,91427
crypto-api-tests,3064
cryptocipher,26269
crypto-cipher-tests,9779
crypto-cipher-types,105392
cryptocompare,2283
crypto-enigma,9854
cryptohash,165981
cryptohash-cryptoapi,19191
cryptohash-md5,18429
cryptohash-sha1,20006
cryptohash-sha256,30034
cryptohash-sha512,1506
cryptonite,106194
cryptonite-conduit,7752
cryptonite-openssl,7439
crypto-numbers,97376
crypto-pubkey,99522
crypto-pubkey-openssh,6313
crypto-pubkey-types,109144
crypto-random,106644
crypto-random-api,6322
crypt-sha512,944
csp,2534
css-syntax,4017
css-text,60346
csv,12059
ctrie,4096
cubicbezier,9592
cubicspline,2729
cublas,4535
cuckoo-filter,1591
cuda,26561
cue-sheet,2778
cufft,7494
curl,27384
currencies,2485
currency,2282
cusparse,1368
cutter,842
cyclotomic,7508
czipwith,3694
data-accessor,36091
data-accessor-mtl,6562
data-accessor-template,20301
data-accessor-transformers,11031
data-binary-ieee754,35779
data-bword,4718
data-checked,5167
data-clist,13740
data-default,228313
data-default-class,254006
data-default-instances-containers,207769
data-default-instances-dlist,207647
data-default-instances-old-locale,206973
data-diverse,11647
data-diverse-lens,6661
datadog,2643
data-dword,9099
data-endian,6071
data-fix,6612
data-has,2394
data-inttrie,12054
data-lens-light,9940
data-memocombinators,11821
data-msgpack,7046
data-msgpack-types,1659
data-or,2381
data-ordlist,17876
data-ref,3351
data-reify,9759
data-serializer,5308
datasets,6043
data-textual,6688
data-tree-print,3378
dataurl,891
DAV,26962
dbcleaner,2432
DBFunctor,1082
dbus,27656
debian-build,15118
debug,2187
debug-trace-var,827
dec,1523
decidable,2435
Decimal,12039
declarative,5120
deepseq,49064
deepseq-generics,40709
deferred-folds,14329
dejafu,25995
dense-linear-algebra,2598
dependent-map,11377
dependent-sum,14380
dependent-sum-template,6403
deque,8416
deriveJsonNoPrefix,844
deriving-compat,16525
derulo,4075
detour-via-sci,577
dhall,22772
dhall-bash,9858
dhall-json,12759
diagrams,23846
diagrams-contrib,36688
diagrams-core,39620
diagrams-lib,54906
diagrams-postscript,25927
diagrams-rasterific,14677
diagrams-solve,9743
diagrams-svg,41012
di-core,1547
dictionary-sharing,1263
Diff,56537
digest,96358
digits,4587
dimensional,18704
di-monad,2024
directory,96332
directory-tree,28432
direct-sqlite,27789
discount,1730
disk-free-space,4389
distributed-closure,5234
distribution-nixpkgs,3797
distribution-opensuse,1132
distributive,214403
dl-fedora,1019
dlist,358509
dlist-instances,12748
dlist-nonempty,1456
dns,38531
dockerfile,1758
docopt,6274
doctemplates,23921
doctest,62292
doctest-discover,5604
doctest-driver-gen,3449
doldol,409
do-list,3111
dom-parser,3612
do-notation,940
dotenv,18308
dotgen,7928
dotnet-timespan,1028
double-conversion,28745
download,8357
drinkery,2562
dsp,5646
dual,1201
dual-tree,37704
dublincore-xml-conduit,1695
dunai,5290
dunai-core,463
duration,516
dvorak,1008
dynamic-state,10882
dyre,26895
eap,3198
Earley,13224
easy-file,50916
easytest,2324
Ebnf2ps,6086
echo,20236
ecstasy,1737
ed25519,34651
edit-distance,39134
edit-distance-vector,3274
editor-open,5619
either,106183
either-both,915
ekg,28748
ekg-core,17613
ekg-json,12508
ekg-statsd,10071
elerea,18464
elf,7227
eliminators,3064
elm2nix,691
elm-bridge,6196
elm-core-sources,1261
elm-export,6121
emacs-module,622
email-validate,53025
emd,3355
enclosed-exceptions,27197
ENIG,570
entropy,113915
enummapset,5185
enumset,5038
enum-subset-generate,607
enum-text,757
enum-text-rio,345
envelope,2581
envy,8619
epub-metadata,9703
eq,17350
equal-files,5604
erf,38321
errors,54060
errors-ext,3945
error-util,1301
ersatz,12449
esqueleto,73883
etc,4884
eventful-core,2715
eventful-memory,2622
eventful-sql-common,2638
eventful-sqlite,2560
eventful-test-helpers,2549
event-list,13080
eventstore,27766
every,1239
exact-combinatorics,3992
exact-pi,10225
exceptional,8016
exception-mtl,11817
exceptions,307036
exception-transformers,15201
executable-hash,3434
executable-path,31082
exit-codes,1484
exomizer,587
expiring-cache-map,7547
explicit-exception,14732
exp-pairs,5616
extensible-exceptions,136863
extra,106827
extractable-singleton,1808
extrapolate,5100
fail,93913
failable,3014
fakedata,1940
farmhash,3689
fast-builder,5384
fast-digits,2037
fast-logger,126732
fast-math,4531
fb,55322
fclabels,57237
feature-flags,1782
fedora-dists,1647
feed,33435
FenwickTree,3564
fft,12247
fgl,47691
fib,266
filecache,8042
file-embed,88622
file-embed-lzma,975
filelock,19422
filemanip,36874
file-modules,3682
filepath,42688
filepattern,3106
fileplow,773
filter-logger,2819
filtrable,3927
fin,2334
FindBin,6323
fingertree,76216
finite-typelits,4549
first-class-families,2979
first-class-patterns,5416
fitspec,5651
fixed,11110
fixed-length,4387
fixed-vector,20411
fixed-vector-hetero,5126
flac,2264
flac-picture,1637
flags-applicative,3018
flat-mcmc,5620
flay,1838
flexible-defaults,10016
FloatingHex,4445
floatshow,4847
flow,7484
fmlist,29729
fmt,6130
fmt-for-rio,221
fn,6064
focus,14404
focuslist,958
foldable1,596
fold-debounce,5975
fold-debounce-conduit,4412
foldl,36677
folds,8152
follow-file,2270
FontyFruity,15172
force-layout,22540
foreign-store,4332
forkable-monad,2953
forma,2644
format-numbers,910
formatting,27225
foundation,74833
free,188340
freenect,4504
freer-simple,2699
freetype2,4297
free-vl,3623
friendly-time,5543
frisby,3140
from-sum,2946
frontmatter,1902
fsnotify,73629
fsnotify-conduit,1491
funcmp,6601
function-builder,2586
functor-classes-compat,1109
functor-combinators,1130
fused-effects,4622
fuzzcheck,1266
fuzzy-dates,1703
fuzzyset,3889
galois-field,1508
gauge,5160
gc,2137
gd,12401
gdp,956
general-games,4851
generic-arbitrary,4886
generic-data,3442
generic-data-surgery,667
generic-deriving,94904
generic-lens,8070
GenericPretty,15408
generic-random,7242
generics-eot,3374
generics-mrsop,1538
generics-sop,24641
generics-sop-lens,3256
genvalidity,11897
genvalidity-aeson,2299
genvalidity-bytestring,3154
genvalidity-containers,5348
genvalidity-hspec,9668
genvalidity-hspec-aeson,4306
genvalidity-hspec-binary,2504
genvalidity-hspec-cereal,2926
genvalidity-hspec-hashable,2681
genvalidity-hspec-optics,1332
genvalidity-path,3842
genvalidity-property,3873
genvalidity-scientific,2144
genvalidity-text,5234
genvalidity-time,4175
genvalidity-unordered-containers,2782
genvalidity-uuid,1686
genvalidity-vector,2684
geojson,8190
getopt-generics,15207
ghc,2980
ghc-boot,5526
ghc-boot-th,12227
ghc-compact,1153
ghc-core,10598
ghc-exactprint,19487
ghci,5093
ghcid,23684
ghci-hexcalc,1220
ghcjs-codemirror,6379
ghc-lib,5651
ghc-lib-parser,8033
ghc-parser,9863
ghc-paths,134531
ghc-prim,13897
ghc-prof,8725
ghc-syntax-highlighter,2156
ghc-tcplugins-extra,7320
ghc-typelits-extra,8576
ghc-typelits-knownnat,9961
ghc-typelits-natnormalise,16517
ghost-buster,790
gi-atk,15983
gi-cairo,14746
gi-gdk,16157
gi-gdkpixbuf,16926
gi-gio,18480
gi-glib,18922
gi-gobject,16546
gi-gtk,20073
gi-gtk-hs,8270
gi-gtksource,10318
gi-javascriptcore,24055
ginger,23184
gingersnap,4796
gi-pango,15902
githash,4680
github-release,12228
github-types,5094
github-webhooks,2085
gitrev,24439
gi-vte,13787
gl,15270
glabrous,8637
glaze,1721
glazier,4512
GLFW-b,36623
Glob,68751
gloss,48398
gloss-algorithms,5489
gloss-examples,30245
gloss-raster,18674
gloss-rendering,13347
GLURaw,37783
GLUT,51446
gnuplot,20523
google-isbn,1582
google-oauth2-jwt,5030
gpolyline,1976
graph-core,5774
graphite,10012
graphs,11111
graphviz,49327
graph-wrapper,11576
gravatar,7946
graylog,1223
greskell,3429
greskell-core,3041
greskell-websocket,1499
groom,7674
groundhog,21329
groundhog-inspector,4407
groundhog-mysql,10032
groundhog-postgresql,15774
groundhog-sqlite,13673
groundhog-th,16528
group-by-date,2800
grouped-list,5660
groups,35121
guarded-allocation,901
gym-http-api,1016
H,2437
hackage-db,13860
hackage-security,34515
haddock-library,65452
hadolint,11696
half,19438
hamilton,1996
hamtsolo,1555
HandsomeSoup,10332
hapistrano,16170
happy,148705
hasbolt,10383
hashable,417269
hashable-time,4469
hashids,3332
hashmap,12664
hashtables,69372
haskeline,96902
haskell-gi,19102
haskell-gi-base,21637
haskell-gi-overloading,5117
haskell-lexer,40860
haskell-lsp,11209
haskell-lsp-types,9149
haskell-names,27775
haskell-spacegoo,2277
haskell-src,29109
haskell-src-exts,227569
haskell-src-exts-util,13473
haskell-src-meta,55699
haskey-btree,1985
haskintex,10523
haskoin-core,7801
hasql,35929
hasql-optparse-applicative,4958
hasql-pool,5897
hasql-transaction,10113
hasty-hamiltonian,4205
HaTeX,33525
haxl,7668
hbeanstalk,4165
HCodecs,14643
hdaemonize,13448
HDBC,33083
HDBC-mysql,15692
HDBC-session,5120
heap,16248
heaps,17596
hebrew-time,4622
hedgehog,13333
hedgehog-corpus,945
hedgehog-fn,1023
hedis,40651
hedn,7329
here,14044
heredoc,5455
heterocephalus,7103
hex,16428
hexml,3475
hexml-lens,2019
hexpat,49291
hexstring,3016
hformat,7943
hfsevents,19131
hidapi,3877
hidden-char,1792
hi-file-parser,1029
higher-leveldb,7346
highlighting-kate,107586
hinfo,1080
hinotify,57096
hint,54127
hjsmin,48842
hkgr,1810
hledger,45180
hledger-iadd,11601
hledger-interest,8250
hledger-lib,38567
hledger-ui,17621
hledger-web,39273
hlibgit2,19910
hlibsass,7062
hlint,198329
hmatrix,52011
hmatrix-backprop,2726
hmatrix-gsl,6560
hmatrix-gsl-stats,21474
hmatrix-morpheus,2604
hmatrix-vector-sized,1772
hmm-lapack,1183
hmpfr,13175
hoauth2,33349
Hoed,8717
hoogle,85088
hOpenPGP,45682
hopenpgp-tools,27018
hopenssl,10550
hopfli,3500
hosc,22513
hostname,64675
hostname-validate,1294
hourglass,81957
hourglass-orphans,772
hp2pretty,6685
hpack,41075
hpack-dhall,2071
hpc,18888
hquantlib-time,544
hreader,4491
hreader-lens,2040
hruby,17092
hsass,5087
hs-bibutils,38842
hsc2hs,17555
hschema,693
hschema-aeson,654
hschema-prettyprinter,679
hschema-quickcheck,612
hscolour,107480
hsdev,36812
hsdns,8805
hsebaysdk,3335
hsemail,12306
hset,6911
HSet,1476
hsexif,15295
hs-functors,2439
hs-GeoIP,2631
hsini,9924
hsinstall,4283
HSlippyMap,8338
hslogger,81066
hslua,99677
hslua-aeson,3887
hslua-module-system,2973
hslua-module-text,13726
HsOpenSSL,62624
HsOpenSSL-x509-system,3143
hsp,16027
hspec,177704
hspec-attoparsec,2694
hspec-checkers,2015
hspec-contrib,6258
hspec-core,88820
hspec-discover,80052
hspec-expectations,111928
hspec-expectations-lifted,2767
hspec-expectations-pretty-diff,2449
hspec-golden-aeson,5351
hspec-leancheck,986
hspec-megaparsec,6806
hspec-meta,36133
hspec-need-env,1384
hspec-pg-transact,1520
hspec-smallcheck,12067
hspec-wai,16573
hspec-wai-json,5322
hs-php-session,3051
hsshellscript,8651
hstatsd,3199
HStringTemplate,42068
HSvm,2464
HsYAML,9434
hsyslog,14502
htaglib,4930
HTF,45991
html,25086
html-conduit,33248
html-email-validate,1296
html-entities,7750
html-entity-map,1349
htoml,8732
HTTP,230215
http2,56870
http-api-data,34220
http-client,247983
http-client-tls,143226
http-common,6846
http-conduit,227554
http-date,82573
http-directory,1674
http-download,1304
httpd-shed,6650
http-link-header,4786
http-media,26897
http-reverse-proxy,48663
http-streams,24767
http-types,209248
human-readable-duration,4487
HUnit,200579
HUnit-approx,3103
hunit-dejafu,11573
hvect,4494
hvega,3333
hw-balancedparens,6403
hw-bits,15245
hw-conduit,5278
hw-conduit-merges,522
hw-diagnostics,2854
hw-dsv,3787
hweblib,5975
hw-eliasfano,1858
hw-excess,3983
hw-fingertree,1684
hw-fingertree-strict,2324
hw-hedgehog,2102
hw-hspec-hedgehog,3499
hw-int,1920
hw-ip,6369
hw-json,10987
hw-json-simd,1133
hw-mquery,2825
hw-packed-vector,1633
hw-parser,2851
hw-prim,33110
hw-rankselect,14879
hw-rankselect-base,4963
hw-simd,3485
hw-streams,3123
hw-string-parse,2663
hw-succinct,6352
hxt,64066
hxt-charproperties,42599
hxt-css,2508
hxt-curl,3411
hxt-expat,2182
hxt-http,8580
hxt-regex-xmlschema,42655
hxt-tagsoup,5025
hxt-unicode,39829
hybrid-vectors,5739
hyper,1823
hyperloglog,10871
hyphenation,14770
hyraxAbif,2542
iconv,8178
identicon,2345
ieee754,54646
if,864
iff,3798
ihaskell,21399
ihs,1787
ilist,3745
imagesize-conduit,8387
Imlib,2556
immortal,3140
include-file,2852
incremental-parser,12391
indentation-core,1829
indentation-parsec,1686
indents,16577
indexed,2718
indexed-list-literals,2837
infer-license,3131
inflections,12440
influxdb,28003
ini,18784
inj,640
inline-c,18917
inline-c-cpp,5119
inline-r,7735
inliterate,800
insert-ordered-containers,10830
inspection-testing,6118
instance-control,2260
int-cast,2776
integer-gmp,12066
integer-logarithms,117170
integration,6171
intern,17472
interpolate,8889
interpolatedstring-perl6,8856
interpolatedstring-qq2,237
interpolation,3070
interpolator,1156
IntervalMap,15924
intervals,41333
intro,11497
intset-imperative,525
invariant,14827
invertible,4161
invertible-grammar,1035
io-choice,35445
io-machine,1278
io-manager,2372
io-memoize,2549
io-region,1513
io-storage,14190
io-streams,50483
io-streams-haproxy,12108
ip,14840
ip6addr,8228
iproute,59334
IPv6Addr,11070
ipynb,3784
ipython-kernel,10743
irc,10594
irc-client,12473
irc-conduit,8866
irc-ctcp,3733
islink,1076
iso3166-country-codes,7670
iso639,3132
iso8601-time,6908
iterable,2638
ixset-typed,7428
ix-shapable,2477
jack,7576
jailbreak-cabal,12354
jose,16132
jose-jwt,15119
js-dgtable,2425
js-flot,26197
js-jquery,33838
json,67120
json-alt,573
json-autotype,23161
json-feed,4871
jsonpath,705
json-rpc,15767
json-rpc-client,5259
json-rpc-generic,4703
json-rpc-server,7966
JuicyPixels,105365
JuicyPixels-extra,4402
JuicyPixels-scale-dct,3480
justified-containers,3141
jwt,14725
kan-extensions,94742
kanji,4084
katip,14628
kawhi,3461
kazura-queue,2122
kdt,4144
keycode,3686
keys,63833
kind-apply,1522
kind-generics,1980
kind-generics-th,1015
kleene,714
kmeans,3212
koofr-client,3682
kraken,2728
l10n,1082
labels,4100
lackey,9639
lambdabot-core,4464
lambdabot-irc-plugins,3939
LambdaHack,19939
lame,1502
language-c,37294
language-c-quote,35737
language-docker,6701
language-ecmascript,30924
language-haskell-extract,21393
language-java,21621
language-javascript,65497
language-nix,3543
language-puppet,40680
lapack,2779
lapack-carray,1663
lapack-comfort-array,560
lapack-ffi,1380
lapack-ffi-tools,2256
largeword,12288
latex,3533
lattices,12586
lawful,561
lazy-csv,3700
lazyio,6466
lca,6634
leancheck,10227
leancheck-instances,921
leapseconds-announced,4224
learn-physics,7765
lens,307203
lens-action,6319
lens-aeson,24792
lens-datetime,3530
lens-family,10455
lens-family-core,13011
lens-family-th,8198
lens-misc,530
lens-process,2204
lens-properties,2673
lens-regex,1151
lens-regex-pcre,1788
lens-simple,6149
lens-typelevel,946
lenz,5179
leveldb-haskell,12807
libffi,16373
libgit,2411
libgraph,6335
libmpd,27442
liboath-hs,790
libraft,2109
libyaml,6792
LibZip,10046
lifted-async,45182
lifted-base,261023
lift-generics,1935
line,6143
linear,74964
linear-circuit,1437
linux-file-extents,1716
linux-namespaces,2945
List,32962
ListLike,43504
listsafe,1619
list-t,22804
ListTree,3616
list-witnesses,1242
llvm-hs,8653
llvm-hs-pure,6537
lmdb,3956
load-env,6131
loc,5467
locators,4798
loch-th,8803
lockfree-queue,3905
log-base,3837
log-domain,20804
logfloat,18315
logger-thread,1597
logging-effect,8249
logging-facade,6678
logging-facade-syslog,760
logict,43055
loop,9260
loopbreaker,408
lrucache,27472
lrucaching,4129
lsp-test,7089
lucid,22985
lucid-extras,1709
lxd-client-config,1233
lzma,3911
lzma-conduit,12642
machines,19384
machines-binary,2063
machines-directory,7006
machines-io,6857
magico,2669
mainland-pretty,22042
main-tester,984
makefile,5769
managed,10403
markdown,20611
markdown-unlit,7373
markov-chain,8079
massiv,11153
massiv-io,3130
massiv-test,563
mathexpr,1752
math-functions,57237
matplotlib,7295
matrices,8205
matrix,20689
matrix-market-attoparsec,4648
matrix-static,1176
maximal-cliques,1816
mbox,4686
mbtiles,2280
mcmc-types,2454
median-stream,3339
megaparsec,40423
megaparsec-tests,467
mega-sdist,14764
memory,104258
MemoTrie,52230
menshen,1048
mercury-api,1802
merkle-tree,1103
mersenne-random-pure64,19130
messagepack,7416
metrics,4817
mfsolve,4763
microformats2-parser,5890
microlens,46965
microlens-aeson,6401
microlens-contra,1657
microlens-ghc,18781
microlens-mtl,26952
microlens-platform,21752
microlens-process,1777
microlens-th,30983
microspec,1932
microstache,8984
midair,2250
midi,17446
midi-music-box,3717
mighty-metropolis,3487
mime-mail,62794
mime-mail-ses,16520
mime-types,139865
minimorph,8753
minio-hs,5684
miniutter,8992
mintty,16250
miso,19001
missing-foreign,4000
MissingH,57081
mixed-types-num,5077
mltool,2162
mmap,29794
mmark,9319
mmark-cli,1806
mmark-ext,3100
mmorph,234979
mmtf,1941
mnist-idx,3223
mockery,7739
modern-uri,5974
modular,2511
monad-control,271424
monad-control-aligned,1518
monad-coroutine,8165
monad-extras,12359
monadic-arrays,5599
monad-journal,38742
monad-logger,105111
monad-logger-json,969
monad-logger-prefix,4721
monad-logger-syslog,3858
monad-loops,92483
monad-memo,6891
monad-metrics,3544
monad-par,47724
monad-parallel,10278
monad-par-extras,38374
monad-peel,4280
monad-products,7170
MonadPrompt,12457
MonadRandom,114658
monad-skeleton,6094
monad-st,7464
monads-tf,55245
monad-time,4123
monad-unlift,5549
monad-unlift-ref,1325
mongoDB,42587
monoidal-containers,8572
monoid-extras,45065
monoid-subclasses,22429
monoid-transformer,4986
mono-traversable,71905
mono-traversable-instances,2334
mono-traversable-keys,424
more-containers,3750
mountpoints,3656
mpi-hs,2400
msgpack,17299
msgpack-aeson,845
mtl,456914
mtl-compat,15699
mtl-prelude,7027
multiarg,14524
multimap,5714
multipart,8517
multiset,18843
multistate,9688
murmur3,2376
murmur-hash,15483
MusicBrainz,8008
mustache,13586
mutable-containers,14157
mwc-probability,6911
mwc-probability-transition,2131
mwc-random,113228
mysql,17718
mysql-haskell,6942
mysql-haskell-nem,806
mysql-simple,20044
n2o,665
nagios-check,3439
named,1418
names-th,6024
nano-erl,1287
nanospec,6016
nats,267297
natural-induction,1871
natural-sort,3496
natural-transformation,11543
ndjson-conduit,3224
neat-interpolation,18173
netlib-carray,1490
netlib-comfort-array,533
netlib-ffi,1728
netpbm,5650
netrc,1792
nettle,3700
netwire,18855
netwire-input,3382
netwire-input-glfw,4093
network,381418
network-anonymous-i2p,2503
network-attoparsec,5754
network-bsd,3472
network-byte-order,6445
network-conduit-tls,20673
network-house,2215
network-info,52921
network-ip,7045
network-messagepack-rpc,1229
network-multicast,18276
network-simple,13562
network-simple-tls,4330
network-transport,18675
network-transport-composed,1946
network-uri,137141
newtype,37660
newtype-generics,16616
nicify-lib,1684
NineP,3115
nix-paths,2026
NoHoed,1314
nonce,9396
nondeterminism,2079
non-empty,6632
nonempty-containers,2103
nonemptymap,1535
non-empty-sequence,1436
non-negative,9738
not-gloss,16027
no-value,242
nowdoc,1756
nqe,2760
nsis,7895
numbers,15469
numeric-extras,5643
numeric-prelude,16968
numhask,7905
NumInstances,32899
numtype-dk,3901
nuxeo,3018
nvim-hs,6960
nvim-hs-contrib,2226
nvvm,3731
oauthenticated,5348
ObjectName,14092
oblivious-transfer,433
odbc,3665
oeis,13779
oeis2,1279
ofx,3913
old-locale,116483
old-time,103808
once,1895
one-liner,11788
one-liner-instances,1117
OneTuple,15239
Only,11616
oo-prototypes,5782
opaleye,14642
OpenAL,13594
open-browser,8885
openexr-write,1458
OpenGL,62900
OpenGLRaw,56394
openpgp-asciiarmor,3241
opensource,1177
openssl-streams,10841
open-witness,2919
operational,20224
operational-class,2762
optional-args,6408
options,8851
optparse-applicative,213948
optparse-enum,202
optparse-generic,9254
optparse-simple,15569
optparse-text,2583
ordered-containers,2470
oset,1344
overhang,618
packcheck,2490
pager,1440
pagination,2169
pairing,2840
palette,5157
pandoc,204500
pandoc-citeproc,72702
pandoc-csv2table,4433
pandoc-markdown-ghci-filter,201
pandoc-pyplot,3908
pandoc-types,114113
pantry,1945
parallel,164890
parallel-io,28811
paripari,2157
parseargs,14997
parsec,363426
parsec-class,605
parsec-numbers,6476
parsec-numeric,847
ParsecTools,1797
parser-combinators,19367
parser-combinators-tests,834
parsers,65423
partial-handler,4579
partial-isomorphisms,3230
partial-semigroup,5014
password,481
password-instances,965
path,21642
path-extra,4087
path-io,17491
path-pieces,62882
path-text-utf8,2343
pathtype,9448
pathwalk,4466
pattern-arrows,12629
pcf-font,2252
pcf-font-embed,1420
pcg-random,5478
pcre-heavy,7177
pcre-light,24154
pcre-utils,7563
pdfinfo,7707
peano,1969
pedersen-commitment,909
pem,148523
pencil,1729
percent-format,505
peregrin,1547
perfect-hash-generator,3086
persist,1523
persistable-record,13509
persistable-types-HDBC-pg,5250
persistent,159602
persistent-iproute,1516
persistent-mysql,29271
persistent-mysql-haskell,6156
persistent-pagination,521
persistent-postgresql,59171
persistent-qq,988
persistent-sqlite,80912
persistent-template,110107
persistent-typed-db,802
pg-harness-client,2315
pg-harness-server,2972
pgp-wordlist,2492
pg-transact,2121
phantom-state,4455
pid1,5763
pinboard,21063
pipes,66111
pipes-aeson,8788
pipes-attoparsec,11812
pipes-binary,8230
pipes-bytestring,18256
pipes-category,1821
pipes-concurrency,14608
pipes-csv,5907
pipes-extras,7459
pipes-fastx,899
pipes-fluid,2885
pipes-group,17175
pipes-http,8324
pipes-misc,3940
pipes-network,12392
pipes-network-tls,3188
pipes-parse,19982
pipes-random,2778
pipes-safe,20182
pipes-wai,2719
pkcs10,3804
placeholders,7012
planb-token-introspection,1515
plotlyhs,1547
pointed,60354
pointedlist,21008
pointless-fun,2983
poll,1909
poly,1095
poly-arity,4127
polynomials-bernstein,2867
polyparse,169639
polysemy,5034
polysemy-plugin,2593
polysemy-zoo,2704
pooled-io,4333
port-utils,2008
posix-paths,9349
possibly,578
postgresql-binary,21233
postgresql-libpq,44086
postgresql-orm,6398
postgresql-schema,6221
postgresql-simple,69874
postgresql-simple-migration,7013
postgresql-simple-queue,5251
postgresql-simple-url,3625
postgresql-transactional,1200
postgresql-typed,8759
post-mess-age,1984
pptable,1913
pqueue,12217
prefix-units,3054
prelude-compat,1534
prelude-safeenum,3274
present,7780
pretty,33885
prettyclass,13991
pretty-class,2705
pretty-hex,2670
prettyprinter,11642
prettyprinter-ansi-terminal,5892
prettyprinter-compat-annotated-wl-pprint,1300
prettyprinter-compat-ansi-wl-pprint,1850
prettyprinter-compat-wl-pprint,1556
prettyprinter-convert-ansi-wl-pprint,1109
pretty-show,64219
pretty-simple,12141
pretty-sop,3168
pretty-types,4637
primes,12889
primitive,413871
primitive-extras,12161
prim-uniq,2798
probability,9024
process,96751
process-extras,31849
product-isomorphic,2614
product-profunctors,9385
profiterole,869
profunctors,206796
projectroot,2020
project-template,29735
prometheus-client,3141
promises,3329
prompt,2378
prospect,454
protobuf,8622
protobuf-simple,3925
protocol-buffers,36828
protocol-buffers-descriptor,28413
protocol-radius,949
protocol-radius-test,1054
proto-lens,8586
proto-lens-arbitrary,5663
proto-lens-optparse,4246
proto-lens-protobuf-types,3285
proto-lens-protoc,9864
proto-lens-runtime,1868
proto-lens-setup,1178
protolude,11264
proxied,2420
psql-helpers,744
psqueues,41574
pureMD5,42654
purescript-bridge,15325
pure-zlib,4501
pushbullet-types,2551
pusher-http-haskell,11255
qchas,1450
qm-interpolated-string,2332
qnap-decrypt,1820
qrcode-core,991
qrcode-juicypixels,376
quadratic-irrational,3640
QuasiText,4642
quickbench,793
QuickCheck,356609
quickcheck-arbitrary-adt,2208
quickcheck-assertions,4043
quickcheck-classes,8882
quickcheck-instances,40962
quickcheck-io,99030
quickcheck-simple,3623
quickcheck-special,3151
quickcheck-state-machine,3978
quickcheck-text,12858
quickcheck-transformer,541
quickcheck-unicode,4267
radius,3799
rainbow,18663
rainbox,10488
ramus,1984
rando,1242
random,377590
random-bytestring,2750
random-fu,18087
random-shuffle,25204
random-source,8579
random-tree,816
range,4610
Ranged-sets,5323
range-set-list,6852
rank1dynamic,10930
rank2classes,5835
Rasterific,18566
rasterific-svg,9650
ratel,9250
ratel-wai,5358
rattle,275
rattletrap,27838
rawfilepath,3533
rawstring-qm,4224
raw-strings-qq,7169
rcu,3092
rdf,1867
re2,1605
readable,17752
read-editor,1772
read-env-var,1603
reanimate,2420
reanimate-svg,3320
rebase,19335
record-dot-preprocessor,2349
record-hasfield,351
records-sop,1532
recursion-schemes,28753
reducers,59693
refact,25535
references,7680
reflection,172918
RefSerialize,14345
regex,16069
regex-applicative,17770
regex-applicative-text,5821
regex-base,213107
regex-compat,64589
regex-compat-tdfa,9394
regex-pcre,19196
regex-pcre-builtin,19196
regex-pcre-text,1331
regex-posix,143194
regex-tdfa,129935
regex-tdfa-text,14981
regex-with-pcre,8847
registry,8661
reinterpret-cast,2909
relapse,2982
relational-query,42428
relational-query-HDBC,16623
relational-record,10117
relational-schemas,11823
relude,3115
renderable,2538
repa,38195
repa-algorithms,17215
repa-io,16647
replace-attoparsec,826
replace-megaparsec,1891
repline,7350
req,7725
req-conduit,2627
require,2506
rerebase,6427
resistor-cube,2848
resource-pool,71041
resourcet,264223
result,4017
rethinkdb-client-driver,14793
retry,36577
rev-state,2508
rfc1751,959
rfc5051,25702
rg,649
rhine,4632
rhine-gloss,2319
rigel-viz,625
rio,9915
rio-orphans,1670
rio-prettyprint,1038
roc-id,443
rocksdb-haskell,5601
rocksdb-query,2063
roles,792
rope-utf16-splay,2089
rosezipper,4137
rot13,2867
rpmbuild-order,1128
RSA,28039
runmemo,1895
rvar,7758
s3-signer,2635
safe,175915
safecopy,42599
safe-exceptions,12141
safe-exceptions-checked,1119
safe-foldable,552
safeio,2434
safe-json,558
safe-money,4373
SafeSemaphore,29145
salak,6157
salak-toml,2127
salak-yaml,2276
saltine,5584
salve,5944
sample-frame,2719
sample-frame-np,4521
sampling,2936
sandman,2350
say,3450
sbp,26634
sbv,43715
scalpel,8920
scalpel-core,2068
scanf,522
scanner,4161
scheduler,2247
scientific,354740
scotty,42757
scrypt,11629
sdl2,17847
sdl2-gfx,802
sdl2-image,4437
sdl2-mixer,1342
sdl2-ttf,5462
secp256k1-haskell,1951
securemem,108640
selda,9415
selda-json,458
selda-postgresql,6327
selda-sqlite,5248
selective,1027
semialign,1383
semigroupoid-extras,16907
semigroupoids,235107
semigroups,414086
semirings,6046
semiring-simple,2980
semver,9247
sendfile,26340
seqalign,2380
serf,1512
serialise,4016
servant,40208
servant-auth,5426
servant-auth-docs,4297
servant-auth-server,8675
servant-auth-swagger,2935
servant-auth-wordpress,567
servant-blaze,15318
servant-cassava,5919
servant-checked-exceptions,5726
servant-checked-exceptions-core,957
servant-cli,558
servant-client,26437
servant-client-core,5614
servant-conduit,473
servant-docs,19663
servant-elm,5157
servant-foreign,8339
servant-http-streams,525
servant-js,7260
servant-JuicyPixels,3797
servant-kotlin,4073
servant-lucid,10798
servant-machines,427
servant-mock,9377
servant-multipart,7044
servant-pipes,541
servant-rawm,2491
servant-ruby,6018
servant-server,34308
servant-static-th,4221
servant-swagger,19031
servant-swagger-ui,11140
servant-swagger-ui-core,1798
servant-swagger-ui-redoc,1231
servant-tracing,941
servant-xml,1644
servant-yaml,3553
serversession,1527
serversession-frontend-wai,915
servius,9916
ses-html,4339
set-cover,6396
setenv,124927
setlocale,15019
sexp-grammar,4522
sexpr-parser,1157
SHA,119820
shake,98717
shake-language-c,9741
shakespeare,94037
shared-memory,1175
ShellCheck,32363
shell-conduit,10673
shell-escape,2974
shellmet,895
shelltestrunner,15600
shelly,103749
shikensu,7259
shortcut-links,3394
should-not-typecheck,3923
show-combinators,1335
shower,957
show-prettyprint,4765
siggy-chardust,583
signal,2607
silently,70282
simple,11746
simple-cabal,741
simple-cmd,2489
simple-cmd-args,1533
simple-log,22214
simple-reflect,12745
simple-sendfile,117414
simple-session,5066
simple-templates,4471
simple-vec3,6012
simplistic-generics,279
since,657
singleton-bool,5858
singleton-nats,5788
singletons,27781
siphash,5483
size-based,1604
sized-grid,1951
skein,62336
skews,991
skip-var,700
skylighting,41568
skylighting-core,13534
slack-web,4345
smallcheck,32915
smallcheck-series,3694
smoothie,13601
snap-blaze,8740
snap-core,89399
snap-server,95283
snowflake,2273
soap,11724
soap-tls,3052
socket-activation,2271
socks,147035
sop-core,3756
sort,1931
sorted-list,7937
sourcemap,14931
sox,9628
soxlib,4167
sparse-linear-algebra,8788
spatial-math,12377
special-values,754
speculate,7427
speedy-slice,3916
sphinx,15553
Spintax,3672
splice,7667
split,195062
splitmix,5574
spoon,6889
spreadsheet,8148
sqlite-simple,23226
sqlite-simple-errors,3197
sql-words,8799
srcloc,14162
stache,10535
stack,39864
starter,1394
state-codes,1967
stateref,7432
statestack,13971
StateVar,74368
static-text,1640
statistics,78588
stb-image-redux,4760
step-function,3327
stm,325209
stm-chans,73514
stm-conduit,25431
stm-delay,8151
stm-extras,1872
stm-split,3225
stopwatch,3029
storable-complex,16376
storable-record,13564
storable-tuple,8912
storablevector,16801
store,17802
store-core,10776
Strafunski-StrategyLib,8984
stratosphere,29001
streaming,21419
streaming-attoparsec,884
streaming-bytestring,11660
streaming-cassava,1042
streaming-commons,205083
streaming-wai,1053
streamly,4974
streamproc,5375
streams,20447
strict,58408
strict-base-types,7291
strict-concurrency,7492
strict-list,2630
stringbuilder,15129
string-class,4426
string-combinators,7061
string-conv,3894
string-conversions,23197
string-interpolate,931
string-qq,12483
stringsearch,79292
string-transform,2320
stripe-concepts,670
stripe-scotty,366
stripe-signature,554
stripe-wreq,475
strive,14419
structs,2156
structured-cli,6620
summoner,3413
sum-type-boilerplate,1228
sundown,12039
superbuffer,3542
sv,2652
sv-cassava,1017
sv-core,2568
svg-builder,7802
SVGFonts,23117
svg-tree,10591
swagger,3319
swagger2,23720
swish,34736
syb,293110
symbol,13023
symengine,837
sysinfo,1381
system-argv0,6538
systemd,7500
system-fileio,88542
system-filepath,112734
tabular,10664
tagchup,5537
tagged,327496
tagged-binary,2622
tagged-identity,1906
tagged-transformer,10339
tagshare,11126
tagsoup,163755
tagstream-conduit,36885
tao,501
tao-example,510
tar,113965
tar-conduit,5400
tardis,2634
tasty,105758
tasty-ant-xml,17715
tasty-dejafu,10654
tasty-discover,8143
tasty-expected-failure,5067
tasty-golden,28838
tasty-hedgehog,4410
tasty-hspec,13123
tasty-hunit,54663
tasty-kat,3377
tasty-leancheck,452
tasty-lua,1349
tasty-program,3189
tasty-quickcheck,47689
tasty-silver,13576
tasty-smallcheck,14734
tasty-th,13471
TCache,27864
tce-conf,1522
tcp-streams,5699
tcp-streams-openssl,1558
tdigest,2233
template-haskell,36373
template-toolkit,842
temporary,153292
temporary-rc,6030
temporary-resourcet,1718
tensorflow-test,769
tensors,1518
termbox,570
terminal-progress-bar,9999
terminal-size,23139
terminfo,74041
test-framework,92211
test-framework-hunit,63372
test-framework-leancheck,453
test-framework-quickcheck2,56017
test-framework-smallcheck,3733
test-framework-th,15779
testing-feat,16028
testing-type-modifiers,1471
texmath,140300
text,545330
text-binary,12567
text-builder,8510
text-conversions,2890
text-format,24179
text-icu,31610
text-latin1,5419
text-ldap,6900
textlocal,2722
text-manipulate,5067
text-metrics,6912
text-postgresql,3361
text-printer,5605
text-region,6213
text-short,11000
text-show,31937
text-show-instances,15408
text-zipper,13610
tfp,7341
tf-random,229893
th-abstraction,68204
th-data-compat,4610
th-desugar,25898
these,19348
th-expand-syns,34096
th-extras,8564
th-lift,60421
th-lift-instances,28769
th-nowq,1314
th-orphans,52823
th-printf,4645
thread-hierarchy,3011
thread-local-storage,4425
threads,27596
threepenny-gui,20246
th-reify-compat,3163
th-reify-many,28297
throttle-io-stream,1112
throwable-exceptions,4321
th-strict-compat,1176
th-test-utils,429
th-utilities,13752
thyme,19909
tile,1153
time,71212
time-compat,21762
timeit,5004
timelens,1233
time-lens,4108
time-locale-compat,94624
time-locale-vietnamese,1092
time-manager,2399
time-parsers,3951
time-qq,1611
timerep,4757
timer-wheel,781
timezone-olson,12944
timezone-series,13510
tintin,4951
tinylog,7235
titlecase,3802
tldr,4980
tls,227546
tls-debug,10773
tls-session-manager,11168
tmapchan,1977
tmapmvar,2207
tmp-postgres,16813
token-bucket,2268
tomland,4624
tonalude,581
tonaparser,372
tonatona,736
tonatona-logger,341
tonatona-persistent-postgresql,527
tonatona-persistent-sqlite,544
tonatona-servant,824
torsor,928
tostring,4834
TotalMap,631
tracing,1984
transaction,1627
transformers,318501
transformers-base,258074
transformers-bifunctors,1254
transformers-compat,326900
transformers-fix,574
traverse-with-class,11497
tree-diff,3570
tree-fun,1440
trifecta,89295
triplesec,2834
trivial-constraint,3365
true-name,4486
tsv2csv,1869
ttl-hashtables,2779
ttrie,2999
tuple,16130
tuples-homogenous-h98,1723
tuple-sop,1632
tuple-th,6553
turtle,26712
TypeCompose,26939
typed-process,15845
type-errors,949
type-errors-pretty,715
type-fun,1978
type-hint,3524
type-level-integers,808
type-level-kv-list,1105
type-level-numbers,5640
typelits-witnesses,5849
type-map,2517
typenums,1644
type-of-html,10577
type-of-html-static,731
type-operators,6362
typerep-map,1246
type-spec,2448
tz,15239
tzdata,11820
ua-parser,6130
ucam-webauth,364
ucam-webauth-types,324
uglymemo,3369
unagi-chan,8979
unbounded-delays,71295
unbound-generics,9076
unboxed-ref,2360
unboxing-vector,484
uncertain,1749
unconstrained,1409
unicode,1616
unicode-show,3202
unicode-transforms,12959
unification-fd,6343
union,2999
union-find,13555
uniplate,135170
uniprot-kb,1870
uniq-deep,1194
unique,2323
unique-logic,1811
unique-logic-tf,4080
unit-constraint,847
universe,8290
universe-base,4840
universe-dependent-sum,630
universe-instances-base,2329
universe-instances-extended,2219
universe-instances-trans,2228
universe-reverse-instances,2792
universum,14388
unix,60395
unix-bytestring,11106
unix-compat,182372
unix-time,92642
unliftio,12437
unliftio-core,16858
unliftio-pool,1323
unliftio-streams,630
unlit,5907
unordered-containers,380632
unordered-intmap,1003
unsafe,4089
uri-bytestring,32161
uri-bytestring-aeson,4248
uri-encode,11048
uri-templater,3556
url,11483
urlpath,14940
users,3075
users-postgresql-simple,4106
users-test,3163
utf8-light,16572
utf8-string,277045
util,7451
utility-ht,27874
uuid,71462
uuid-types,89290
validation,14087
validity,9205
validity-aeson,2106
validity-bytestring,2960
validity-containers,3729
validity-path,3241
validity-scientific,2173
validity-text,4188
validity-time,2841
validity-unordered-containers,2193
validity-uuid,1636
validity-vector,2233
valor,731
vault,105658
vec,1962
vector,349633
vector-algorithms,87103
vector-binary-instances,66656
vector-buffer,4957
vector-builder,10364
vector-bytes-instances,974
vector-instances,26107
vector-mmap,2503
vector-sized,9990
vector-space,58246
vector-split,1259
vector-th-unbox,52002
verbosity,3028
versions,10868
ViennaRNAParser,8632
viewprof,10996
vinyl,18320
vivid,7301
vivid-osc,1456
vivid-supercollider,1630
void,287634
vty,69744
wai,135504
wai-app-static,87892
wai-cli,1582
wai-conduit,5489
wai-cors,12273
wai-enforce-https,431
wai-eventsource,12356
wai-extra,169804
wai-handler-launch,21007
wai-logger,96078
wai-middleware-auth,3468
wai-middleware-caching,1654
wai-middleware-crowd,4521
wai-middleware-static,23510
wai-middleware-throttle,4439
wai-middleware-travisci,377
wai-predicates,10531
wai-session,4288
wai-session-postgresql,5704
wai-slack-middleware,1149
wai-transformers,3874
wai-websockets,32713
warp,248879
warp-tls,66298
warp-tls-uid,4516
wave,3496
wcwidth,5575
web3,8844
webdriver,23419
webex-teams-api,534
webex-teams-conduit,492
webex-teams-pipes,478
web-routes,19740
web-routes-hsp,10193
web-routes-wai,8737
webrtc-vad,2492
websockets,79485
websockets-snap,19411
weeder,8482
weigh,7536
wide-word,4514
wikicfp-scraper,4743
wild-bind,3950
wild-bind-x11,5460
Win32,20370
Win32-notify,10288
windns,2797
winery,3591
wire-streams,2097
with-location,2418
witness,3006
wizards,5464
wl-pprint-annotated,6986
wl-pprint-console,3399
wl-pprint-text,35118
word24,7351
word8,78582
wordpress-auth,357
word-trie,8390
word-wrap,8052
world-peace,988
wrap,1148
wreq,23619
writer-cps-exceptions,676
writer-cps-mtl,8609
writer-cps-transformers,9152
ws,1869
wuss,8486
X11,43787
X11-xft,17528
x11-xim,4803
x509,157336
x509-store,136765
x509-system,136909
x509-validation,142484
Xauth,1805
xdg-basedir,28906
xdg-userdirs,1987
xeno,4246
xenstore,3541
xhtml,43790
xls,1417
xlsx,15252
xlsx-tabular,4767
xml,153067
xml-basic,4978
xmlbf,2149
xmlbf-xeno,1112
xml-conduit,128955
xml-conduit-parse,3586
xml-conduit-writer,3319
xmlgen,12422
xml-hamlet,22429
xml-html-qq,1211
xml-indexed-cursor,1157
xml-isogen,1842
xml-lens,7376
xml-picklers,6252
xml-to-json,4531
xml-to-json-fast,2185
xml-types,72171
xmonad,36183
xmonad-contrib,29877
xmonad-extras,12391
xss-sanitize,76078
xxhash-ffi,1572
yaml,227752
yeshql,7089
yeshql-core,1070
yeshql-hdbc,1060
yesod,115255
yesod-alerts,1494
yesod-auth,110883
yesod-auth-hashdb,17027
yesod-auth-oauth2,18193
yesod-bin,83762
yesod-core,148700
yesod-csp,2914
yesod-eventsource,7334
yesod-fb,9317
yesod-form,90873
yesod-form-bootstrap4,3377
yesod-gitrepo,2912
yesod-gitrev,1383
yesod-newsfeed,16768
yesod-paginator,9196
yesod-persistent,49701
yesod-recaptcha2,3273
yesod-sitemap,8738
yesod-static,56058
yesod-test,51600
yesod-text-markdown,5867
yesod-websockets,8720
yes-precure5-command,3632
yi-language,17969
yi-rope,16173
yjtools,12468
yoga,1925
youtube,3112
zero,3349
zeromq4-haskell,19557
zeromq4-patterns,1266
zim-parser,1466
zip,8510
zip-archive,126956
zippers,4023
zip-stream,1821
zlib,279472
zlib-bindings,83407
zlib-lens,4181
zot,2382
zstd,1166
ztail,4185
