Name,Upload Date
abstract-deque,2011-12-09 05:20:42
abstract-deque-tests,2014-02-05 05:15:29
abstract-par,2012-05-04 17:07:59
accuerr,2016-06-11 20:13:03
ace,2014-02-23 05:30:25
action-permutations,2009-04-30 11:04:50
active,2012-03-09 18:42:42
ad,2010-06-05 23:35:36
adjunctions,2011-01-21 22:49:21
adler32,2016-01-22 08:33:49
advent-of-code-api,2018-12-05 10:58:22
aeson,2011-01-27 23:36:19
aeson-attoparsec,2017-11-15 08:15:08
aeson-better-errors,2015-04-16 10:15:20
aeson-casing,2015-03-01 21:26:04
aeson-compat,2015-12-25 16:14:45
aeson-diff,2015-04-03 10:22:13
aeson-extra,2015-09-29 11:09:33
aeson-generic-compat,2016-09-22 06:08:59
aeson-iproute,2015-12-02 22:39:35
aeson-picker,2018-01-25 11:35:59
aeson-pretty,2011-06-11 19:57:41
aeson-qq,2011-04-16 14:42:51
aeson-utils,2014-04-03 10:50:32
aeson-yak,2015-10-23 06:29:01
al,2015-02-28 13:40:31
alarmclock,2018-06-21 11:08:09
alerts,2017-08-29 21:24:38
alex,2007-01-08 17:42:19
alg,2017-11-02 23:01:47
algebraic-graphs,2017-03-24 04:23:52
Allure,2011-08-05 14:05:25
almost-fix,2015-07-24 02:41:19
alsa-core,2010-09-20 19:53:55
alsa-mixer,2011-01-06 18:45:55
alsa-pcm,2010-09-20 19:55:26
alsa-seq,2010-09-20 19:59:25
alternative-vector,2017-10-11 19:34:21
alternators,2017-03-06 20:36:23
ALUT,2006-11-02 14:20:52
amqp,2010-01-16 20:32:42
annotated-wl-pprint,2014-01-27 01:21:06
ansi-terminal,2008-08-31 22:30:22
ansi-wl-pprint,2008-09-01 13:05:41
ANum,2013-12-13 21:29:12
aos-signature,2018-09-16 14:08:38
apecs,2017-09-15 01:30:08
apecs-gloss,2018-11-30 04:00:07
apecs-physics,2018-10-10 03:02:10
api-field-json-th,2016-04-15 11:50:48
appar,2010-06-30 07:07:57
appendmap,2018-08-20 10:41:53
apply-refact,2015-11-21 23:00:26
apportionment,2015-08-19 09:21:29
approximate,2013-04-30 04:58:55
app-settings,2014-04-19 19:43:15
arbor-lru-cache,2018-09-26 05:09:38
arithmoi,2011-10-17 22:04:16
array,2007-11-03 15:32:13
array-memoize,2014-03-31 11:46:20
arrow-extras,2017-03-15 12:08:11
asciidiagram,2015-02-14 09:45:57
ascii-progress,2015-01-21 21:07:19
asif,2018-07-26 03:38:02
asn1-encoding,2013-05-16 08:00:20
asn1-parse,2013-05-16 08:04:42
asn1-types,2013-04-09 04:12:58
assert-failure,2013-12-10 23:21:31
assoc,2019-02-04 07:25:55
astro,2017-06-25 21:50:13
async,2010-05-26 19:58:02
async-extra,2017-01-08 23:04:14
async-refresh,2017-04-11 12:58:05
async-refresh-tokens,2017-04-11 14:36:04
async-timer,2017-06-12 08:59:33
atom-basic,2015-05-31 15:14:29
atomic-primops,2013-05-07 17:19:15
atomic-write,2015-02-06 17:03:41
attoparsec,2008-06-06 21:18:00
attoparsec-base64,2017-11-24 15:36:53
attoparsec-binary,2011-03-12 01:10:23
attoparsec-expr,2012-03-14 17:12:14
attoparsec-ip,2017-09-29 14:38:26
attoparsec-iso8601,2017-04-20 08:05:42
attoparsec-path,2017-09-28 08:30:25
attoparsec-uri,2017-06-07 15:55:41
audacity,2015-04-08 19:30:30
aur,2014-06-09 21:24:53
authenticate,2009-05-08 10:23:12
authenticate-oauth,2011-03-07 09:05:38
auto,2015-03-16 05:14:38
autoexporter,2016-02-21 20:33:30
auto-update,2014-07-16 04:39:50
avers,2015-03-22 16:22:35
avers-api,2016-01-17 13:43:59
avers-server,2016-01-17 15:35:59
avro,2017-08-03 11:34:33
avwx,2016-06-28 17:13:52
aws-cloudfront-signed-cookies,2018-04-09 18:34:01
aws-lambda-haskell-runtime,2018-12-07 19:38:03
backprop,2017-03-09 21:02:08
bank-holidays-england,2014-12-23 17:41:34
barbies,2018-06-08 10:49:11
barrier,2015-03-04 23:33:47
base,2009-04-09 16:25:43
base16-bytestring,2011-01-25 22:02:37
base32string,2015-05-27 03:41:40
base58string,2015-04-26 10:32:37
base64-bytestring,2010-09-02 06:32:49
base64-bytestring-type,2018-02-12 18:59:24
base64-string,2007-02-17 00:38:35
base-compat,2012-11-30 11:16:08
base-compat-batteries,2018-04-05 17:53:03
basement,2017-08-05 11:01:02
base-noprelude,2015-05-30 13:04:05
base-orphans,2016-06-03 21:45:15
base-prelude,2014-07-11 11:50:03
base-unicode-symbols,2009-12-21 12:45:45
basic-prelude,2012-08-10 19:33:33
bazel-runfiles,2018-11-02 10:54:14
bbdb,2010-11-01 13:15:18
bcrypt,2011-08-11 04:59:56
beam-core,2018-01-19 06:01:20
beam-migrate,2018-01-26 02:27:06
beam-mysql,2019-03-19 05:45:08
beam-postgres,2018-04-08 02:17:20
beam-sqlite,2018-01-26 07:50:03
bench,2016-03-20 07:00:49
benchpress,2008-08-09 17:43:23
bench-show,2018-10-12 03:55:48
bencode,2007-06-24 19:04:15
bencoding,2013-06-09 17:35:00
between,2014-08-14 20:00:01
bibtex,2009-11-24 20:39:27
bifunctors,2011-01-29 14:13:07
bimap,2008-02-04 03:15:12
bimap-server,2015-07-06 14:10:24
binary,2007-01-25 07:22:04
binary-bits,2011-10-22 11:50:13
binary-conduit,2013-04-07 16:27:57
binary-ext,2016-12-30 21:31:51
binary-ieee754,2016-10-24 02:43:24
binary-list,2014-08-08 14:30:28
binary-orphans,2015-09-07 04:25:05
binary-parser,2015-11-28 02:16:25
binary-parsers,2016-09-20 06:36:38
binary-search,2008-03-18 14:27:49
binary-shared,2010-03-07 18:30:06
binary-tagged,2015-09-08 10:00:48
bindings-DSL,2009-11-11 17:49:44
bindings-GLFW,2013-07-11 04:50:01
bindings-libzip,2010-10-05 13:47:08
bindings-uname,2009-06-05 07:31:00
bins,2018-08-21 01:17:49
bitarray,2009-06-17 23:14:14
bitcoin-block,2015-04-30 08:46:12
bitcoin-script,2015-04-13 06:32:26
bitcoin-tx,2015-04-13 08:27:52
bitcoin-types,2015-04-29 07:24:27
bits,2013-03-28 06:23:55
bitset-word8,2017-10-04 10:24:43
bits-extra,2018-03-14 12:47:38
bitvec,2012-03-22 17:52:15
bitx-bitcoin,2015-05-30 09:13:05
blake2,2015-11-12 17:47:01
blas-carray,2017-12-16 10:40:24
blas-comfort-array,2019-01-23 11:42:12
blas-ffi,2017-12-16 10:40:07
blas-hs,2014-08-02 05:00:40
blaze-bootstrap,2014-08-14 10:56:57
blaze-builder,2010-08-05 09:18:15
blaze-colonnade,2017-02-09 18:02:22
blaze-html,2010-06-19 10:45:51
blaze-markup,2012-04-08 16:20:07
blaze-svg,2012-03-16 03:22:38
blaze-textual,2011-04-28 22:16:21
bmp,2010-05-01 03:01:46
board-games,2011-09-02 18:18:28
boltzmann-samplers,2017-03-05 20:25:38
Boolean,2009-06-29 17:52:31
boolean-like,2016-09-22 20:10:15
boolean-normal-forms,2014-05-11 21:00:10
boolsimplifier,2012-08-04 16:38:35
boots,2019-07-27 12:34:39
bordacount,2017-09-01 23:04:16
boring,2017-11-17 12:33:13
both,2015-08-22 11:52:04
bound,2012-06-16 01:28:04
BoundedChan,2009-04-16 22:44:57
bounded-queue,2019-05-06 22:52:14
boundingboxes,2014-03-24 09:38:51
bower-json,2015-04-14 18:46:21
boxes,2009-08-14 16:06:30
brick,2015-08-11 23:09:34
brittany,2017-08-04 09:28:26
bsb-http-chunked,2018-03-12 19:25:42
bson,2010-06-13 05:36:20
bson-lens,2015-09-12 23:32:01
btrfs,2014-09-01 02:57:03
buffer-builder,2015-01-31 11:14:02
buffer-pipe,2016-01-11 20:25:11
bugsnag-haskell,2018-03-13 14:21:35
bulletproofs,2018-07-11 10:12:10
butcher,2017-05-16 22:18:00
butter,2018-06-13 00:05:36
bv,2012-10-11 22:03:51
bv-little,2018-03-01 18:40:59
byteable,2013-06-26 06:31:09
bytedump,2011-08-05 10:18:09
byteorder,2009-01-04 06:18:52
bytes,2013-03-28 03:55:49
byteset,2015-07-06 16:54:06
bytestring,2007-10-21 12:02:05
bytestring-builder,2013-11-24 02:34:22
bytestring-conversion,2014-08-26 21:18:38
bytestring-lexing,2008-07-19 22:10:13
bytestring-strict-builder,2017-03-20 21:34:29
bytestring-to-vector,2019-02-08 04:29:50
bytestring-tree-builder,2015-12-05 16:22:52
bzlib,2006-09-24 19:30:06
bzlib-conduit,2012-04-21 17:25:17
c2hs,2007-08-31 10:56:58
Cabal,2006-11-02 14:37:27
cabal2nix,2011-08-05 16:39:21
cabal2spec,2009-07-05 19:59:03
cabal-doctest,2017-01-31 17:30:44
cabal-file-th,2011-10-19 10:34:01
cabal-install,2007-10-21 17:53:57
cabal-rpm,2007-08-23 23:18:28
cache,2016-06-09 01:04:16
cacophony,2015-10-28 20:58:38
calendar-recycling,2016-06-25 08:41:45
call-stack,2016-10-03 10:16:10
ca-province-codes,2019-01-28 13:32:28
carray,2008-02-14 21:01:23
cased,2015-06-15 20:29:25
case-insensitive,2011-02-06 23:54:22
cases,2014-04-29 18:32:32
casing,2015-08-06 16:24:20
cassava,2012-08-24 03:26:44
cassava-conduit,2014-12-26 07:03:03
cassava-megaparsec,2016-06-22 13:39:31
cassava-records,2018-01-20 03:26:11
cast,2017-07-31 08:54:49
caster,2019-04-13 10:17:38
category,2017-11-15 22:40:33
cayley-client,2015-01-05 12:05:04
cborg,2017-08-01 02:17:38
cborg-json,2017-08-01 02:17:43
cereal,2009-09-29 00:31:30
cereal-conduit,2012-02-06 04:36:15
cereal-text,2014-04-26 00:11:15
cereal-time,2017-11-06 18:11:44
cereal-vector,2012-04-17 21:07:38
cfenv,2018-06-25 18:59:31
cgi,2007-02-11 09:47:05
chan,2017-11-16 20:59:17
ChannelT,2016-01-27 05:36:35
charset,2010-07-03 20:31:07
charsetdetect-ae,2014-08-26 17:53:15
Chart,2007-11-21 11:14:38
Chart-diagrams,2013-08-28 09:26:50
chaselev-deque,2013-07-09 13:14:32
cheapskate,2014-01-05 23:31:01
cheapskate-highlight,2016-03-14 23:36:48
cheapskate-lucid,2016-03-15 11:10:07
check-email,2011-02-16 09:10:10
checkers,2008-10-29 18:32:01
checksum,2018-04-16 18:41:55
chimera,2018-12-04 00:23:12
chiphunk,2018-11-17 17:40:28
choice,2016-12-24 09:09:12
chronologique,2017-05-25 01:03:24
chronos,2016-09-03 11:21:19
chronos-bench,2019-03-09 14:52:57
chunked-data,2014-02-13 18:14:29
cipher-aes,2012-07-07 10:53:44
cipher-aes128,2013-01-01 08:06:01
cipher-blowfish,2013-08-17 07:09:48
cipher-camellia,2013-09-04 10:10:56
cipher-des,2013-08-17 07:08:47
cipher-rc4,2012-12-07 09:58:42
circle-packing,2012-12-15 17:08:52
cisco-spark-api,2017-10-08 07:10:11
classyplate,2016-11-11 08:34:42
classy-prelude,2012-07-12 14:56:21
classy-prelude-conduit,2012-07-12 15:06:26
classy-prelude-yesod,2013-01-02 06:51:24
clay,2012-12-22 21:15:06
clientsession,2009-05-05 10:32:45
Clipboard,2010-09-06 00:29:13
clock,2009-06-16 02:06:58
clock-extras,2016-09-18 17:31:24
closed,2017-12-06 02:22:06
clr-host,2017-04-25 11:48:08
clr-marshal,2017-04-25 11:52:57
clumpiness,2016-02-09 18:43:13
cmark,2015-03-16 05:40:34
cmark-gfm,2017-08-03 05:44:41
cmdargs,2009-09-12 11:40:15
codec,2015-06-02 13:50:11
codec-beam,2018-03-16 08:50:47
codec-rpm,2017-06-30 14:46:49
code-page,2016-09-15 14:32:50
codo-notation,2012-10-01 10:14:05
coercible-utils,2018-06-29 12:26:54
co-log,2018-09-25 14:22:52
co-log-core,2018-09-25 14:21:08
colonnade,2016-06-22 18:42:13
colorful-monoids,2017-01-25 21:12:09
colorize-haskell,2009-08-28 21:58:35
colour,2008-10-21 18:31:26
columnar,2019-07-28 23:20:55
combinatorial,2017-12-16 11:33:31
comfort-array,2018-03-11 15:57:29
comfort-graph,2015-08-26 19:47:28
commutative,2015-08-10 21:35:05
comonad,2011-01-06 08:16:32
compact,2017-02-28 06:40:03
compactmap,2015-09-24 08:32:18
compensated,2013-03-19 06:27:08
compiler-warnings,2016-10-16 16:01:16
composable-associations,2017-07-24 03:00:04
composable-associations-aeson,2017-07-24 03:04:47
composition,2011-09-20 17:42:05
composition-extra,2015-05-12 21:23:46
concise,2017-03-22 09:13:17
concurrency,2016-09-10 12:25:34
concurrent-extra,2010-02-17 13:29:18
concurrent-output,2015-10-29 01:40:14
concurrent-split,2012-04-10 10:07:25
concurrent-supply,2011-11-08 21:33:04
cond,2012-05-05 01:27:28
conduit,2011-12-27 10:36:42
conduit-algorithms,2017-08-07 14:36:59
conduit-combinators,2014-02-13 18:14:40
conduit-concurrent-map,2018-08-31 20:40:40
conduit-extra,2013-09-08 05:37:37
conduit-iconv,2014-09-22 10:56:31
conduit-parse,2015-06-02 21:30:38
conduit-throttle,2017-09-04 18:29:33
conduit-zstd,2018-02-13 20:51:47
config-ini,2016-11-22 08:35:45
configuration-tools,2014-06-20 22:02:58
configurator,2011-06-01 17:28:55
configurator-export,2016-01-17 08:13:21
configurator-pg,2019-06-03 17:40:20
connection,2012-10-22 04:59:59
connection-pool,2014-09-06 22:59:26
console-style,2016-11-29 09:12:35
constraint,2017-11-27 19:05:56
constraints,2011-11-06 10:18:25
containers,2007-11-03 15:32:25
contravariant,2011-01-14 22:13:46
contravariant-extras,2015-11-21 12:10:46
control-bool,2013-06-04 08:19:31
control-dsl,2018-10-05 04:54:58
control-monad-free,2008-08-25 04:32:23
control-monad-omega,2008-05-02 11:10:09
convertible,2009-01-26 21:48:54
cookie,2010-12-22 21:43:33
core-data,2019-07-12 12:56:04
core-text,2019-07-12 12:54:30
countable,2010-09-05 10:32:29
country,2017-06-19 20:57:51
courier,2013-08-11 00:22:44
cpio-conduit,2015-08-04 16:39:58
cpphs,2006-11-03 14:59:05
cprng-aes,2011-04-06 20:09:33
cpu,2012-04-29 08:28:33
cpuinfo,2016-09-02 06:34:11
cql,2014-10-23 18:52:35
cql-io,2014-10-23 18:54:48
crackNum,2015-04-01 07:39:35
crc32c,2019-04-12 02:45:15
credential-store,2017-02-12 06:21:19
criterion,2009-09-27 06:56:11
criterion-measurement,2018-07-01 23:35:40
cron,2012-06-05 20:06:59
crypto-api,2010-09-07 20:03:58
crypto-api-tests,2011-09-27 22:43:59
cryptocipher,2010-09-07 20:19:39
crypto-cipher-tests,2013-08-10 09:57:10
crypto-cipher-types,2013-08-10 09:56:10
cryptocompare,2017-09-23 04:19:42
crypto-enigma,2015-09-24 17:59:38
cryptohash,2010-07-01 20:05:20
cryptohash-cryptoapi,2013-01-13 08:17:55
cryptohash-md5,2016-05-09 21:28:22
cryptohash-sha1,2016-05-13 21:01:36
cryptohash-sha256,2016-04-09 17:49:51
cryptohash-sha512,2016-10-23 13:23:40
cryptonite,2015-05-23 17:04:48
cryptonite-conduit,2016-03-22 19:27:16
cryptonite-openssl,2016-03-23 17:13:27
crypto-numbers,2012-12-30 09:46:25
crypto-pubkey,2012-12-30 14:09:57
crypto-pubkey-openssh,2013-01-20 07:25:45
crypto-pubkey-types,2011-10-31 21:42:39
crypto-random,2013-08-31 05:35:49
crypto-random-api,2012-12-02 15:38:20
crypt-sha512,2017-07-02 10:47:13
csp,2013-08-14 08:53:46
css-syntax,2015-08-10 18:24:10
css-text,2011-08-06 18:11:52
csv,2007-06-17 21:10:09
ctrie,2013-08-30 16:48:42
cubicbezier,2013-09-07 16:56:01
cubicspline,2010-02-11 00:46:56
cublas,2014-07-11 04:13:12
cuckoo-filter,2018-10-27 20:34:59
cuda,2010-02-18 02:42:56
cue-sheet,2016-12-18 11:19:52
cufft,2013-04-27 13:43:30
curl,2008-02-28 19:00:48
currencies,2017-08-20 00:15:59
currency,2013-09-07 20:23:00
cusparse,2017-08-24 23:12:00
cutter,2017-03-26 09:58:38
cyclotomic,2012-07-20 19:43:59
czipwith,2017-05-14 13:41:02
data-accessor,2008-03-26 15:48:17
data-accessor-mtl,2009-02-26 21:50:40
data-accessor-template,2008-08-14 07:51:45
data-accessor-transformers,2009-02-26 21:49:57
data-binary-ieee754,2009-06-07 00:00:02
data-bword,2014-04-09 14:33:18
data-checked,2013-02-23 10:26:48
data-clist,2009-12-31 21:28:56
data-default,2008-05-21 10:48:39
data-default-class,2013-04-02 19:58:42
data-default-instances-containers,2013-04-02 20:00:31
data-default-instances-dlist,2013-04-02 20:02:28
data-default-instances-old-locale,2013-04-03 04:20:30
data-diverse,2017-06-24 12:09:14
data-diverse-lens,2017-07-06 12:43:11
datadog,2015-05-15 02:33:54
data-dword,2012-10-09 16:07:36
data-endian,2011-08-13 11:13:08
data-fix,2013-02-10 17:54:11
data-has,2016-11-23 09:24:50
data-inttrie,2010-01-01 03:00:00
data-lens-light,2014-04-28 20:18:22
data-memocombinators,2008-10-09 19:31:40
data-msgpack,2016-09-06 11:59:02
data-msgpack-types,2017-03-26 13:06:45
data-or,2012-01-29 04:14:40
data-ordlist,2009-07-10 12:25:31
data-ref,2013-07-14 15:17:30
data-reify,2009-04-18 02:25:57
data-serializer,2016-07-22 20:18:01
datasets,2016-11-24 21:46:49
data-textual,2013-04-22 14:25:10
data-tree-print,2017-05-15 21:24:10
dataurl,2015-11-01 18:47:11
DAV,2012-09-07 20:23:53
dbcleaner,2015-05-04 16:34:52
DBFunctor,2018-10-10 08:52:01
dbus,2012-06-23 15:17:56
debian-build,2014-08-04 17:21:26
debug,2017-12-15 13:18:40
debug-trace-var,2018-06-08 10:34:18
dec,2019-06-19 21:24:20
decidable,2018-10-11 11:27:39
Decimal,2008-03-30 18:29:35
declarative,2015-10-09 11:27:58
deepseq,2009-11-17 10:51:24
deepseq-generics,2012-09-24 13:06:32
deferred-folds,2018-04-28 11:58:58
dejafu,2015-08-27 12:37:43
dense-linear-algebra,2018-10-11 21:14:41
dependent-map,2011-07-13 14:12:35
dependent-sum,2011-07-13 14:11:10
dependent-sum-template,2013-03-02 20:17:35
deque,2016-08-11 20:50:15
deriveJsonNoPrefix,2018-07-16 12:07:21
deriving-compat,2015-07-26 04:03:19
derulo,2017-09-29 03:18:55
detour-via-sci,2018-06-22 17:14:25
dhall,2016-11-20 21:48:15
dhall-bash,2017-04-13 04:04:31
dhall-json,2017-02-05 23:07:44
diagrams,2008-04-30 17:17:28
diagrams-contrib,2012-03-09 18:43:15
diagrams-core,2011-05-17 15:36:18
diagrams-lib,2011-05-17 15:36:30
diagrams-postscript,2013-02-02 19:18:11
diagrams-rasterific,2014-06-02 18:02:08
diagrams-solve,2015-04-19 18:32:30
diagrams-svg,2012-03-16 03:26:21
di-core,2018-05-07 00:07:49
dictionary-sharing,2015-06-24 09:47:15
Diff,2008-01-28 07:51:48
digest,2009-01-04 16:18:57
digits,2009-10-23 20:14:13
dimensional,2007-10-09 17:27:40
di-monad,2018-05-07 00:08:14
directory,2007-11-03 15:32:30
directory-tree,2009-05-09 16:02:32
direct-sqlite,2010-03-13 20:08:44
discount,2012-04-29 23:42:49
disk-free-space,2014-02-28 09:42:36
distributed-closure,2015-12-11 19:19:21
distribution-nixpkgs,2016-06-15 13:37:21
distribution-opensuse,2018-07-17 14:51:02
distributive,2011-01-22 22:04:58
dl-fedora,2019-07-06 18:41:44
dlist,2007-01-25 08:21:00
dlist-instances,2014-03-14 15:19:30
dlist-nonempty,2017-06-21 13:42:55
dns,2010-06-30 07:33:49
dockerfile,2015-07-01 15:49:22
docopt,2014-05-26 21:53:29
doctemplates,2016-10-01 21:18:17
doctest,2011-06-16 17:42:23
doctest-discover,2014-09-06 00:15:24
doctest-driver-gen,2017-10-07 11:29:05
doldol,2019-07-21 13:49:23
do-list,2016-09-07 17:45:12
dom-parser,2016-01-13 18:20:15
do-notation,2018-09-07 16:07:14
dotenv,2015-02-07 21:50:08
dotgen,2008-08-24 01:02:40
dotnet-timespan,2016-03-13 14:35:47
double-conversion,2011-06-27 07:31:23
download,2008-07-01 07:01:15
drinkery,2017-12-13 06:43:24
dsp,2007-08-31 18:49:08
dual,2017-11-23 09:43:00
dual-tree,2012-09-04 02:10:43
dublincore-xml-conduit,2017-08-23 17:24:28
dunai,2016-06-10 09:14:46
dunai-core,2018-10-21 18:28:56
duration,2018-04-27 15:53:16
dvorak,2014-11-18 07:46:01
dynamic-state,2014-10-05 14:36:10
dyre,2009-08-06 05:06:31
eap,2017-10-21 21:57:00
Earley,2015-04-23 12:57:47
easy-file,2010-07-30 08:24:40
easytest,2018-03-06 00:34:54
Ebnf2ps,2012-02-07 08:43:09
echo,2016-12-22 15:30:10
ecstasy,2017-12-27 10:13:25
ed25519,2013-11-06 17:21:31
edit-distance,2008-07-30 18:26:50
edit-distance-vector,2015-04-03 09:22:04
editor-open,2015-04-11 17:11:57
either,2011-02-18 01:40:22
either-both,2018-05-16 00:24:34
ekg,2011-12-27 20:42:20
ekg-core,2014-05-01 11:20:54
ekg-json,2015-07-31 14:08:02
ekg-statsd,2014-05-01 11:24:57
elerea,2009-04-10 16:24:50
elf,2008-12-11 08:23:15
eliminators,2017-07-02 17:56:40
elm2nix,2018-12-28 20:05:40
elm-bridge,2015-08-09 21:05:46
elm-core-sources,2014-12-11 21:32:39
elm-export,2016-05-19 21:25:11
emacs-module,2018-08-26 19:21:45
email-validate,2009-03-09 05:06:07
emd,2018-07-25 22:45:00
enclosed-exceptions,2014-02-12 13:00:28
ENIG,2019-03-16 14:05:58
entropy,2011-07-05 20:57:24
enummapset,2011-04-02 17:51:42
enumset,2011-03-05 23:43:56
enum-subset-generate,2018-05-28 21:48:42
enum-text,2019-03-15 21:04:42
enum-text-rio,2019-07-21 18:43:30
envelope,2016-04-07 04:14:31
envy,2015-06-27 22:46:24
epub-metadata,2010-05-12 01:45:11
eq,2011-01-12 13:06:49
equal-files,2008-12-16 23:54:55
erf,2009-01-20 12:21:59
errors,2012-07-07 20:44:54
errors-ext,2017-11-18 17:48:06
error-util,2015-12-03 12:07:45
ersatz,2013-03-09 09:11:11
esqueleto,2012-09-06 04:09:09
etc,2017-04-06 18:12:28
eventful-core,2017-05-14 18:36:31
eventful-memory,2017-05-14 18:36:38
eventful-sql-common,2017-05-14 18:36:43
eventful-sqlite,2017-05-14 18:36:46
eventful-test-helpers,2017-05-14 18:36:50
event-list,2008-02-18 08:54:05
eventstore,2014-12-08 23:16:58
every,2017-05-09 04:03:42
exact-combinatorics,2012-02-03 05:26:50
exact-pi,2015-04-09 17:22:25
exceptional,2015-05-14 19:41:05
exception-mtl,2010-09-23 18:23:21
exceptions,2013-06-17 16:08:39
exception-transformers,2010-10-06 19:04:18
executable-hash,2015-03-16 20:17:55
executable-path,2009-05-02 21:20:24
exit-codes,2015-11-05 08:10:01
exomizer,2018-06-09 09:51:42
expiring-cache-map,2014-11-24 19:50:12
explicit-exception,2008-09-28 18:06:41
exp-pairs,2015-01-04 12:36:46
extensible-exceptions,2009-04-09 01:51:00
extra,2014-10-06 22:33:55
extractable-singleton,2017-05-10 22:58:05
extrapolate,2017-08-01 13:52:26
fail,2016-01-21 15:11:33
failable,2019-01-12 11:14:15
fakedata,2019-03-03 03:56:36
farmhash,2015-03-09 03:44:49
fast-builder,2015-07-23 12:14:45
fast-digits,2015-08-02 20:36:55
fast-logger,2011-12-21 03:37:47
fast-math,2011-05-08 09:35:05
fb,2012-01-17 16:14:40
fclabels,2009-02-04 18:22:51
feature-flags,2013-11-27 23:57:12
fedora-dists,2018-12-10 15:53:43
feed,2008-04-21 18:04:07
FenwickTree,2013-02-09 12:18:46
fft,2008-02-14 21:03:19
fgl,2006-11-02 14:22:27
fib,2019-03-02 19:28:58
filecache,2013-08-15 07:30:24
file-embed,2009-07-27 18:47:31
file-embed-lzma,2018-04-05 08:06:22
filelock,2013-11-22 14:31:55
filemanip,2010-10-10 23:17:53
file-modules,2015-11-25 23:08:54
filepath,2007-05-03 19:22:28
filepattern,2019-02-12 23:30:39
fileplow,2017-07-01 20:47:55
filter-logger,2017-07-12 02:13:34
filtrable,2015-03-25 20:51:01
fin,2017-11-21 12:17:41
FindBin,2008-04-19 16:30:48
fingertree,2007-05-10 14:25:51
finite-typelits,2015-11-03 15:59:15
first-class-families,2018-07-11 04:38:13
first-class-patterns,2009-07-19 01:37:12
fitspec,2016-06-18 13:17:37
fixed,2014-11-02 21:09:23
fixed-length,2015-04-04 16:25:22
fixed-vector,2012-11-08 18:24:03
fixed-vector-hetero,2014-04-28 14:27:51
flac,2017-01-03 01:06:37
flac-picture,2017-01-04 10:39:32
flags-applicative,2019-05-26 02:47:18
flat-mcmc,2012-11-05 01:51:27
flay,2017-04-21 12:06:23
flexible-defaults,2011-06-24 15:45:49
FloatingHex,2017-01-14 08:35:02
floatshow,2011-04-18 20:57:38
flow,2015-04-01 22:29:26
fmlist,2009-06-17 20:40:48
fmt,2016-11-29 14:50:44
fmt-for-rio,2019-07-23 08:07:39
fn,2015-11-05 20:35:05
focus,2014-06-20 15:55:36
focuslist,2018-11-08 04:00:04
foldable1,2018-08-14 20:05:07
fold-debounce,2015-05-22 12:54:12
fold-debounce-conduit,2015-06-22 00:50:18
foldl,2013-08-10 21:43:59
folds,2013-09-08 00:20:55
follow-file,2017-10-15 22:43:01
FontyFruity,2014-02-25 22:24:27
force-layout,2011-12-20 22:44:39
foreign-store,2014-03-03 22:56:36
forkable-monad,2010-04-20 21:34:54
forma,2017-04-22 15:04:42
format-numbers,2017-01-19 17:36:53
formatting,2013-10-10 12:32:15
foundation,2016-08-13 09:38:59
free,2011-02-17 19:20:04
freenect,2011-10-29 14:41:03
freer-simple,2017-12-07 19:07:33
freetype2,2011-04-03 23:05:27
free-vl,2016-01-03 12:20:03
friendly-time,2012-04-14 00:35:46
frisby,2010-06-30 22:06:39
from-sum,2016-09-29 08:20:37
frontmatter,2015-12-20 03:38:42
fsnotify,2012-10-29 03:44:49
fsnotify-conduit,2016-09-08 10:29:28
funcmp,2007-09-09 00:16:36
function-builder,2019-01-22 05:41:23
functor-classes-compat,2017-03-29 09:41:14
functor-combinators,2019-06-19 17:39:01
fused-effects,2018-10-28 23:24:51
fuzzcheck,2014-06-07 09:06:13
fuzzy-dates,2018-05-03 19:01:15
fuzzyset,2017-10-24 13:21:20
galois-field,2019-06-21 11:45:03
gauge,2017-09-27 13:49:14
gc,2015-09-16 04:54:30
gd,2009-01-26 17:33:33
gdp,2018-06-17 14:45:10
general-games,2017-02-23 21:17:16
generic-arbitrary,2017-03-15 09:27:50
generic-data,2018-03-28 04:02:42
generic-data-surgery,2018-11-26 05:14:43
generic-deriving,2010-09-06 09:20:34
generic-lens,2017-06-10 15:51:20
GenericPretty,2011-07-09 19:03:11
generic-random,2016-05-17 15:49:10
generics-eot,2016-01-20 16:36:49
generics-mrsop,2018-05-24 14:21:07
generics-sop,2014-07-08 11:07:18
generics-sop-lens,2016-03-21 09:35:45
genvalidity,2016-07-13 07:56:35
genvalidity-aeson,2017-07-29 11:43:17
genvalidity-bytestring,2017-03-17 15:48:32
genvalidity-containers,2016-07-13 07:56:47
genvalidity-hspec,2016-07-13 07:56:53
genvalidity-hspec-aeson,2017-01-19 20:43:42
genvalidity-hspec-binary,2017-03-22 18:56:11
genvalidity-hspec-cereal,2017-01-19 20:43:56
genvalidity-hspec-hashable,2017-04-16 15:04:51
genvalidity-hspec-optics,2018-07-28 10:22:15
genvalidity-path,2017-01-19 20:37:48
genvalidity-property,2017-03-17 15:49:00
genvalidity-scientific,2017-07-29 11:43:27
genvalidity-text,2016-07-17 17:27:35
genvalidity-time,2017-02-15 11:24:06
genvalidity-unordered-containers,2017-07-29 11:43:37
genvalidity-uuid,2017-09-24 12:41:53
genvalidity-vector,2017-07-29 11:43:42
geojson,2013-11-15 10:35:09
getopt-generics,2015-03-30 07:44:52
ghc,2017-07-23 19:09:10
ghc-boot,2016-05-21 09:18:22
ghc-boot-th,2016-05-21 09:17:16
ghc-compact,2017-07-23 14:31:46
ghc-core,2008-05-02 01:44:50
ghc-exactprint,2015-01-24 15:07:54
ghci,2016-05-21 09:20:31
ghcid,2014-09-27 19:57:48
ghci-hexcalc,2018-10-05 12:00:31
ghcjs-codemirror,2013-12-08 17:23:56
ghc-lib,2019-05-23 16:05:41
ghc-lib-parser,2019-04-02 19:05:55
ghc-parser,2013-12-27 01:56:27
ghc-paths,2008-06-23 11:08:54
ghc-prim,2014-04-08 17:49:01
ghc-prof,2016-08-28 06:30:45
ghc-syntax-highlighter,2018-05-12 14:24:23
ghc-tcplugins-extra,2015-06-03 15:50:34
ghc-typelits-extra,2015-10-21 15:38:05
ghc-typelits-knownnat,2016-08-10 17:41:44
ghc-typelits-natnormalise,2015-03-30 11:49:00
ghost-buster,2017-08-29 03:26:22
gi-atk,2015-11-02 20:30:56
gi-cairo,2015-11-02 20:34:23
gi-gdk,2015-11-02 20:35:29
gi-gdkpixbuf,2015-11-02 20:36:42
gi-gio,2015-11-02 20:37:27
gi-glib,2016-05-15 12:08:54
gi-gobject,2015-11-02 20:38:29
gi-gtk,2015-11-02 20:39:42
gi-gtk-hs,2016-05-25 23:03:50
gi-gtksource,2016-05-12 09:23:10
gi-javascriptcore,2015-11-02 20:40:57
ginger,2015-09-09 12:10:38
gingersnap,2018-10-19 16:18:07
gi-pango,2015-11-02 20:43:53
githash,2018-07-02 22:14:57
github-release,2016-05-07 13:58:25
github-types,2014-06-26 18:06:37
github-webhooks,2018-02-28 07:21:38
gitrev,2015-03-17 18:56:35
gi-vte,2015-11-02 20:46:25
gl,2014-11-01 22:44:40
glabrous,2016-08-10 08:28:58
glaze,2017-01-19 11:48:18
glazier,2017-01-28 09:58:40
GLFW-b,2010-01-08 18:41:03
Glob,2008-10-17 19:47:03
gloss,2010-03-04 07:03:39
gloss-algorithms,2014-11-30 03:39:22
gloss-examples,2010-03-04 07:07:01
gloss-raster,2012-04-07 09:35:31
gloss-rendering,2014-11-29 10:27:48
GLURaw,2009-07-14 17:11:22
GLUT,2006-11-02 14:20:23
gnuplot,2008-10-16 21:57:02
google-isbn,2018-11-07 22:56:52
google-oauth2-jwt,2016-09-02 14:29:36
gpolyline,2013-11-18 22:39:47
graph-core,2014-07-15 09:24:19
graphite,2017-09-15 22:43:14
graphs,2011-01-21 17:39:06
graphviz,2008-07-10 01:58:02
graph-wrapper,2010-08-11 17:17:26
gravatar,2008-03-03 23:06:48
graylog,2016-02-28 20:41:12
greskell,2018-03-12 06:21:53
greskell-core,2018-03-12 06:20:58
greskell-websocket,2018-06-21 12:59:25
groom,2010-07-07 03:20:28
groundhog,2011-06-16 17:05:46
groundhog-inspector,2014-12-02 21:24:18
groundhog-mysql,2013-04-18 20:51:52
groundhog-postgresql,2012-09-12 13:46:53
groundhog-sqlite,2011-06-16 17:19:59
groundhog-th,2012-09-12 13:44:38
group-by-date,2017-03-26 10:32:15
grouped-list,2015-10-09 02:28:32
groups,2013-02-14 12:26:20
guarded-allocation,2018-08-07 10:05:24
gym-http-api,2017-12-04 23:23:51
H,2015-09-07 18:20:15
hackage-db,2011-08-24 21:57:35
hackage-security,2015-08-19 12:01:23
haddock-library,2014-06-18 07:09:32
hadolint,2018-01-04 19:56:23
half,2014-11-02 01:29:42
hamilton,2016-11-27 05:33:49
hamtsolo,2017-05-28 21:06:54
HandsomeSoup,2012-04-24 22:12:15
hapistrano,2014-06-04 11:33:42
happy,2007-01-08 17:41:37
hasbolt,2016-12-04 14:47:22
hashable,2010-08-15 14:29:36
hashable-time,2015-02-01 12:38:21
hashids,2015-05-18 06:09:34
hashmap,2010-05-29 19:08:15
hashtables,2011-06-11 17:35:45
haskeline,2008-07-16 18:22:24
haskell-gi,2015-11-02 20:19:17
haskell-gi-base,2015-11-02 20:16:41
haskell-gi-overloading,2017-07-30 14:10:17
haskell-lexer,2008-09-30 03:07:59
haskell-lsp,2017-07-19 15:41:05
haskell-lsp-types,2018-05-02 18:52:12
haskell-names,2013-06-20 15:03:02
haskell-spacegoo,2013-05-29 22:04:25
haskell-src,2006-11-02 14:22:57
haskell-src-exts,2008-02-25 05:50:38
haskell-src-exts-util,2017-08-21 14:51:51
haskell-src-meta,2008-10-26 12:59:34
haskey-btree,2017-08-23 13:17:01
haskintex,2013-09-17 23:50:46
haskoin-core,2015-11-23 11:45:26
hasql,2014-10-27 13:19:28
hasql-optparse-applicative,2016-02-12 07:52:18
hasql-pool,2015-12-07 16:49:22
hasql-transaction,2015-12-06 05:59:07
hasty-hamiltonian,2015-10-08 08:22:52
HaTeX,2010-07-19 00:40:06
haxl,2014-06-10 17:10:41
hbeanstalk,2010-05-31 23:57:04
HCodecs,2008-03-14 16:01:20
hdaemonize,2009-02-27 22:14:35
HDBC,2006-09-24 19:15:00
HDBC-mysql,2009-01-22 19:06:50
HDBC-session,2014-12-10 17:03:12
heap,2008-01-30 16:31:27
heaps,2010-05-09 07:08:12
hebrew-time,2009-10-07 15:37:46
hedgehog,2017-04-08 11:01:00
hedgehog-corpus,2018-01-25 03:25:17
hedgehog-fn,2018-08-06 23:24:15
hedis,2012-01-11 11:37:23
hedn,2012-09-13 08:58:37
here,2013-02-23 11:23:45
heredoc,2013-04-21 22:52:14
heterocephalus,2016-11-14 14:03:17
hex,2009-05-18 09:29:01
hexml,2016-12-04 18:57:21
hexml-lens,2017-08-05 17:59:23
hexpat,2008-02-27 05:49:37
hexstring,2015-04-20 03:02:00
hformat,2016-01-12 12:32:35
hfsevents,2012-05-24 16:36:49
hidapi,2013-06-22 18:10:22
hidden-char,2017-04-01 20:44:48
hi-file-parser,2019-06-08 21:29:07
higher-leveldb,2013-09-29 04:06:57
highlighting-kate,2008-02-10 19:05:41
hinfo,2018-08-10 18:46:37
hinotify,2007-01-27 03:53:45
hint,2007-09-04 17:57:03
hjsmin,2010-11-14 14:39:11
hkgr,2019-06-10 16:36:06
hledger,2008-10-15 22:25:29
hledger-iadd,2016-12-11 01:55:46
hledger-interest,2011-08-21 17:52:26
hledger-lib,2010-04-10 00:52:05
hledger-ui,2015-10-30 20:49:11
hledger-web,2010-12-07 02:17:59
hlibgit2,2011-03-20 19:37:14
hlibsass,2015-04-11 16:23:24
hlint,2008-12-20 09:27:52
hmatrix,2007-11-27 18:18:19
hmatrix-backprop,2018-02-11 06:40:28
hmatrix-gsl,2014-06-20 10:28:04
hmatrix-gsl-stats,2010-06-23 12:18:42
hmatrix-morpheus,2017-08-26 16:07:16
hmatrix-vector-sized,2018-02-11 05:48:45
hmm-lapack,2019-01-05 19:20:07
hmpfr,2008-09-20 13:23:28
hoauth2,2012-04-29 04:07:32
Hoed,2014-05-23 17:13:45
hoogle,2008-02-28 11:20:47
hOpenPGP,2012-03-31 19:51:06
hopenpgp-tools,2013-08-25 21:23:50
hopenssl,2008-02-20 23:44:39
hopfli,2014-02-09 16:30:53
hosc,2007-12-30 01:37:05
hostname,2010-05-06 22:36:07
hostname-validate,2013-08-13 10:45:59
hourglass,2014-05-04 05:48:19
hourglass-orphans,2017-04-15 17:54:56
hp2pretty,2010-07-28 23:00:40
hpack,2015-04-27 04:34:56
hpack-dhall,2018-01-31 08:08:59
hpc,2007-11-03 15:32:57
hquantlib-time,2018-11-19 20:00:23
hreader,2015-06-30 07:48:04
hreader-lens,2016-10-26 14:32:36
hruby,2013-05-31 10:39:53
hsass,2015-04-12 13:57:39
hs-bibutils,2008-12-27 21:08:14
hsc2hs,2006-11-07 10:19:40
hschema,2018-11-09 16:48:47
hschema-aeson,2018-11-09 17:03:59
hschema-prettyprinter,2018-11-09 17:03:58
hschema-quickcheck,2018-11-09 17:03:57
hscolour,2007-01-25 07:34:08
hsdev,2014-04-21 07:09:18
hsdns,2007-09-09 00:34:02
hsebaysdk,2014-10-24 23:20:09
hsemail,2007-09-09 00:16:08
hset,2015-06-24 23:20:21
HSet,2016-04-26 07:23:31
hsexif,2014-04-13 15:51:55
hs-functors,2017-11-21 20:07:46
hs-GeoIP,2012-03-17 23:24:09
hsini,2011-03-20 15:46:11
hsinstall,2016-10-03 03:18:45
HSlippyMap,2013-12-19 22:03:52
hslogger,2008-01-11 21:57:57
hslua,2007-06-27 07:01:57
hslua-aeson,2017-02-03 21:50:02
hslua-module-system,2019-04-28 20:20:36
hslua-module-text,2017-11-16 21:03:01
HsOpenSSL,2007-07-20 03:13:00
HsOpenSSL-x509-system,2015-02-16 08:05:27
hsp,2008-02-25 17:46:40
hspec,2011-02-16 23:57:10
hspec-attoparsec,2014-06-17 15:39:51
hspec-checkers,2014-10-22 14:40:00
hspec-contrib,2014-11-18 13:34:14
hspec-core,2014-11-10 15:23:45
hspec-discover,2012-05-15 15:10:55
hspec-expectations,2012-06-24 08:50:58
hspec-expectations-lifted,2013-12-08 12:22:21
hspec-expectations-pretty-diff,2015-08-22 14:32:32
hspec-golden-aeson,2016-08-12 14:44:04
hspec-leancheck,2018-09-08 15:19:28
hspec-megaparsec,2016-01-24 17:03:02
hspec-meta,2012-12-05 16:03:10
hspec-need-env,2018-07-18 01:56:28
hspec-pg-transact,2017-06-17 04:48:21
hspec-smallcheck,2013-08-13 21:16:36
hspec-wai,2014-06-11 08:34:18
hspec-wai-json,2014-09-24 09:33:59
hs-php-session,2014-09-04 10:02:24
hsshellscript,2012-04-03 01:14:37
hstatsd,2013-02-22 17:42:31
HStringTemplate,2008-02-02 02:46:08
HSvm,2009-09-13 20:26:33
HsYAML,2018-06-04 13:19:12
hsyslog,2008-02-20 22:59:41
htaglib,2015-11-01 15:33:28
HTF,2008-02-24 22:03:53
html,2006-11-02 14:22:35
html-conduit,2012-05-06 14:35:42
html-email-validate,2015-02-22 03:10:26
html-entities,2015-04-10 17:00:23
html-entity-map,2017-12-18 08:40:19
htoml,2015-01-07 08:14:13
HTTP,2007-02-11 09:43:34
http2,2013-12-17 01:25:04
http-api-data,2015-10-07 13:51:03
http-client,2013-11-15 03:14:40
http-client-tls,2013-12-04 04:08:48
http-common,2013-10-18 23:50:13
http-conduit,2011-12-29 10:11:16
http-date,2011-05-25 08:43:08
http-directory,2019-04-11 15:25:17
http-download,2019-06-08 21:40:44
httpd-shed,2008-10-10 16:41:30
http-link-header,2014-11-03 16:37:34
http-media,2013-10-14 04:10:17
http-reverse-proxy,2012-10-04 20:17:55
http-streams,2013-03-06 08:24:42
http-types,2011-02-03 21:36:00
human-readable-duration,2015-08-13 15:14:50
HUnit,2006-11-02 14:20:31
HUnit-approx,2014-06-30 02:30:10
hunit-dejafu,2015-12-01 05:32:55
hvect,2015-05-02 11:04:30
hvega,2018-04-25 02:36:04
hw-balancedparens,2016-10-23 01:19:48
hw-bits,2016-04-11 21:53:04
hw-conduit,2016-04-19 13:51:41
hw-conduit-merges,2018-09-28 04:18:56
hw-diagnostics,2016-04-19 21:24:55
hw-dsv,2018-06-03 13:18:35
hweblib,2010-10-17 22:55:39
hw-eliasfano,2016-10-23 00:43:38
hw-excess,2016-10-22 13:22:38
hw-fingertree,2018-01-27 16:34:48
hw-fingertree-strict,2018-01-27 15:41:43
hw-hedgehog,2017-07-28 10:54:18
hw-hspec-hedgehog,2017-07-19 23:42:35
hw-int,2016-10-23 04:26:27
hw-ip,2018-04-20 13:24:30
hw-json,2016-05-06 09:13:36
hw-json-simd,2019-01-26 11:38:56
hw-mquery,2016-07-20 13:17:25
hw-packed-vector,2016-10-28 09:39:34
hw-parser,2016-05-02 12:54:01
hw-prim,2016-04-16 14:25:51
hw-rankselect,2016-04-21 09:27:21
hw-rankselect-base,2016-10-22 11:52:11
hw-simd,2018-07-16 23:04:40
hw-streams,2018-10-26 08:52:56
hw-string-parse,2016-09-29 12:55:14
hw-succinct,2016-04-04 11:13:16
hxt,2007-02-05 05:23:41
hxt-charproperties,2010-10-01 18:01:28
hxt-css,2014-10-03 18:35:57
hxt-curl,2010-10-01 18:05:20
hxt-expat,2011-02-25 14:20:36
hxt-http,2010-10-01 18:06:12
hxt-regex-xmlschema,2010-10-01 18:06:52
hxt-tagsoup,2010-10-01 18:08:24
hxt-unicode,2010-10-01 18:02:32
hybrid-vectors,2013-08-10 19:38:36
hyper,2016-10-15 21:12:40
hyperloglog,2013-04-30 05:23:32
hyphenation,2012-02-11 01:08:50
hyraxAbif,2018-07-09 19:22:54
iconv,2006-09-05 23:37:35
identicon,2016-05-28 15:04:27
ieee754,2010-09-20 12:19:42
if,2016-11-17 12:07:37
iff,2008-03-10 13:39:14
ihaskell,2013-12-15 02:20:59
ihs,2017-04-28 15:55:18
ilist,2016-05-19 15:41:33
imagesize-conduit,2012-02-15 10:30:05
Imlib,2007-10-29 03:59:11
immortal,2014-08-09 12:37:34
include-file,2014-11-12 23:04:10
incremental-parser,2011-03-22 04:41:03
indentation-core,2016-05-28 02:21:49
indentation-parsec,2016-05-28 02:25:05
indents,2010-08-03 23:18:45
indexed,2012-03-09 04:01:33
indexed-list-literals,2018-02-10 17:21:43
infer-license,2018-07-15 08:03:00
inflections,2014-02-25 05:01:17
influxdb,2014-04-03 14:14:16
ini,2013-12-30 20:03:49
inj,2018-07-06 21:48:57
inline-c,2015-05-20 10:46:28
inline-c-cpp,2015-05-20 10:47:29
inline-r,2015-09-07 18:20:05
inliterate,2017-06-06 13:32:08
insert-ordered-containers,2016-03-09 01:11:11
inspection-testing,2017-11-09 23:57:24
instance-control,2016-05-11 08:01:31
int-cast,2014-02-15 18:47:13
integer-gmp,2014-04-08 17:51:10
integer-logarithms,2017-01-01 17:14:28
integration,2012-03-26 05:11:00
intern,2011-07-31 17:23:10
interpolate,2013-10-03 14:37:44
interpolatedstring-perl6,2009-07-26 13:16:45
interpolatedstring-qq2,2019-05-06 18:21:54
interpolation,2014-08-19 09:57:41
interpolator,2018-12-20 22:31:01
IntervalMap,2012-01-02 11:49:08
intervals,2010-06-14 03:04:57
intro,2016-12-24 14:39:03
intset-imperative,2018-08-03 15:06:10
invariant,2012-03-24 00:03:11
invertible,2016-04-27 12:48:10
invertible-grammar,2018-05-31 22:38:39
io-choice,2012-02-16 05:39:50
io-machine,2016-04-08 13:07:53
io-manager,2013-08-03 19:17:07
io-memoize,2012-02-28 19:11:26
io-region,2015-02-14 17:03:50
io-storage,2009-08-06 00:13:20
io-streams,2013-03-05 21:59:46
io-streams-haproxy,2016-08-07 17:25:42
ip,2016-05-16 17:46:26
ip6addr,2009-06-26 17:38:28
iproute,2009-10-16 09:32:46
IPv6Addr,2011-07-16 09:26:48
ipynb,2019-01-23 05:38:29
ipython-kernel,2014-01-10 01:23:36
irc,2007-09-10 01:01:25
irc-client,2015-02-16 00:58:44
irc-conduit,2014-09-07 18:15:15
irc-ctcp,2014-08-22 12:45:06
islink,2014-10-07 14:30:06
iso3166-country-codes,2010-04-24 16:10:28
iso639,2013-10-31 17:34:15
iso8601-time,2013-10-27 00:35:05
iterable,2013-09-22 12:03:01
ixset-typed,2014-03-31 11:25:13
ix-shapable,2009-05-18 00:26:06
jack,2008-02-18 11:06:13
jailbreak-cabal,2012-09-10 10:09:32
jose,2014-05-17 06:48:37
jose-jwt,2014-07-07 22:38:08
js-dgtable,2019-03-15 16:12:23
js-flot,2014-11-10 19:56:22
js-jquery,2014-10-06 15:44:32
json,2008-04-21 17:59:09
json-alt,2018-11-28 13:45:17
json-autotype,2014-10-06 12:13:58
json-feed,2017-05-26 13:43:52
jsonpath,2019-07-05 18:35:13
json-rpc,2014-08-08 11:35:17
json-rpc-client,2015-01-05 08:46:44
json-rpc-generic,2016-07-14 08:08:06
json-rpc-server,2013-12-23 08:38:00
JuicyPixels,2012-01-13 17:19:21
JuicyPixels-extra,2016-05-25 18:24:42
JuicyPixels-scale-dct,2015-11-09 05:30:19
justified-containers,2017-07-31 02:32:14
jwt,2014-03-03 09:35:36
kan-extensions,2011-02-05 05:21:18
kanji,2016-02-17 03:11:45
katip,2016-03-07 17:24:19
kawhi,2016-07-19 01:07:20
kazura-queue,2016-01-30 07:56:56
kdt,2014-11-11 04:19:29
keycode,2015-03-29 00:55:13
keys,2011-02-05 03:28:14
kind-apply,2018-10-30 10:57:31
kind-generics,2018-10-30 10:59:40
kind-generics-th,2018-12-10 07:57:52
kleene,2018-05-21 17:25:29
kmeans,2009-03-15 12:01:56
koofr-client,2014-12-08 11:39:44
kraken,2015-07-25 08:20:51
l10n,2017-01-19 11:49:56
labels,2016-08-11 14:01:41
lackey,2015-09-09 12:18:35
lambdabot-core,2015-02-22 17:26:35
lambdabot-irc-plugins,2015-02-22 17:27:04
LambdaHack,2008-04-12 15:51:00
lame,2017-02-26 21:45:14
language-c,2008-08-13 12:29:42
language-c-quote,2010-09-25 18:07:23
language-docker,2017-12-13 09:43:23
language-ecmascript,2012-08-04 18:46:48
language-haskell-extract,2010-05-13 08:30:47
language-java,2010-10-28 10:43:42
language-javascript,2010-12-20 11:36:12
language-nix,2015-08-20 22:11:01
language-puppet,2012-06-25 13:48:48
lapack,2018-03-11 18:20:51
lapack-carray,2017-12-16 10:36:00
lapack-comfort-array,2019-01-23 11:49:45
lapack-ffi,2017-12-16 10:34:33
lapack-ffi-tools,2017-12-16 10:20:13
largeword,2011-02-14 09:37:53
latex,2011-06-06 10:55:50
lattices,2010-08-02 21:01:20
lawful,2018-06-15 15:35:53
lazy-csv,2013-02-25 10:31:32
lazyio,2009-01-04 22:55:22
lca,2012-05-17 22:03:41
leancheck,2016-04-07 13:18:13
leancheck-instances,2018-11-30 12:32:34
leapseconds-announced,2009-01-17 04:22:42
learn-physics,2014-03-29 19:35:06
lens,2012-07-25 23:03:28
lens-action,2015-01-04 21:39:38
lens-aeson,2013-03-29 03:23:12
lens-datetime,2013-08-25 10:18:17
lens-family,2012-07-06 17:29:51
lens-family-core,2012-07-06 17:28:41
lens-family-th,2012-07-06 22:41:23
lens-misc,2018-07-02 12:22:56
lens-process,2019-06-22 05:07:19
lens-properties,2014-01-30 06:36:19
lens-regex,2015-06-12 22:43:05
lens-regex-pcre,2019-06-09 16:00:43
lens-simple,2015-05-30 20:36:25
lens-typelevel,2018-10-26 20:27:11
lenz,2015-12-22 17:34:08
leveldb-haskell,2012-02-08 21:26:53
libffi,2009-03-17 14:07:23
libgit,2011-03-17 08:11:58
libgraph,2014-11-14 09:57:46
libmpd,2007-09-29 02:17:34
liboath-hs,2017-11-08 22:04:46
libraft,2018-12-03 12:07:44
libyaml,2018-10-14 08:11:46
LibZip,2009-12-18 01:28:31
lifted-async,2012-10-23 11:45:33
lifted-base,2011-12-02 09:52:30
lift-generics,2015-11-21 05:03:29
line,2016-11-27 04:22:41
linear,2012-09-14 01:13:00
linear-circuit,2015-08-26 19:48:11
linux-file-extents,2014-02-26 07:52:31
linux-namespaces,2014-10-29 00:50:45
List,2009-07-23 22:42:55
ListLike,2007-09-17 19:23:30
listsafe,2014-12-29 02:27:10
list-t,2014-08-12 10:46:28
ListTree,2009-09-27 13:57:47
list-witnesses,2019-03-07 05:29:11
llvm-hs,2017-03-19 07:11:59
llvm-hs-pure,2017-03-19 07:13:35
lmdb,2014-12-10 23:09:58
load-env,2014-07-18 19:33:22
loc,2017-05-07 22:39:46
locators,2014-01-22 01:49:40
loch-th,2011-05-17 09:09:04
lockfree-queue,2012-10-01 14:51:38
log-base,2016-11-25 09:07:47
log-domain,2013-03-17 08:16:06
logfloat,2008-08-02 00:56:17
logger-thread,2016-12-24 04:42:02
logging-effect,2016-01-19 23:36:55
logging-facade,2014-11-24 08:01:08
logging-facade-syslog,2017-05-15 09:12:04
logict,2007-07-08 00:18:21
loop,2014-04-29 03:26:34
loopbreaker,2019-06-30 15:47:51
lrucache,2010-02-15 23:17:34
lrucaching,2016-08-15 15:00:10
lsp-test,2018-08-05 00:57:29
lucid,2014-11-21 00:57:51
lucid-extras,2017-08-27 07:19:57
lxd-client-config,2017-10-13 12:59:42
lzma,2015-08-16 19:14:04
lzma-conduit,2012-02-29 06:36:31
machines,2012-08-28 03:11:45
machines-binary,2015-12-15 09:46:14
machines-directory,2014-09-21 14:27:59
machines-io,2014-07-06 16:05:40
magico,2015-08-17 20:46:46
mainland-pretty,2010-09-25 18:01:14
main-tester,2018-04-04 23:31:59
makefile,2016-07-11 15:29:10
managed,2014-08-10 23:15:29
markdown,2012-07-15 09:57:01
markdown-unlit,2012-10-12 18:33:22
markov-chain,2007-12-07 10:59:53
massiv,2018-02-17 12:40:21
massiv-io,2018-02-18 17:05:04
massiv-test,2019-07-25 12:44:22
mathexpr,2016-11-02 22:14:22
math-functions,2011-12-21 05:49:40
matplotlib,2017-03-06 09:02:07
matrices,2014-10-10 21:35:55
matrix,2013-03-19 04:33:44
matrix-market-attoparsec,2017-02-15 22:38:11
matrix-static,2018-08-29 06:24:10
maximal-cliques,2010-12-20 21:20:12
mbox,2010-02-11 01:31:56
mbtiles,2017-07-22 18:20:50
mcmc-types,2015-10-06 08:53:23
median-stream,2016-10-21 23:43:22
megaparsec,2015-09-25 08:06:53
megaparsec-tests,2019-05-01 17:50:52
mega-sdist,2012-05-23 06:46:01
memory,2015-05-18 17:22:32
MemoTrie,2008-07-19 19:28:04
menshen,2019-01-17 03:51:22
mercury-api,2017-06-05 22:41:23
merkle-tree,2017-12-11 13:03:12
mersenne-random-pure64,2008-01-28 02:33:42
messagepack,2014-07-25 05:52:48
metrics,2013-11-26 03:57:19
mfsolve,2015-04-17 13:01:07
microformats2-parser,2015-07-30 22:01:46
microlens,2015-04-19 19:49:36
microlens-aeson,2015-12-30 06:14:14
microlens-contra,2015-12-30 21:00:49
microlens-ghc,2015-08-06 16:53:52
microlens-mtl,2015-04-19 19:52:31
microlens-platform,2015-08-15 19:02:09
microlens-process,2019-06-22 20:44:30
microlens-th,2015-04-19 19:53:01
microspec,2016-09-05 18:44:00
microstache,2017-05-23 11:36:21
midair,2016-03-10 04:25:50
midi,2008-02-18 09:55:02
midi-music-box,2015-05-23 18:44:18
mighty-metropolis,2015-10-06 09:58:46
mime-mail,2010-10-19 22:46:00
mime-mail-ses,2011-06-30 19:08:25
mime-types,2012-07-13 10:11:27
minimorph,2012-08-03 19:21:31
minio-hs,2017-02-10 12:45:39
miniutter,2012-12-10 08:39:32
mintty,2017-01-31 02:10:08
miso,2017-06-27 01:31:48
missing-foreign,2011-04-03 19:55:59
MissingH,2007-03-07 00:36:50
mixed-types-num,2017-03-08 23:10:17
mltool,2017-06-26 21:28:52
mmap,2008-03-12 15:44:10
mmark,2017-11-16 12:21:34
mmark-cli,2018-01-13 14:18:48
mmark-ext,2017-11-16 14:58:15
mmorph,2013-03-16 05:09:22
mmtf,2017-03-21 07:47:10
mnist-idx,2016-04-09 08:06:11
mockery,2015-04-22 03:58:28
modern-uri,2017-10-28 09:44:00
modular,2018-11-05 09:01:21
monad-control,2011-02-05 23:36:21
monad-control-aligned,2017-05-10 22:42:02
monad-coroutine,2010-03-21 19:51:49
monad-extras,2013-07-29 08:12:19
monadic-arrays,2011-01-23 01:57:49
monad-journal,2014-02-22 12:10:08
monad-logger,2012-07-15 13:48:48
monad-logger-json,2015-03-31 22:54:15
monad-logger-prefix,2016-06-29 20:26:42
monad-logger-syslog,2013-12-29 17:35:47
monad-loops,2008-12-15 19:35:55
monad-memo,2011-03-08 04:41:19
monad-metrics,2017-02-02 23:08:05
monad-par,2011-04-07 15:47:51
monad-parallel,2010-03-21 19:51:20
monad-par-extras,2012-05-04 17:25:54
monad-peel,2010-11-03 09:57:42
monad-products,2011-05-08 14:57:34
MonadPrompt,2008-03-20 17:28:39
MonadRandom,2007-10-07 13:45:53
monad-skeleton,2015-03-31 06:37:03
monad-st,2011-01-20 07:41:31
monads-tf,2009-01-10 01:51:17
monad-time,2015-05-06 15:39:58
monad-unlift,2015-04-05 13:03:21
monad-unlift-ref,2016-05-03 05:28:08
mongoDB,2010-01-19 06:04:06
monoidal-containers,2015-01-20 17:31:13
monoid-extras,2012-08-21 17:44:51
monoid-subclasses,2013-03-11 03:43:13
monoid-transformer,2009-01-19 23:19:41
mono-traversable,2013-09-24 02:44:24
mono-traversable-instances,2016-07-04 16:48:39
mono-traversable-keys,2019-01-30 15:28:03
more-containers,2017-12-25 23:50:37
mountpoints,2016-02-15 00:51:59
mpi-hs,2018-10-16 20:10:05
msgpack,2009-12-08 16:52:43
msgpack-aeson,2015-04-04 07:42:41
mtl,2006-11-02 14:22:06
mtl-compat,2015-02-06 02:25:33
mtl-prelude,2014-07-28 09:40:34
multiarg,2012-01-29 04:13:22
multimap,2013-05-26 10:14:45
multipart,2014-04-10 13:56:24
multiset,2008-02-07 01:35:43
multistate,2014-07-28 11:30:14
murmur3,2015-06-15 11:50:30
murmur-hash,2010-01-19 02:13:34
MusicBrainz,2012-11-30 21:15:10
mustache,2015-09-18 15:18:47
mutable-containers,2015-01-04 06:38:37
mwc-probability,2015-10-06 07:32:53
mwc-probability-transition,2018-04-21 00:02:27
mwc-random,2009-12-26 05:56:01
mysql,2011-04-28 20:38:43
mysql-haskell,2016-08-16 00:38:13
mysql-haskell-nem,2016-12-18 16:03:30
mysql-simple,2011-04-29 08:09:21
n2o,2018-11-01 03:16:49
nagios-check,2014-11-10 03:22:12
named,2018-02-05 18:08:47
names-th,2014-12-10 17:01:11
nano-erl,2016-01-23 00:46:11
nanospec,2012-09-23 13:08:34
nats,2013-01-06 18:47:50
natural-induction,2017-12-14 03:11:30
natural-sort,2010-01-19 05:13:56
natural-transformation,2015-03-06 21:41:49
ndjson-conduit,2015-06-08 06:16:40
neat-interpolation,2013-03-14 23:54:10
netlib-carray,2017-12-16 10:38:46
netlib-comfort-array,2019-01-23 11:40:19
netlib-ffi,2017-12-16 10:38:34
netpbm,2013-02-22 16:39:31
netrc,2015-04-01 14:28:43
nettle,2013-10-20 17:51:00
netwire,2011-08-06 15:15:51
netwire-input,2014-08-31 04:45:15
netwire-input-glfw,2014-08-31 04:56:25
network,2006-11-02 14:22:44
network-anonymous-i2p,2015-03-11 10:22:58
network-attoparsec,2015-02-17 04:11:07
network-bsd,2018-11-29 23:51:37
network-byte-order,2018-10-25 03:43:31
network-conduit-tls,2012-10-04 20:18:29
network-house,2012-10-30 21:03:16
network-info,2010-08-10 17:19:21
network-ip,2013-04-22 14:35:22
network-messagepack-rpc,2018-07-17 05:27:37
network-multicast,2008-07-16 17:23:12
network-simple,2013-04-22 06:25:33
network-simple-tls,2013-05-25 16:04:13
network-transport,2012-07-07 07:56:24
network-transport-composed,2015-09-28 19:38:52
network-uri,2014-09-02 18:10:49
newtype,2011-01-17 22:59:56
newtype-generics,2014-03-08 10:05:18
nicify-lib,2015-03-22 12:50:41
NineP,2010-02-20 15:00:42
nix-paths,2015-09-10 13:03:46
NoHoed,2017-08-17 22:14:47
nonce,2014-05-27 17:06:54
nondeterminism,2013-08-14 08:51:12
non-empty,2012-11-03 14:43:30
nonempty-containers,2018-11-30 01:34:13
nonemptymap,2018-06-21 14:55:11
non-empty-sequence,2016-07-31 04:32:24
non-negative,2008-02-18 07:50:04
not-gloss,2012-06-05 06:39:51
no-value,2019-07-28 22:46:13
nowdoc,2018-08-29 01:02:38
nqe,2017-12-29 14:17:04
nsis,2012-03-04 12:30:58
numbers,2007-09-22 15:41:17
numeric-extras,2010-06-13 05:36:46
numeric-prelude,2008-03-11 13:32:17
numhask,2017-04-02 06:57:30
NumInstances,2011-09-22 16:02:07
numtype-dk,2015-05-11 00:32:12
nuxeo,2018-05-09 13:51:13
nvim-hs,2015-07-21 20:50:46
nvim-hs-contrib,2015-09-16 21:32:12
nvvm,2016-10-08 03:32:54
oauthenticated,2013-11-25 18:01:46
ObjectName,2009-07-14 17:06:43
oblivious-transfer,2018-11-21 12:53:22
odbc,2018-01-29 09:48:39
oeis,2007-10-22 11:17:58
oeis2,2018-12-03 18:54:00
ofx,2013-04-27 02:40:24
old-locale,2007-11-03 15:33:22
old-time,2007-11-03 15:33:25
once,2015-12-21 21:14:19
one-liner,2012-09-19 18:02:09
one-liner-instances,2018-02-03 21:57:43
OneTuple,2008-10-02 06:24:57
Only,2017-06-12 20:31:23
oo-prototypes,2014-08-25 04:31:44
opaleye,2014-12-01 14:10:38
OpenAL,2006-11-02 14:21:09
open-browser,2015-07-25 09:20:09
openexr-write,2017-07-02 06:26:54
OpenGL,2006-11-02 14:21:40
OpenGLRaw,2009-06-11 16:43:03
openpgp-asciiarmor,2012-04-26 02:35:07
opensource,2016-04-29 14:20:14
openssl-streams,2013-03-05 22:01:39
open-witness,2008-08-18 07:06:57
operational,2010-01-26 09:03:35
operational-class,2015-07-12 05:58:12
optional-args,2015-06-15 02:24:35
options,2012-03-24 19:07:23
optparse-applicative,2012-06-09 18:48:36
optparse-enum,2019-07-21 17:14:58
optparse-generic,2016-02-28 06:46:10
optparse-simple,2015-04-13 11:13:03
optparse-text,2016-06-25 19:56:59
ordered-containers,2016-12-23 23:20:55
oset,2019-02-05 22:34:36
overhang,2018-02-02 03:48:09
packcheck,2018-01-02 13:55:12
pager,2015-05-16 15:45:59
pagination,2016-07-13 21:02:32
pairing,2018-11-26 10:53:37
palette,2013-12-06 16:00:32
pandoc,2007-08-16 01:31:10
pandoc-citeproc,2013-09-13 14:45:29
pandoc-csv2table,2015-05-16 06:17:03
pandoc-markdown-ghci-filter,2019-07-06 14:21:48
pandoc-pyplot,2018-09-30 02:38:29
pandoc-types,2010-12-24 21:28:26
pantry,2019-07-11 19:54:03
parallel,2007-11-03 15:33:45
parallel-io,2010-12-03 18:23:35
paripari,2018-09-06 01:50:42
parseargs,2008-03-09 07:06:09
parsec,2006-11-02 14:36:18
parsec-class,2018-07-07 08:50:53
parsec-numbers,2011-09-29 13:20:53
parsec-numeric,2017-01-07 05:47:11
ParsecTools,2010-09-22 22:13:18
parser-combinators,2017-06-14 15:51:35
parser-combinators-tests,2019-05-10 18:52:33
parsers,2012-06-23 21:42:33
partial-handler,2014-10-18 15:58:50
partial-isomorphisms,2011-01-26 18:04:44
partial-semigroup,2017-10-16 08:02:13
password,2019-03-31 06:27:45
password-instances,2019-03-31 06:27:58
path,2015-05-08 12:50:50
path-extra,2015-11-07 02:29:02
path-io,2016-01-18 13:01:18
path-pieces,2011-07-19 05:46:41
path-text-utf8,2017-10-13 02:50:46
pathtype,2009-11-07 18:09:09
pathwalk,2015-10-16 06:52:34
pattern-arrows,2014-01-30 04:25:00
pcf-font,2017-09-08 23:33:31
pcf-font-embed,2017-09-17 05:41:00
pcg-random,2014-12-15 00:16:32
pcre-heavy,2015-02-11 14:53:39
pcre-light,2008-01-13 03:41:52
pcre-utils,2013-03-22 18:14:41
pdfinfo,2011-02-23 21:09:56
peano,2015-03-27 05:42:31
pedersen-commitment,2017-12-11 13:10:19
pem,2012-04-10 22:43:31
pencil,2018-01-31 07:14:05
percent-format,2018-07-31 20:38:39
peregrin,2017-04-12 10:08:17
perfect-hash-generator,2017-11-05 21:06:15
persist,2018-10-29 15:01:05
persistable-record,2014-12-10 17:03:45
persistable-types-HDBC-pg,2015-11-21 08:36:55
persistent,2010-06-22 11:04:07
persistent-iproute,2015-12-04 00:30:15
persistent-mysql,2012-02-08 08:12:58
persistent-mysql-haskell,2017-04-02 22:34:59
persistent-pagination,2019-07-17 00:03:04
persistent-postgresql,2010-06-22 11:04:38
persistent-qq,2018-10-14 06:55:11
persistent-sqlite,2010-06-22 11:05:02
persistent-template,2011-04-19 20:03:13
persistent-typed-db,2019-03-14 21:50:56
pg-harness-client,2015-05-09 07:57:20
pg-harness-server,2015-05-09 07:58:11
pgp-wordlist,2015-04-17 19:46:33
pg-transact,2017-06-17 04:34:39
phantom-state,2014-09-23 22:02:40
pid1,2016-09-28 07:05:59
pinboard,2015-03-16 00:23:01
pipes,2012-01-14 23:38:52
pipes-aeson,2013-06-06 20:32:24
pipes-attoparsec,2012-03-10 00:28:48
pipes-binary,2013-06-08 14:50:10
pipes-bytestring,2013-09-20 04:38:26
pipes-category,2017-01-19 12:24:30
pipes-concurrency,2013-04-14 06:03:02
pipes-csv,2013-09-21 20:44:18
pipes-extras,2014-04-12 04:08:01
pipes-fastx,2015-06-26 22:56:43
pipes-fluid,2017-01-28 07:56:03
pipes-group,2014-02-02 02:02:24
pipes-http,2014-02-02 02:09:52
pipes-misc,2017-01-20 11:03:39
pipes-network,2012-03-10 00:30:48
pipes-network-tls,2013-05-29 06:43:28
pipes-parse,2013-06-02 16:48:56
pipes-random,2016-06-26 23:31:42
pipes-safe,2013-01-14 20:26:17
pipes-wai,2014-06-10 00:39:44
pkcs10,2015-12-13 20:48:04
placeholders,2011-04-29 05:06:32
planb-token-introspection,2018-05-01 21:24:08
plotlyhs,2016-12-08 22:21:10
pointed,2011-02-16 21:12:47
pointedlist,2009-01-22 00:08:47
pointless-fun,2012-01-29 04:33:36
poll,2011-05-14 16:57:25
poly,2019-04-21 18:28:43
poly-arity,2015-04-25 18:45:25
polynomials-bernstein,2011-03-24 20:58:10
polyparse,2007-01-26 17:41:18
polysemy,2019-04-10 20:28:42
polysemy-plugin,2019-04-28 02:57:02
polysemy-zoo,2019-05-05 14:47:01
pooled-io,2014-01-15 19:55:26
port-utils,2018-11-02 07:23:41
posix-paths,2013-07-05 06:57:16
possibly,2019-03-15 18:22:19
postgresql-binary,2014-11-10 09:59:23
postgresql-libpq,2011-12-25 04:50:56
postgresql-orm,2013-08-19 22:24:36
postgresql-schema,2015-06-26 22:06:52
postgresql-simple,2011-12-30 05:55:37
postgresql-simple-migration,2014-07-05 05:10:56
postgresql-simple-queue,2017-06-17 05:07:38
postgresql-simple-url,2015-06-05 13:28:39
postgresql-transactional,2016-04-26 19:19:43
postgresql-typed,2015-01-05 02:40:27
post-mess-age,2014-12-03 20:21:11
pptable,2016-09-30 12:55:45
pqueue,2010-03-30 18:02:20
prefix-units,2012-05-04 01:07:24
prelude-compat,2016-04-16 17:53:40
prelude-safeenum,2013-05-29 23:16:05
present,2014-04-26 12:56:16
pretty,2007-11-03 15:33:50
prettyclass,2008-12-05 17:26:32
pretty-class,2012-10-24 21:30:41
pretty-hex,2012-06-08 23:24:37
prettyprinter,2017-05-20 16:20:59
prettyprinter-ansi-terminal,2017-05-20 16:21:32
prettyprinter-compat-annotated-wl-pprint,2017-05-20 16:21:52
prettyprinter-compat-ansi-wl-pprint,2017-05-20 16:22:08
prettyprinter-compat-wl-pprint,2017-05-20 16:22:22
prettyprinter-convert-ansi-wl-pprint,2017-08-03 10:20:40
pretty-show,2009-06-13 02:03:35
pretty-simple,2016-12-15 14:05:03
pretty-sop,2014-07-08 11:08:02
pretty-types,2016-08-11 03:27:45
primes,2009-04-16 13:10:01
primitive,2009-11-16 13:28:52
primitive-extras,2018-07-11 13:03:25
prim-uniq,2011-07-13 14:15:48
probability,2008-02-13 04:23:00
process,2007-11-03 15:33:53
process-extras,2012-04-03 09:02:35
product-isomorphic,2017-09-03 13:48:52
product-profunctors,2014-12-01 14:10:08
profiterole,2017-06-02 21:25:09
profunctors,2011-07-25 19:05:25
projectroot,2015-12-15 03:01:25
project-template,2012-11-07 09:07:00
prometheus-client,2015-06-28 01:48:52
promises,2015-06-21 06:40:54
prompt,2015-06-29 22:23:35
prospect,2018-07-10 19:54:55
protobuf,2013-02-22 21:10:12
protobuf-simple,2016-05-05 15:56:55
protocol-buffers,2008-07-08 15:29:07
protocol-buffers-descriptor,2008-09-28 14:36:32
protocol-radius,2017-12-17 06:56:41
protocol-radius-test,2017-12-17 06:58:42
proto-lens,2016-06-17 19:05:39
proto-lens-arbitrary,2016-06-17 20:03:13
proto-lens-optparse,2016-06-17 20:19:51
proto-lens-protobuf-types,2017-06-07 21:38:02
proto-lens-protoc,2016-06-17 20:02:37
proto-lens-runtime,2018-09-04 20:11:08
proto-lens-setup,2018-09-04 20:11:57
protolude,2016-04-08 15:27:45
proxied,2016-02-18 04:10:21
psql-helpers,2016-03-03 17:45:53
psqueues,2014-06-23 13:53:14
pureMD5,2008-01-15 23:57:20
purescript-bridge,2016-03-22 13:36:26
pure-zlib,2014-10-20 01:37:18
pushbullet-types,2017-02-20 22:50:38
pusher-http-haskell,2015-09-04 14:59:48
qchas,2017-08-04 18:27:29
qm-interpolated-string,2017-03-08 19:53:52
qnap-decrypt,2018-04-28 15:20:10
qrcode-core,2019-01-09 13:04:58
qrcode-juicypixels,2019-01-09 13:05:50
quadratic-irrational,2014-03-24 07:34:32
QuasiText,2012-05-19 05:28:17
quickbench,2016-10-21 11:13:20
QuickCheck,2006-11-02 14:21:18
quickcheck-arbitrary-adt,2016-08-12 09:02:05
quickcheck-assertions,2013-02-28 10:27:51
quickcheck-classes,2017-10-22 16:22:57
quickcheck-instances,2012-01-07 17:22:37
quickcheck-io,2013-03-30 19:12:01
quickcheck-simple,2015-06-13 00:45:52
quickcheck-special,2016-11-02 17:20:24
quickcheck-state-machine,2017-06-07 08:29:46
quickcheck-text,2015-09-08 06:50:47
quickcheck-transformer,2019-01-22 11:09:02
quickcheck-unicode,2014-12-11 19:09:47
radius,2017-10-21 22:18:57
rainbow,2013-03-27 17:22:17
rainbox,2014-03-24 01:00:28
ramus,2017-02-06 16:35:33
rando,2018-02-02 00:12:28
random,2007-11-03 15:33:58
random-bytestring,2017-05-15 15:19:41
random-fu,2009-02-12 22:42:43
random-shuffle,2009-03-22 14:39:07
random-source,2011-06-24 17:39:17
random-tree,2016-02-09 17:48:08
range,2013-07-01 12:10:56
Ranged-sets,2007-02-21 07:36:41
range-set-list,2014-02-06 12:36:57
rank1dynamic,2012-08-10 15:56:52
rank2classes,2017-05-28 03:04:19
Rasterific,2014-02-27 22:45:48
rasterific-svg,2015-02-07 22:39:38
ratel,2016-02-24 15:21:06
ratel-wai,2016-02-24 19:55:39
rattle,2019-04-17 22:47:51
rattletrap,2016-10-27 14:42:14
rawfilepath,2016-10-15 09:35:09
rawstring-qm,2014-08-19 08:32:51
raw-strings-qq,2013-04-04 08:40:18
rcu,2015-09-08 07:27:21
rdf,2016-08-21 01:13:33
re2,2014-06-03 05:06:30
readable,2012-08-24 21:36:13
read-editor,2015-10-27 09:12:06
read-env-var,2016-04-07 07:36:11
reanimate,2019-03-08 15:47:19
reanimate-svg,2019-03-03 12:24:49
rebase,2016-01-28 14:42:59
record-dot-preprocessor,2018-05-05 23:10:46
record-hasfield,2019-03-21 13:47:58
records-sop,2017-05-01 10:06:02
recursion-schemes,2011-01-29 01:19:47
reducers,2011-08-04 22:37:28
refact,2015-07-19 19:51:22
references,2014-07-23 09:35:50
reflection,2009-03-30 02:09:57
RefSerialize,2008-11-02 13:37:30
regex,2017-01-26 23:43:40
regex-applicative,2011-07-03 17:18:05
regex-applicative-text,2015-08-11 07:55:51
regex-base,2006-12-05 18:32:14
regex-compat,2006-12-05 18:32:28
regex-compat-tdfa,2012-09-13 15:18:20
regex-pcre,2007-03-06 10:45:59
regex-pcre-builtin,2007-03-06 10:45:59
regex-pcre-text,2017-06-02 21:49:30
regex-posix,2006-12-05 18:32:37
regex-tdfa,2008-05-06 03:53:07
regex-tdfa-text,2012-10-06 06:06:07
regex-with-pcre,2017-03-13 00:49:19
registry,2018-09-17 11:02:33
reinterpret-cast,2014-04-30 14:55:12
relapse,2017-01-30 01:26:27
relational-query,2014-12-10 17:04:17
relational-query-HDBC,2014-12-10 17:05:15
relational-record,2014-12-11 05:51:47
relational-schemas,2014-12-10 17:04:47
relude,2018-07-21 10:14:26
renderable,2015-08-31 22:07:52
repa,2010-04-28 02:39:05
repa-algorithms,2010-05-07 06:03:31
repa-io,2010-05-07 06:04:22
replace-attoparsec,2019-09-10 12:57:44
replace-megaparsec,2019-08-24 19:57:22
repline,2014-09-21 01:21:07
req,2016-11-10 13:21:53
req-conduit,2016-11-10 17:33:31
require,2018-05-23 15:05:11
rerebase,2016-11-25 19:35:02
resistor-cube,2015-08-17 21:13:01
resource-pool,2011-05-03 03:42:16
resourcet,2012-03-21 15:53:53
result,2016-08-22 07:42:25
rethinkdb-client-driver,2014-08-03 06:02:41
retry,2013-03-12 22:45:29
rev-state,2013-03-19 00:48:26
rfc1751,2018-09-12 11:34:43
rfc5051,2013-09-17 21:59:06
rg,2019-06-06 17:39:39
rhine,2017-10-16 17:58:39
rhine-gloss,2017-11-30 20:17:43
rigel-viz,2019-02-24 16:08:32
rio,2018-01-07 20:16:22
rio-orphans,2018-04-04 09:13:37
rio-prettyprint,2019-06-08 21:42:29
roc-id,2018-12-08 06:54:40
rocksdb-haskell,2014-07-29 23:01:29
rocksdb-query,2018-09-09 19:38:31
roles,2017-10-16 03:11:45
rope-utf16-splay,2018-02-10 22:34:58
rosezipper,2008-07-23 15:58:06
rot13,2014-10-01 12:15:20
rpmbuild-order,2018-07-23 07:14:47
RSA,2008-11-17 21:52:32
runmemo,2012-02-25 02:08:49
rvar,2011-06-24 17:39:46
s3-signer,2014-06-10 03:54:41
safe,2008-05-21 08:54:26
safecopy,2007-10-16 11:41:27
safe-exceptions,2016-06-28 10:06:30
safe-exceptions-checked,2017-01-28 19:42:52
safe-foldable,2018-06-06 22:14:25
safeio,2017-05-29 15:10:13
safe-json,2019-04-19 20:18:30
safe-money,2016-12-26 22:18:48
SafeSemaphore,2011-04-08 23:06:42
salak,2018-08-30 13:14:55
salak-toml,2019-04-01 12:24:55
salak-yaml,2019-04-01 12:24:26
saltine,2013-06-06 20:00:29
salve,2017-08-30 14:53:51
sample-frame,2009-10-05 18:13:21
sample-frame-np,2009-10-05 18:18:09
sampling,2016-02-09 08:56:04
sandman,2015-04-05 05:50:10
say,2016-11-17 16:54:22
sbp,2015-09-09 16:58:02
sbv,2011-01-16 09:38:21
scalpel,2015-01-16 06:23:14
scalpel-core,2017-02-05 04:46:18
scanf,2018-03-18 19:55:48
scanner,2016-04-02 13:56:51
scheduler,2019-03-27 01:24:38
scientific,2013-10-22 23:38:42
scotty,2012-01-05 20:43:30
scrypt,2011-06-19 20:09:16
sdl2,2014-01-02 06:51:29
sdl2-gfx,2016-10-21 21:46:10
sdl2-image,2014-02-09 09:05:23
sdl2-mixer,2016-10-21 20:46:39
sdl2-ttf,2015-01-07 08:50:23
secp256k1-haskell,2018-09-10 09:44:18
securemem,2013-06-26 06:39:20
selda,2017-04-13 22:49:24
selda-json,2019-06-02 16:40:46
selda-postgresql,2017-04-13 22:49:28
selda-sqlite,2017-04-13 22:49:26
selective,2019-03-07 02:19:45
semialign,2019-06-02 13:54:24
semigroupoid-extras,2011-01-31 16:54:32
semigroupoids,2011-01-30 12:24:24
semigroups,2011-01-07 23:51:11
semirings,2018-03-19 16:49:55
semiring-simple,2014-04-30 10:29:20
semver,2014-08-28 14:08:57
sendfile,2009-06-24 06:40:05
seqalign,2015-07-03 12:24:48
serf,2013-11-30 02:40:33
serialise,2017-08-01 02:17:55
servant,2014-07-25 16:28:58
servant-auth,2016-10-08 13:08:59
servant-auth-docs,2016-10-08 13:09:12
servant-auth-server,2016-10-08 13:09:05
servant-auth-swagger,2017-03-15 01:52:03
servant-auth-wordpress,2018-12-23 08:19:09
servant-blaze,2015-05-10 12:24:02
servant-cassava,2015-11-04 21:58:12
servant-checked-exceptions,2017-04-30 16:15:47
servant-checked-exceptions-core,2018-06-04 03:12:19
servant-cli,2019-05-03 08:22:11
servant-client,2014-12-09 14:35:43
servant-client-core,2017-11-08 08:23:15
servant-conduit,2018-11-13 16:37:04
servant-docs,2014-12-09 14:37:29
servant-elm,2016-02-13 23:06:11
servant-foreign,2016-03-19 15:37:54
servant-http-streams,2019-02-27 16:16:01
servant-js,2016-03-19 15:40:54
servant-JuicyPixels,2015-08-05 00:43:52
servant-kotlin,2017-10-26 04:12:12
servant-lucid,2015-05-10 12:30:30
servant-machines,2018-11-13 16:37:07
servant-mock,2015-08-29 16:40:37
servant-multipart,2017-03-02 01:25:19
servant-pipes,2018-11-13 16:36:55
servant-rawm,2017-09-25 10:44:36
servant-ruby,2017-03-19 22:45:50
servant-server,2014-12-10 15:39:53
servant-static-th,2017-04-12 08:23:39
servant-swagger,2015-11-04 17:02:26
servant-swagger-ui,2016-05-31 14:09:05
servant-swagger-ui-core,2018-04-11 11:21:34
servant-swagger-ui-redoc,2018-04-11 11:22:20
servant-tracing,2018-04-03 01:54:19
servant-xml,2018-03-06 00:00:49
servant-yaml,2015-11-01 08:37:26
serversession,2015-06-15 19:36:55
serversession-frontend-wai,2015-06-15 19:38:27
servius,2011-12-26 11:08:58
ses-html,2014-09-17 22:25:14
set-cover,2013-08-30 18:51:05
setenv,2012-10-03 17:05:59
setlocale,2008-04-06 00:55:08
sexp-grammar,2015-12-31 16:32:34
sexpr-parser,2019-02-05 19:06:49
SHA,2008-11-17 21:27:51
shake,2011-12-11 11:27:19
shake-language-c,2014-10-17 11:30:08
shakespeare,2011-08-29 13:35:59
shared-memory,2014-11-25 22:24:28
ShellCheck,2014-01-24 16:33:19
shell-conduit,2014-09-18 21:51:55
shell-escape,2010-09-17 04:00:24
shellmet,2019-02-23 14:55:26
shelltestrunner,2009-07-11 02:00:13
shelly,2012-03-12 06:53:06
shikensu,2016-11-16 12:07:28
shortcut-links,2015-07-15 08:10:51
should-not-typecheck,2015-06-27 16:04:47
show-combinators,2018-02-25 19:48:30
shower,2019-02-17 19:19:27
show-prettyprint,2016-11-12 13:37:21
siggy-chardust,2018-06-22 17:11:26
signal,2015-08-27 12:34:42
silently,2011-03-07 01:22:13
simple,2012-10-30 22:16:18
simple-cabal,2019-06-08 16:57:01
simple-cmd,2018-09-13 15:47:33
simple-cmd-args,2019-02-20 04:41:14
simple-log,2012-09-18 15:18:37
simple-reflect,2008-11-26 13:22:57
simple-sendfile,2011-06-14 07:45:35
simple-session,2013-11-14 23:57:49
simple-templates,2013-11-15 00:00:20
simple-vec3,2012-12-05 10:59:41
simplistic-generics,2019-05-16 14:04:34
since,2017-11-16 19:36:03
singleton-bool,2016-07-31 23:59:56
singleton-nats,2015-04-24 14:33:52
singletons,2012-06-02 22:58:34
siphash,2012-06-24 07:05:43
size-based,2016-06-13 07:15:34
sized-grid,2018-04-18 09:07:31
skein,2011-09-21 02:39:10
skews,2018-07-09 06:59:59
skip-var,2018-12-20 14:50:27
skylighting,2016-12-23 23:32:09
skylighting-core,2018-03-04 05:09:48
slack-web,2017-02-28 14:58:55
smallcheck,2008-03-11 21:45:35
smallcheck-series,2015-04-27 15:05:47
smoothie,2015-02-23 20:52:13
snap-blaze,2011-10-05 21:26:16
snap-core,2010-05-22 05:06:57
snap-server,2010-05-22 05:07:34
snowflake,2014-03-20 18:42:33
soap,2013-02-19 14:10:07
soap-tls,2014-02-24 08:24:42
socket-activation,2013-10-02 05:56:14
socks,2012-01-18 02:39:11
sop-core,2018-10-20 15:03:01
sort,2017-05-05 18:49:34
sorted-list,2015-05-08 16:21:21
sourcemap,2013-03-29 23:44:29
sox,2009-04-19 22:19:43
soxlib,2012-04-15 10:25:50
sparse-linear-algebra,2016-10-16 21:59:23
spatial-math,2012-06-04 22:11:16
special-values,2017-11-09 17:55:47
speculate,2017-03-09 17:37:20
speedy-slice,2015-10-07 08:03:18
sphinx,2008-07-14 14:24:39
Spintax,2016-01-07 13:25:27
splice,2012-04-10 19:55:40
split,2008-12-21 19:02:04
splitmix,2017-06-30 20:46:29
spoon,2009-12-07 21:14:04
spreadsheet,2009-01-09 18:49:52
sqlite-simple,2012-08-15 02:48:37
sqlite-simple-errors,2016-10-12 00:59:02
sql-words,2014-12-10 17:02:29
srcloc,2010-09-25 17:54:25
stache,2016-07-08 11:10:50
stack,2015-05-16 18:58:57
starter,2018-02-25 13:10:27
state-codes,2017-08-23 04:49:27
stateref,2008-10-21 23:49:30
statestack,2011-08-01 21:23:21
StateVar,2009-07-14 17:08:34
static-text,2018-02-17 13:28:46
statistics,2009-09-08 07:23:20
stb-image-redux,2016-10-12 07:52:47
step-function,2015-04-27 06:22:17
stm,2006-11-02 14:36:49
stm-chans,2011-04-04 03:18:01
stm-conduit,2012-02-08 18:58:27
stm-delay,2012-10-13 14:41:04
stm-extras,2017-01-19 11:47:06
stm-split,2012-04-10 10:06:50
stopwatch,2015-09-13 12:34:24
storable-complex,2008-02-17 14:23:27
storable-record,2009-05-26 11:46:15
storable-tuple,2009-06-17 19:30:04
storablevector,2008-04-30 09:20:23
store,2016-05-24 03:37:01
store-core,2016-06-13 14:23:50
Strafunski-StrategyLib,2013-04-23 20:24:11
stratosphere,2016-04-19 16:38:13
streaming,2015-08-14 18:31:10
streaming-attoparsec,2018-03-30 18:13:22
streaming-bytestring,2015-08-26 15:26:10
streaming-cassava,2017-06-30 07:04:18
streaming-commons,2014-03-26 09:34:23
streaming-wai,2015-11-30 02:48:50
streamly,2017-12-05 15:16:20
streamproc,2007-09-09 00:16:56
streams,2011-01-13 07:39:28
strict,2007-03-21 02:50:01
strict-base-types,2013-05-08 10:21:00
strict-concurrency,2007-11-26 23:21:57
strict-list,2019-03-02 02:00:02
stringbuilder,2012-03-19 10:30:48
string-class,2011-03-26 00:13:16
string-combinators,2009-03-18 11:42:23
string-conv,2015-02-26 20:17:36
string-conversions,2012-03-07 16:44:06
string-interpolate,2019-03-10 20:24:41
string-qq,2011-06-25 20:18:41
stringsearch,2007-11-07 20:41:05
string-transform,2017-09-11 10:42:41
stripe-concepts,2018-12-20 06:11:27
stripe-scotty,2018-12-20 06:31:13
stripe-signature,2018-12-20 06:20:33
stripe-wreq,2018-12-20 06:28:34
strive,2014-07-08 18:36:43
structs,2015-09-08 07:00:06
structured-cli,2017-08-23 16:53:44
summoner,2018-05-30 14:30:29
sum-type-boilerplate,2017-05-29 17:12:30
sundown,2011-08-18 11:27:31
superbuffer,2016-12-01 11:17:06
sv,2018-03-06 06:23:53
sv-cassava,2018-03-14 02:00:03
sv-core,2018-07-19 07:56:54
svg-builder,2016-02-15 14:50:10
SVGFonts,2009-04-06 16:41:55
svg-tree,2015-02-07 22:02:36
swagger,2014-04-30 22:54:46
swagger2,2015-11-08 20:55:09
swish,2009-07-19 04:38:57
syb,2008-11-05 12:56:12
symbol,2010-09-22 21:00:01
symengine,2016-06-10 10:26:45
sysinfo,2017-04-27 02:16:36
system-argv0,2011-09-18 20:31:02
systemd,2015-12-23 16:46:49
system-fileio,2011-04-23 21:30:32
system-filepath,2010-08-10 04:17:23
tabular,2008-08-26 15:54:02
tagchup,2009-04-06 00:23:24
tagged,2009-08-16 06:11:51
tagged-binary,2014-03-12 19:09:41
tagged-identity,2016-11-02 19:11:07
tagged-transformer,2011-01-21 19:52:58
tagshare,2012-08-01 12:07:43
tagsoup,2007-06-13 00:47:54
tagstream-conduit,2012-01-11 03:04:11
tao,2018-03-20 00:52:49
tao-example,2018-03-20 00:57:14
tar,2007-04-10 16:28:31
tar-conduit,2016-11-03 16:35:22
tardis,2012-08-07 05:30:15
tasty,2013-08-05 18:24:10
tasty-ant-xml,2013-11-15 10:42:34
tasty-dejafu,2015-12-01 05:33:19
tasty-discover,2016-11-04 16:22:51
tasty-expected-failure,2015-09-09 07:40:15
tasty-golden,2013-08-05 18:36:43
tasty-hedgehog,2017-08-24 04:28:57
tasty-hspec,2013-11-02 21:54:13
tasty-hunit,2013-08-05 18:32:34
tasty-kat,2015-01-08 07:12:47
tasty-leancheck,2018-09-07 13:32:36
tasty-lua,2019-05-12 07:21:06
tasty-program,2014-02-04 12:00:11
tasty-quickcheck,2013-08-05 18:28:55
tasty-silver,2015-01-28 17:30:06
tasty-smallcheck,2013-08-05 18:27:25
tasty-th,2013-08-19 00:54:01
TCache,2008-10-28 21:16:35
tce-conf,2015-03-28 17:13:37
tcp-streams,2016-07-19 11:16:39
tcp-streams-openssl,2016-11-08 09:47:24
tdigest,2017-02-16 15:28:40
template-haskell,2007-11-03 15:34:17
template-toolkit,2017-10-19 10:18:47
temporary,2010-12-03 12:39:05
temporary-rc,2014-05-09 12:28:37
temporary-resourcet,2015-01-06 19:30:40
tensorflow-test,2017-05-10 22:33:18
tensors,2018-09-18 07:52:43
termbox,2018-07-19 02:12:42
terminal-progress-bar,2012-02-03 12:14:16
terminal-size,2013-05-17 07:37:39
terminfo,2007-12-13 05:50:02
test-framework,2008-09-06 21:45:44
test-framework-hunit,2008-10-06 23:44:20
test-framework-leancheck,2018-09-08 18:35:51
test-framework-quickcheck2,2009-02-26 18:36:54
test-framework-smallcheck,2011-12-11 11:11:32
test-framework-th,2010-05-13 08:31:23
testing-feat,2012-06-06 22:58:08
testing-type-modifiers,2015-06-30 17:33:45
texmath,2009-07-08 07:57:19
text,2009-02-27 07:50:17
text-binary,2012-10-10 13:15:07
text-builder,2017-01-27 17:27:46
text-conversions,2016-05-24 23:36:08
text-format,2011-05-20 07:22:53
text-icu,2009-02-27 07:50:24
text-latin1,2013-02-24 09:57:50
text-ldap,2014-07-02 10:57:29
textlocal,2016-10-10 11:07:45
text-manipulate,2014-10-19 14:57:34
text-metrics,2016-09-04 10:14:29
text-postgresql,2015-11-21 08:36:14
text-printer,2013-03-20 08:12:10
text-region,2016-01-12 12:33:03
text-short,2017-06-12 11:21:32
text-show,2014-09-26 16:06:49
text-show-instances,2015-01-02 05:28:10
text-zipper,2015-07-09 21:11:40
tfp,2008-10-17 00:59:26
tf-random,2013-09-18 11:48:13
th-abstraction,2017-04-26 21:54:37
th-data-compat,2016-06-05 02:33:18
th-desugar,2013-08-30 00:01:12
these,2013-01-20 22:59:07
th-expand-syns,2009-10-13 11:44:50
th-extras,2011-11-15 14:50:36
th-lift,2007-02-21 23:48:18
th-lift-instances,2014-03-27 14:51:38
th-nowq,2018-03-11 13:01:17
th-orphans,2012-07-15 06:56:14
th-printf,2013-10-08 03:04:03
thread-hierarchy,2017-10-02 06:52:20
thread-local-storage,2014-10-31 07:17:30
threads,2010-04-07 13:10:04
threepenny-gui,2013-07-21 12:21:04
th-reify-compat,2016-06-11 11:56:44
th-reify-many,2014-10-27 10:37:38
throttle-io-stream,2017-09-03 21:08:00
throwable-exceptions,2017-06-12 02:18:45
th-strict-compat,2017-09-24 13:38:10
th-test-utils,2019-07-10 10:46:05
th-utilities,2016-05-09 02:47:14
thyme,2013-01-12 17:35:27
tile,2017-09-03 00:03:42
time,2006-11-02 14:23:23
time-compat,2012-11-26 22:35:59
timeit,2009-01-21 00:22:10
timelens,2016-06-30 12:48:26
time-lens,2012-05-19 12:30:45
time-locale-compat,2014-12-15 15:26:32
time-locale-vietnamese,2017-11-19 08:25:57
time-manager,2019-06-04 01:44:37
time-parsers,2015-12-25 15:08:05
time-qq,2015-05-30 04:28:29
timerep,2011-10-15 10:19:20
timer-wheel,2018-07-18 23:46:58
timezone-olson,2010-05-20 16:01:58
timezone-series,2010-05-20 15:59:26
tintin,2018-05-22 09:52:25
tinylog,2014-04-29 23:16:00
titlecase,2015-03-13 00:49:02
tldr,2017-03-18 22:35:55
tls,2010-09-10 07:43:57
tls-debug,2012-04-03 06:11:03
tls-session-manager,2017-07-04 02:36:34
tmapchan,2017-05-07 07:06:45
tmapmvar,2017-05-15 03:25:00
tmp-postgres,2017-06-17 03:58:05
token-bucket,2014-09-06 12:51:56
tomland,2018-05-14 16:13:52
tonalude,2019-01-25 14:39:23
tonaparser,2019-01-25 14:39:35
tonatona,2019-01-25 14:39:04
tonatona-logger,2019-01-25 14:39:45
tonatona-persistent-postgresql,2019-01-25 14:39:57
tonatona-persistent-sqlite,2019-01-25 14:40:16
tonatona-servant,2019-01-25 14:40:26
torsor,2017-10-23 00:38:51
tostring,2014-03-31 15:59:11
TotalMap,2018-11-14 13:42:55
tracing,2019-06-08 19:55:38
transaction,2018-03-23 06:01:18
transformers,2009-01-05 00:30:29
transformers-base,2011-08-12 05:54:27
transformers-bifunctors,2017-07-16 09:29:49
transformers-compat,2012-12-23 15:38:22
transformers-fix,2018-03-10 04:10:53
traverse-with-class,2013-03-29 16:34:25
tree-diff,2017-09-22 16:32:08
tree-fun,2016-02-09 17:48:23
trifecta,2011-08-05 04:28:13
triplesec,2017-04-30 19:30:18
trivial-constraint,2014-05-30 10:32:11
true-name,2014-10-14 05:36:02
tsv2csv,2017-02-19 02:18:43
ttl-hashtables,2019-01-12 21:32:09
ttrie,2015-03-30 21:12:07
tuple,2009-03-22 19:16:22
tuples-homogenous-h98,2013-08-17 14:44:13
tuple-sop,2018-04-13 18:59:25
tuple-th,2011-05-17 12:39:07
turtle,2015-01-30 05:18:59
TypeCompose,2007-03-30 20:10:14
typed-process,2016-10-21 05:46:45
type-errors,2019-07-01 06:00:27
type-errors-pretty,2019-07-15 06:29:08
type-fun,2015-10-28 21:15:33
type-hint,2014-06-17 14:39:43
type-level-integers,2017-04-06 15:14:28
type-level-kv-list,2016-11-06 13:05:42
type-level-numbers,2010-07-31 13:08:23
typelits-witnesses,2015-12-21 01:10:53
type-map,2017-04-10 02:01:53
typenums,2018-06-13 03:01:49
type-of-html,2017-08-04 19:34:45
type-of-html-static,2018-05-01 10:21:35
type-operators,2016-04-06 22:54:52
typerep-map,2018-07-11 03:57:21
type-spec,2016-08-01 05:05:58
tz,2014-03-31 15:17:33
tzdata,2014-04-07 20:04:13
ua-parser,2012-10-30 17:39:54
ucam-webauth,2018-12-09 20:53:22
ucam-webauth-types,2018-12-09 20:52:25
uglymemo,2011-04-21 22:03:45
unagi-chan,2014-07-10 04:08:48
unbounded-delays,2011-03-28 17:35:07
unbound-generics,2014-09-24 05:44:22
unboxed-ref,2017-05-08 11:10:43
unboxing-vector,2019-06-17 06:13:00
uncertain,2016-05-05 19:16:05
unconstrained,2017-09-05 18:38:09
unicode,2014-01-04 17:19:25
unicode-show,2016-02-04 03:09:44
unicode-transforms,2016-06-20 16:06:49
unification-fd,2011-07-12 10:15:30
union,2016-03-21 10:02:46
union-find,2009-08-27 20:42:21
uniplate,2007-06-13 23:40:53
uniprot-kb,2018-03-25 20:02:46
uniq-deep,2017-02-11 04:42:21
unique,2015-09-28 00:28:11
unique-logic,2013-06-17 09:01:19
unique-logic-tf,2013-06-17 09:06:53
unit-constraint,2016-04-08 00:39:43
universe,2013-03-17 18:03:33
universe-base,2014-04-18 03:23:04
universe-dependent-sum,2019-04-15 18:13:20
universe-instances-base,2014-04-18 03:23:14
universe-instances-extended,2014-04-18 03:23:22
universe-instances-trans,2014-04-18 03:23:40
universe-reverse-instances,2014-04-18 03:23:31
universum,2017-01-09 09:58:49
unix,2006-11-02 14:23:01
unix-bytestring,2011-03-20 19:53:13
unix-compat,2007-04-10 16:52:56
unix-time,2011-10-05 02:14:08
unliftio,2017-07-14 02:16:49
unliftio-core,2017-07-14 02:16:40
unliftio-pool,2018-04-10 17:37:17
unliftio-streams,2018-09-27 06:01:58
unlit,2014-09-17 15:18:55
unordered-containers,2011-02-19 01:32:55
unordered-intmap,2017-09-01 20:15:46
unsafe,2013-04-21 09:58:44
uri-bytestring,2015-03-23 19:17:54
uri-bytestring-aeson,2017-04-17 17:04:34
uri-encode,2014-03-31 16:26:06
uri-templater,2014-06-18 03:39:17
url,2008-08-11 20:31:00
urlpath,2014-12-09 19:18:45
users,2015-03-08 15:19:10
users-postgresql-simple,2015-03-08 15:19:44
users-test,2015-03-08 15:20:06
utf8-light,2008-08-19 03:27:25
utf8-string,2007-07-07 05:39:34
util,2017-11-23 09:18:12
utility-ht,2009-01-07 16:24:14
uuid,2008-03-23 16:49:58
uuid-types,2015-03-22 21:37:04
validation,2014-02-27 02:11:21
validity,2016-07-13 07:32:44
validity-aeson,2017-07-29 11:43:55
validity-bytestring,2017-01-19 20:35:28
validity-containers,2016-07-24 19:04:52
validity-path,2017-01-19 20:35:50
validity-scientific,2017-07-29 11:44:00
validity-text,2016-09-29 22:58:15
validity-time,2017-02-15 11:21:17
validity-unordered-containers,2017-07-29 11:44:10
validity-uuid,2017-09-24 12:42:15
validity-vector,2017-07-29 11:44:20
valor,2018-06-18 11:56:37
vault,2011-09-26 13:50:03
vec,2017-11-21 12:18:19
vector,2008-07-12 14:07:58
vector-algorithms,2010-02-26 06:06:31
vector-binary-instances,2010-02-20 05:00:14
vector-buffer,2011-02-14 03:16:01
vector-builder,2016-10-25 16:24:19
vector-bytes-instances,2016-07-24 23:27:56
vector-instances,2010-06-12 05:12:09
vector-mmap,2010-02-20 06:24:02
vector-sized,2016-02-28 22:40:59
vector-space,2008-05-18 23:36:36
vector-split,2016-09-19 10:19:47
vector-th-unbox,2012-03-12 05:19:27
verbosity,2015-08-01 21:52:34
versions,2015-11-04 07:34:26
ViennaRNAParser,2015-03-19 21:31:22
viewprof,2017-01-20 06:21:44
vinyl,2012-12-23 18:28:28
vivid,2015-02-25 03:15:19
vivid-osc,2017-08-09 04:29:32
vivid-supercollider,2017-09-06 03:13:38
void,2011-01-20 21:34:34
vty,2007-02-14 03:11:19
wai,2010-03-04 22:25:00
wai-app-static,2011-01-27 17:21:45
wai-cli,2017-01-23 21:45:14
wai-conduit,2014-06-09 07:42:30
wai-cors,2014-03-26 08:27:50
wai-enforce-https,2019-01-19 16:08:26
wai-eventsource,2012-01-19 19:58:37
wai-extra,2010-03-04 22:26:03
wai-handler-launch,2011-05-27 11:45:32
wai-logger,2011-08-18 08:14:04
wai-middleware-auth,2017-02-22 13:38:54
wai-middleware-caching,2015-12-09 16:05:15
wai-middleware-crowd,2015-05-07 08:50:44
wai-middleware-static,2012-01-23 08:11:50
wai-middleware-throttle,2015-02-22 16:39:14
wai-middleware-travisci,2018-05-20 19:08:46
wai-predicates,2014-03-04 23:57:23
wai-session,2012-09-07 23:08:53
wai-session-postgresql,2015-11-24 14:40:00
wai-slack-middleware,2017-04-23 17:30:16
wai-transformers,2015-09-22 03:36:12
wai-websockets,2011-11-28 13:52:24
warp,2011-01-17 21:24:56
warp-tls,2012-01-19 09:08:27
warp-tls-uid,2014-04-02 02:29:32
wave,2016-12-18 21:39:20
wcwidth,2009-11-17 02:37:41
web3,2016-12-18 15:50:58
webdriver,2012-04-10 13:18:57
webex-teams-api,2018-05-30 04:50:37
webex-teams-conduit,2018-05-30 05:04:33
webex-teams-pipes,2018-05-30 05:06:19
web-routes,2010-04-20 20:24:20
web-routes-hsp,2010-04-20 20:32:16
web-routes-wai,2010-04-20 20:34:04
webrtc-vad,2015-09-02 09:33:10
websockets,2010-09-21 06:52:56
websockets-snap,2012-01-04 14:26:30
weeder,2017-04-28 20:23:20
weigh,2016-05-27 16:11:04
wide-word,2017-01-23 09:34:51
wikicfp-scraper,2016-05-21 07:37:52
wild-bind,2016-09-21 23:59:14
wild-bind-x11,2016-09-22 01:01:22
Win32,2006-11-02 14:22:14
Win32-notify,2008-04-19 23:57:59
windns,2017-10-24 10:10:08
winery,2018-06-03 10:21:52
wire-streams,2016-07-12 10:19:58
with-location,2016-03-12 03:58:45
witness,2008-08-18 07:04:18
wizards,2012-06-16 03:24:00
wl-pprint-annotated,2016-11-27 17:21:24
wl-pprint-console,2016-11-29 09:12:47
wl-pprint-text,2011-05-22 12:47:20
word24,2009-08-18 20:18:03
word8,2012-09-20 06:36:42
wordpress-auth,2018-12-23 08:13:43
word-trie,2014-08-24 20:33:24
word-wrap,2017-07-08 18:58:16
world-peace,2018-03-11 06:43:58
wrap,2015-02-06 13:26:00
wreq,2014-04-23 00:47:46
writer-cps-exceptions,2018-10-29 14:59:30
writer-cps-mtl,2016-09-01 08:45:00
writer-cps-transformers,2016-09-01 08:45:09
ws,2017-10-31 04:57:18
wuss,2015-04-15 14:30:07
X11,2006-11-02 14:22:53
X11-xft,2007-10-11 11:10:56
x11-xim,2010-06-25 04:48:13
x509,2013-05-16 08:05:56
x509-store,2013-05-16 08:06:15
x509-system,2013-05-16 08:06:32
x509-validation,2013-05-16 08:06:48
Xauth,2009-01-06 05:44:37
xdg-basedir,2009-08-05 23:27:33
xdg-userdirs,2012-09-25 16:47:53
xeno,2017-03-01 15:28:13
xenstore,2011-03-18 08:47:06
xhtml,2007-02-11 09:39:36
xls,2016-10-14 15:38:10
xlsx,2012-06-21 09:08:14
xlsx-tabular,2016-03-09 09:00:30
xml,2008-04-21 17:51:29
xml-basic,2009-03-04 21:28:04
xmlbf,2017-12-03 18:33:49
xmlbf-xeno,2017-12-03 18:35:19
xml-conduit,2011-12-29 10:11:31
xml-conduit-parse,2015-06-03 11:10:23
xml-conduit-writer,2013-03-30 09:20:35
xmlgen,2011-05-10 12:37:35
xml-hamlet,2011-07-28 11:49:01
xml-html-qq,2017-02-08 07:56:53
xml-indexed-cursor,2017-02-22 11:58:17
xml-isogen,2016-11-21 12:20:08
xml-lens,2013-06-18 12:05:26
xml-picklers,2012-06-30 16:32:02
xml-to-json,2012-10-24 00:22:43
xml-to-json-fast,2014-11-09 19:46:21
xml-types,2010-05-03 00:29:08
xmonad,2007-04-22 09:23:55
xmonad-contrib,2007-12-09 23:38:34
xmonad-extras,2009-11-12 00:19:28
xss-sanitize,2010-09-27 03:44:28
xxhash-ffi,2017-08-22 21:20:55
yaml,2009-07-27 18:52:45
yeshql,2016-03-15 16:28:06
yeshql-core,2018-07-05 11:07:38
yeshql-hdbc,2018-07-05 11:07:46
yesod,2010-03-08 03:21:14
yesod-alerts,2017-08-29 23:07:30
yesod-auth,2010-09-28 17:56:41
yesod-auth-hashdb,2014-04-09 15:02:47
yesod-auth-oauth2,2014-02-20 14:33:29
yesod-bin,2013-05-02 05:50:28
yesod-core,2011-02-05 20:16:23
yesod-csp,2015-11-15 09:23:27
yesod-eventsource,2012-08-19 18:01:06
yesod-fb,2012-08-29 14:13:30
yesod-form,2011-02-05 20:16:33
yesod-form-bootstrap4,2017-07-17 07:13:50
yesod-gitrepo,2014-10-29 14:14:42
yesod-gitrev,2015-04-28 04:44:27
yesod-newsfeed,2011-02-05 20:16:52
yesod-paginator,2012-02-10 00:56:11
yesod-persistent,2011-02-05 20:17:01
yesod-recaptcha2,2017-06-19 07:58:41
yesod-sitemap,2011-02-05 20:17:11
yesod-static,2011-02-05 20:17:20
yesod-test,2012-03-17 06:10:26
yesod-text-markdown,2012-10-12 16:45:26
yesod-websockets,2014-03-09 06:07:20
yes-precure5-command,2014-02-11 08:58:33
yi-language,2014-08-25 05:38:54
yi-rope,2014-09-10 16:53:43
yjtools,2008-10-20 09:13:57
yoga,2017-04-08 20:53:10
youtube,2012-12-14 20:42:20
zero,2015-07-16 18:18:31
zeromq4-haskell,2013-12-30 14:36:19
zeromq4-patterns,2018-04-28 21:26:35
zim-parser,2015-10-12 01:39:17
zip,2016-03-04 06:11:52
zip-archive,2008-09-03 04:00:26
zippers,2014-03-04 18:23:07
zip-stream,2017-05-13 23:57:02
zlib,2006-09-24 19:29:45
zlib-bindings,2010-10-10 08:37:36
zlib-lens,2014-11-14 21:53:46
zot,2011-09-11 02:18:37
zstd,2017-02-07 18:32:08
ztail,2008-11-16 00:54:25
