async-timer,2, at Wed Feb 28 20:40:09 UTC 2018,1620 total (145 in the last 30 days)
atom-basic,7, at Sat Jun  3 14:57:02 UTC 2017,4437 total (253 in the last 30 days)
atomic-primops,22, at Thu May  2 19:30:53 UTC 2019,22047 total (868 in the last 30 days)
atomic-write,9, at Thu Nov 21 20:49:27 UTC 2019,6076 total (446 in the last 30 days)
attoparsec,54, at Sat Aug 31 09:37:50 UTC 2019,371888 total (2697 in the last 30 days)
attoparsec-base64,0, at Fri Nov 24 15:36:53 UTC 2017,708 total (37 in the last 30 days)
attoparsec-binary,2, at Sat Sep 22 20:06:35 UTC 2012,6274 total (205 in the last 30 days)
attoparsec-expr,3, at Mon May 11 09:44:12 UTC 2015,3536 total (96 in the last 30 days)
attoparsec-ip,6, at Wed Nov 14 01:58:35 UTC 2018,2179 total (128 in the last 30 days)
attoparsec-iso8601,1, at Mon Sep 24 01:53:05 UTC 2018,17564 total (409 in the last 30 days)
attoparsec-path,1, at Thu Sep 28 17:25:26 UTC 2017,1238 total (91 in the last 30 days)
attoparsec-uri,8, at Thu Nov  8 07:26:27 UTC 2018,3846 total (316 in the last 30 days)
audacity,6, at Mon Apr 16 20:05:50 UTC 2018,2793 total (160 in the last 30 days)
aur,23, at Tue Jan 28 17:28:07 UTC 2020,12179 total (775 in the last 30 days)
authenticate,83, at Sat Nov 16 15:30:56 UTC 2019,85211 total (2375 in the last 30 days)
authenticate-oauth,25, at Tue Oct 22 06:17:22 UTC 2019,25921 total (942 in the last 30 days)
auto,14, at Sat Jan 14 04:51:39 UTC 2017,8601 total (512 in the last 30 days)
autoexporter,21, at Fri Nov  8 13:40:57 UTC 2019,12718 total (590 in the last 30 days)
auto-update,15, at Tue Jul  9 07:41:02 UTC 2019,75315 total (883 in the last 30 days)
avers,17, at Wed Dec 28 19:20:11 UTC 2016,13278 total (576 in the last 30 days)
avers-api,8, at Sun Sep 17 18:06:03 UTC 2017,4738 total (265 in the last 30 days)
avers-server,10, at Fri Oct 26 15:48:53 UTC 2018,5565 total (326 in the last 30 days)
avro,44, at Tue Feb 25 03:17:24 UTC 2020,14736 total (1868 in the last 30 days)
avwx,5, at Sat Oct  1 11:03:26 UTC 2016,2726 total (156 in the last 30 days)
aws-cloudfront-signed-cookies,3, at Mon Jun 17 21:43:14 UTC 2019,1344 total (144 in the last 30 days)
aws-lambda-haskell-runtime,11, at Thu Jan 16 11:01:27 UTC 2020,3027 total (359 in the last 30 days)
backprop,21, at Tue Aug 13 08:57:05 UTC 2019,7927 total (601 in the last 30 days)
bank-holidays-england,11, at Mon Mar  2 18:22:29 UTC 2020,5649 total (468 in the last 30 days)
barbies,13, at Sun Jan 12 14:59:52 UTC 2020,4328 total (328 in the last 30 days)
barrier,1, at Mon Dec 12 16:19:13 UTC 2016,1882 total (64 in the last 30 days)
base,27, at Sun Sep 23 21:33:21 UTC 2018,40365 total (1280 in the last 30 days)
base16-bytestring,7, at Fri Jan 17 23:09:16 UTC 2014,81589 total (647 in the last 30 days)
base32string,1, at Wed May 27 09:10:08 UTC 2015,1725 total (78 in the last 30 days)
base58string,2, at Sun May 10 04:29:20 UTC 2015,2283 total (99 in the last 30 days)
base64-bytestring,11, at Mon Jan 13 18:26:48 UTC 2020,230504 total (966 in the last 30 days)
base64-bytestring-type,1, at Wed Mar 27 23:34:39 UTC 2019,1052 total (90 in the last 30 days)
base64-string,1, at Fri Feb 26 15:04:53 UTC 2010,5056 total (140 in the last 30 days)
base-compat,32, at Mon Jan 27 14:16:26 UTC 2020,140808 total (1872 in the last 30 days)
base-compat-batteries,7, at Mon Jan 27 14:16:37 UTC 2020,7293 total (606 in the last 30 days)
basement,11, at Sun Jul 14 14:57:05 UTC 2019,37849 total (1085 in the last 30 days)
base-noprelude,19, at Mon Aug 26 20:23:19 UTC 2019,11296 total (778 in the last 30 days)
base-orphans,23, at Mon Jan 27 14:15:37 UTC 2020,99237 total (1141 in the last 30 days)
base-prelude,32, at Tue Jun  5 12:31:27 UTC 2018,37651 total (1046 in the last 30 days)
base-unicode-symbols,21, at Wed Jul 10 11:35:38 UTC 2019,99443 total (794 in the last 30 days)
basic-prelude,24, at Tue Dec  5 04:23:56 UTC 2017,33578 total (796 in the last 30 days)
bazel-runfiles,1, at Fri Nov  2 11:53:03 UTC 2018,900 total (70 in the last 30 days)
bbdb,7, at Thu Dec 14 13:22:56 UTC 2017,4915 total (226 in the last 30 days)
bcrypt,10, at Sun Dec 31 22:07:03 UTC 2017,9076 total (372 in the last 30 days)
beam-core,7, at Mon Mar 18 19:54:53 UTC 2019,3739 total (311 in the last 30 days)
beam-migrate,7, at Fri Mar 29 18:25:42 UTC 2019,3743 total (303 in the last 30 days)
beam-mysql,0, at Tue Mar 19 05:45:08 UTC 2019,274 total (34 in the last 30 days)
beam-postgres,5, at Mon Mar 18 20:35:54 UTC 2019,2633 total (251 in the last 30 days)
beam-sqlite,8, at Mon Mar 18 20:38:43 UTC 2019,3136 total (255 in the last 30 days)
bench,13, at Sat Aug 18 20:16:17 UTC 2018,6192 total (375 in the last 30 days)
benchpress,15, at Sun Sep 30 14:59:14 UTC 2018,9458 total (607 in the last 30 days)
bench-show,4, at Tue Jan 14 06:08:18 UTC 2020,1378 total (173 in the last 30 days)
bencode,9, at Fri Feb 28 09:16:41 UTC 2020,9915 total (553 in the last 30 days)
bencoding,16, at Sun Oct 27 13:32:36 UTC 2019,9937 total (430 in the last 30 days)
between,4, at Sat Jan  9 12:06:16 UTC 2016,3183 total (135 in the last 30 days)
bibtex,12, at Fri Apr 15 07:52:01 UTC 2016,8109 total (356 in the last 30 days)
bifunctors,40, at Wed Jan 29 14:44:18 UTC 2020,219314 total (2348 in the last 30 days)
bimap,10, at Fri Jun 14 03:38:26 UTC 2019,11588 total (438 in the last 30 days)
bimap-server,1, at Mon Jul  6 14:13:49 UTC 2015,1473 total (55 in the last 30 days)
binary,46, at Mon Jan 20 20:10:35 UTC 2020,145618 total (2352 in the last 30 days)
binary-bits,4, at Fri Jan  9 17:41:02 UTC 2015,5941 total (149 in the last 30 days)
binary-conduit,12, at Sat Oct 13 16:43:29 UTC 2018,11003 total (381 in the last 30 days)
binary-ext,7, at Fri Jun  1 18:51:14 UTC 2018,3253 total (265 in the last 30 days)
binary-ieee754,0, at Mon Oct 24 02:43:24 UTC 2016,1396 total (87 in the last 30 days)
binary-list,27, at Thu Jul  7 03:58:14 UTC 2016,17371 total (734 in the last 30 days)
binary-orphans,12, at Mon May 13 18:55:47 UTC 2019,14233 total (727 in the last 30 days)
binary-parser,4, at Sat Apr  8 19:52:06 UTC 2017,5825 total (208 in the last 30 days)
binary-parsers,6, at Wed Jun 26 14:08:24 UTC 2019,3582 total (207 in the last 30 days)
binary-search,6, at Fri Jan 22 01:28:44 UTC 2016,6247 total (242 in the last 30 days)
binary-shared,3, at Sat May  4 12:35:36 UTC 2013,9675 total (165 in the last 30 days)
binary-tagged,11, at Tue May 14 11:30:49 UTC 2019,9533 total (440 in the last 30 days)
bindings-DSL,25, at Sat May 19 06:23:16 UTC 2018,29720 total (829 in the last 30 days)
bindings-GLFW,21, at Fri Feb 21 06:39:04 UTC 2020,17871 total (1086 in the last 30 days)
bindings-libzip,9, at Mon Aug 29 15:29:05 UTC 2016,7702 total (319 in the last 30 days)
bindings-uname,0, at Fri Jun  5 07:31:00 UTC 2009,3344 total (57 in the last 30 days)
bins,3, at Fri Oct  4 21:17:51 UTC 2019,1161 total (119 in the last 30 days)
bitarray,1, at Tue Aug 12 12:23:19 UTC 2014,8995 total (354 in the last 30 days)
bitcoin-block,3, at Mon May 11 02:26:43 UTC 2015,2758 total (130 in the last 30 days)
bitcoin-script,4, at Mon May 11 07:39:04 UTC 2015,3417 total (121 in the last 30 days)
bitcoin-tx,6, at Mon May 11 02:27:07 UTC 2015,4350 total (199 in the last 30 days)
bitcoin-types,2, at Sun May 10 05:05:09 UTC 2015,2257 total (99 in the last 30 days)
bits,10, at Thu May  2 20:09:37 UTC 2019,9791 total (374 in the last 30 days)
bitset-word8,3, at Sun Dec 23 09:36:28 UTC 2018,2004 total (161 in the last 30 days)
bits-extra,8, at Tue Dec 10 00:42:27 UTC 2019,3207 total (373 in the last 30 days)
bitvec,12, at Wed Oct 23 22:22:15 UTC 2019,3899 total (321 in the last 30 days)
bitx-bitcoin,20, at Sun Dec 24 08:34:55 UTC 2017,9347 total (428 in the last 30 days)
blake2,2, at Mon Dec 24 17:03:21 UTC 2018,1773 total (103 in the last 30 days)
blas-carray,4, at Thu Jan 24 13:44:40 UTC 2019,1729 total (194 in the last 30 days)
blas-comfort-array,2, at Fri May 24 04:31:13 UTC 2019,774 total (102 in the last 30 days)
blas-ffi,4, at Thu Dec 20 09:26:27 UTC 2018,2032 total (218 in the last 30 days)
blas-hs,1, at Sat Dec 27 20:18:46 UTC 2014,1568 total (56 in the last 30 days)
blaze-bootstrap,1, at Sun Aug 23 15:19:52 UTC 2015,1764 total (86 in the last 30 days)
blaze-builder,24, at Wed Mar 14 21:11:56 UTC 2018,294888 total (1362 in the last 30 days)
blaze-colonnade,6, at Mon Jun 24 12:39:28 UTC 2019,2848 total (236 in the last 30 days)
blaze-html,58, at Wed Oct  2 15:15:27 UTC 2019,258511 total (2807 in the last 30 days)
blaze-markup,27, at Wed Oct  2 14:08:05 UTC 2019,231611 total (1293 in the last 30 days)
blaze-svg,12, at Mon Mar 13 15:55:45 UTC 2017,23313 total (460 in the last 30 days)
blaze-textual,11, at Wed Jul  1 03:08:51 UTC 2015,36145 total (499 in the last 30 days)
bmp,20, at Mon Aug 15 11:55:35 UTC 2016,29474 total (654 in the last 30 days)
board-games,9, at Fri Jul 19 06:04:15 UTC 2019,5004 total (296 in the last 30 days)
boltzmann-samplers,1, at Sun Apr  1 16:31:08 UTC 2018,1211 total (85 in the last 30 days)
Boolean,9, at Sun Feb 19 22:07:32 UTC 2017,41083 total (480 in the last 30 days)
boolean-like,1, at Thu Sep 22 20:24:29 UTC 2016,1341 total (100 in the last 30 days)
boolean-normal-forms,3, at Wed Dec  4 19:42:09 UTC 2019,2246 total (169 in the last 30 days)
boolsimplifier,4, at Mon Dec 15 07:37:39 UTC 2014,4324 total (214 in the last 30 days)
boots,9, at Tue Sep  3 07:55:22 UTC 2019,1173 total (226 in the last 30 days)
bordacount,0, at Fri Sep  1 23:04:16 UTC 2017,830 total (54 in the last 30 days)
boring,4, at Fri Dec 13 14:45:23 UTC 2019,1691 total (145 in the last 30 days)
both,1, at Thu May 26 11:10:13 UTC 2016,1482 total (100 in the last 30 days)
bound,32, at Sat Jul 29 03:13:29 UTC 2017,23983 total (979 in the last 30 days)
BoundedChan,6, at Wed May 14 23:30:48 UTC 2014,12741 total (185 in the last 30 days)
bounded-queue,0, at Mon May  6 22:52:14 UTC 2019,269 total (28 in the last 30 days)
boundingboxes,5, at Sat Mar 14 12:18:55 UTC 2015,4820 total (200 in the last 30 days)
bower-json,11, at Sun Dec 25 00:08:20 UTC 2016,9245 total (339 in the last 30 days)
boxes,5, at Sat Mar 10 20:45:35 UTC 2018,23102 total (373 in the last 30 days)
brick,87, at Fri Feb 14 01:57:02 UTC 2020,46132 total (3985 in the last 30 days)
brittany,8, at Mon Dec  9 21:44:43 UTC 2019,5077 total (438 in the last 30 days)
bsb-http-chunked,5, at Sat Sep 29 14:34:53 UTC 2018,7022 total (419 in the last 30 days)
bson,26, at Sat Feb  8 16:48:01 UTC 2020,24742 total (880 in the last 30 days)
bson-lens,1, at Sat Sep 12 23:33:17 UTC 2015,1471 total (60 in the last 30 days)
btrfs,8, at Thu Oct 25 19:45:31 UTC 2018,5323 total (298 in the last 30 days)
buffer-builder,18, at Fri Oct 12 05:57:41 UTC 2018,9593 total (486 in the last 30 days)
buffer-pipe,0, at Mon Jan 11 20:25:11 UTC 2016,838 total (41 in the last 30 days)
bugsnag-haskell,7, at Thu Feb 13 18:55:35 UTC 2020,2312 total (345 in the last 30 days)
bulletproofs,7, at Mon Sep 30 12:47:05 UTC 2019,2273 total (210 in the last 30 days)
butcher,13, at Sun Jun  9 18:59:09 UTC 2019,7870 total (630 in the last 30 days)
butter,5, at Tue Jun 19 17:36:20 UTC 2018,1980 total (167 in the last 30 days)
bv,7, at Sun Mar 11 07:24:16 UTC 2018,5471 total (228 in the last 30 days)
bv-little,6, at Wed Oct  9 15:12:59 UTC 2019,1994 total (188 in the last 30 days)
byteable,1, at Fri Jun 28 06:16:30 UTC 2013,161419 total (287 in the last 30 days)
bytedump,1, at Thu Sep  6 06:52:28 UTC 2012,4424 total (163 in the last 30 days)
byteorder,4, at Wed Apr 24 03:02:12 UTC 2013,76278 total (504 in the last 30 days)
bytes,37, at Mon Feb  3 12:51:38 UTC 2020,44434 total (1452 in the last 30 days)
byteset,1, at Tue Jul  7 01:26:11 UTC 2015,1548 total (84 in the last 30 days)
bytestring,28, at Sat Jul 13 16:10:24 UTC 2019,78361 total (1294 in the last 30 days)
bytestring-builder,9, at Tue Sep 25 12:58:13 UTC 2018,66488 total (701 in the last 30 days)
bytestring-conversion,5, at Tue Jul  7 07:36:04 UTC 2015,9048 total (211 in the last 30 days)
bytestring-lexing,15, at Sun Jun  7 04:21:43 UTC 2015,23829 total (560 in the last 30 days)
bytestring-strict-builder,5, at Tue May 28 14:52:16 UTC 2019,5041 total (236 in the last 30 days)
bytestring-to-vector,1, at Fri Feb  8 04:53:15 UTC 2019,878 total (123 in the last 30 days)
bytestring-tree-builder,14, at Sat May 11 09:16:58 UTC 2019,9013 total (454 in the last 30 days)
bzlib,10, at Sun Jan 25 16:53:00 UTC 2015,18580 total (667 in the last 30 days)
bzlib-conduit,11, at Tue Aug  6 10:51:55 UTC 2019,7885 total (454 in the last 30 days)
c2hs,29, at Wed Sep 26 01:42:00 UTC 2018,41599 total (1522 in the last 30 days)
Cabal,59, at Fri Aug  9 02:08:14 UTC 2019,281529 total (3634 in the last 30 days)
cabal2nix,109, at Tue Sep 24 16:06:51 UTC 2019,62823 total (3101 in the last 30 days)
cabal2spec,15, at Tue Jan 28 11:09:35 UTC 2020,3949 total (354 in the last 30 days)
cabal-doctest,8, at Wed Oct  2 12:17:08 UTC 2019,63336 total (847 in the last 30 days)
cabal-file-th,6, at Fri Jan 11 05:06:05 UTC 2019,5528 total (165 in the last 30 days)
cabal-install,55, at Tue Aug 27 07:37:37 UTC 2019,213626 total (2945 in the last 30 days)
cabal-rpm,69, at Thu Feb 27 04:05:41 UTC 2020,39493 total (3096 in the last 30 days)
cache,6, at Mon Dec  9 18:49:33 UTC 2019,2764 total (296 in the last 30 days)
cacophony,13, at Mon Oct 29 23:41:59 UTC 2018,5652 total (207 in the last 30 days)
calendar-recycling,1, at Fri Aug 31 15:38:01 UTC 2018,1117 total (89 in the last 30 days)
call-stack,1, at Sun Aug  4 01:45:35 UTC 2019,74833 total (587 in the last 30 days)
ca-province-codes,0, at Mon Jan 28 13:32:28 UTC 2019,370 total (46 in the last 30 days)
carray,17, at Tue Jul 18 18:37:17 UTC 2017,12556 total (548 in the last 30 days)
cased,0, at Mon Jun 15 20:29:25 UTC 2015,989 total (37 in the last 30 days)
case-insensitive,30, at Sun May  5 04:35:05 UTC 2019,207316 total (1548 in the last 30 days)
cases,6, at Wed Feb  8 08:12:03 UTC 2017,5019 total (265 in the last 30 days)
casing,8, at Thu Sep  5 09:35:09 UTC 2019,4360 total (368 in the last 30 days)
cassava,23, at Sun Sep  1 12:31:48 UTC 2019,47740 total (1434 in the last 30 days)
cassava-conduit,16, at Fri Nov 30 00:50:57 UTC 2018,8359 total (717 in the last 30 days)
cassava-megaparsec,3, at Mon Nov 11 16:03:51 UTC 2019,3064 total (180 in the last 30 days)
cassava-records,4, at Tue Jan 23 17:03:05 UTC 2018,1887 total (193 in the last 30 days)
cast,2, at Mon Jul 31 09:19:10 UTC 2017,1688 total (136 in the last 30 days)
caster,3, at Mon May  6 08:06:53 UTC 2019,928 total (121 in the last 30 days)
category,13, at Tue Dec 24 16:53:33 UTC 2019,4431 total (357 in the last 30 days)
cayley-client,28, at Sun Feb 23 17:04:10 UTC 2020,12790 total (1103 in the last 30 days)
cborg,4, at Mon Dec 30 00:27:03 UTC 2019,7323 total (428 in the last 30 days)
cborg-json,3, at Mon Dec 30 00:36:39 UTC 2019,2800 total (295 in the last 30 days)
cereal,22, at Fri May 31 15:45:08 UTC 2019,251757 total (1373 in the last 30 days)
cereal-conduit,18, at Thu Feb  1 12:34:46 UTC 2018,17371 total (653 in the last 30 days)
cereal-text,2, at Wed Jun  1 22:09:27 UTC 2016,5603 total (198 in the last 30 days)
cereal-time,0, at Mon Nov  6 18:11:44 UTC 2017,923 total (39 in the last 30 days)
cereal-vector,2, at Sun Feb 16 21:55:46 UTC 2014,9514 total (199 in the last 30 days)
cfenv,0, at Mon Jun 25 18:59:31 UTC 2018,557 total (50 in the last 30 days)
cgi,33, at Mon Oct  7 18:21:30 UTC 2019,33875 total (760 in the last 30 days)
chan,5, at Tue Dec  4 17:24:20 UTC 2018,2463 total (232 in the last 30 days)
ChannelT,7, at Sun Jan 28 22:01:53 UTC 2018,3218 total (250 in the last 30 days)
charset,20, at Wed Apr  1 17:10:45 UTC 2015,52399 total (962 in the last 30 days)
charsetdetect-ae,6, at Fri May 25 20:19:58 UTC 2018,7166 total (252 in the last 30 days)
Chart,42, at Sun Jan 19 09:15:55 UTC 2020,40034 total (1952 in the last 30 days)
Chart-diagrams,24, at Sun Jan 19 09:17:23 UTC 2020,21464 total (1229 in the last 30 days)
chaselev-deque,5, at Sun Mar  8 15:50:54 UTC 2015,5895 total (293 in the last 30 days)
cheapskate,8, at Fri Jan 24 18:26:05 UTC 2020,30979 total (468 in the last 30 days)
cheapskate-highlight,0, at Mon Mar 14 23:36:48 UTC 2016,941 total (40 in the last 30 days)
cheapskate-lucid,0, at Tue Mar 15 11:10:07 UTC 2016,949 total (48 in the last 30 days)
check-email,2, at Wed Mar  1 12:05:32 UTC 2017,2336 total (85 in the last 30 days)
checkers,38, at Fri Mar  6 17:54:51 UTC 2020,25140 total (1506 in the last 30 days)
checksum,0, at Mon Apr 16 18:41:55 UTC 2018,530 total (36 in the last 30 days)
chimera,1, at Tue Dec 31 01:20:01 UTC 2019,542 total (93 in the last 30 days)
chiphunk,6, at Wed Oct 30 05:39:49 UTC 2019,1751 total (255 in the last 30 days)
choice,4, at Wed Aug 16 19:45:03 UTC 2017,3295 total (175 in the last 30 days)
chronologique,3, at Tue May  1 12:56:49 UTC 2018,1815 total (135 in the last 30 days)
chronos,14, at Fri Nov 29 03:59:08 UTC 2019,6142 total (478 in the last 30 days)
chronos-bench,3, at Sun Mar 10 17:03:39 UTC 2019,889 total (145 in the last 30 days)
chunked-data,4, at Mon Jan 15 18:11:33 UTC 2018,19868 total (339 in the last 30 days)
cipher-aes,20, at Sun Jun 21 12:13:54 UTC 2015,122567 total (1056 in the last 30 days)
cipher-aes128,24, at Sat Jan  4 19:55:52 UTC 2020,20003 total (812 in the last 30 days)
cipher-blowfish,2, at Tue Oct  8 03:32:46 UTC 2013,5735 total (161 in the last 30 days)
cipher-camellia,1, at Tue Oct  8 03:31:46 UTC 2013,5043 total (118 in the last 30 days)
cipher-des,5, at Thu Oct 24 06:44:38 UTC 2013,53904 total (290 in the last 30 days)
cipher-rc4,4, at Tue Oct  8 03:40:53 UTC 2013,91001 total (273 in the last 30 days)
circle-packing,6, at Tue Jun 20 23:36:16 UTC 2017,13338 total (262 in the last 30 days)
cisco-spark-api,4, at Mon Dec 24 22:45:06 UTC 2018,1950 total (136 in the last 30 days)
classyplate,8, at Wed Nov 14 15:04:53 UTC 2018,4023 total (235 in the last 30 days)
classy-prelude,67, at Mon Oct  8 14:22:13 UTC 2018,55515 total (2054 in the last 30 days)
classy-prelude-conduit,47, at Mon Oct  8 14:22:36 UTC 2018,33973 total (1493 in the last 30 days)
classy-prelude-yesod,42, at Mon Oct  8 14:22:36 UTC 2018,27988 total (1577 in the last 30 days)
clay,25, at Tue Nov 26 21:28:27 UTC 2019,18799 total (796 in the last 30 days)
clientsession,41, at Thu Jul  7 15:34:43 UTC 2016,73899 total (1333 in the last 30 days)
Clipboard,11, at Thu Jul  6 13:22:11 UTC 2017,8055 total (311 in the last 30 days)
clock,24, at Tue Apr 30 07:15:32 UTC 2019,104182 total (1201 in the last 30 days)
clock-extras,2, at Wed Oct  5 04:42:16 UTC 2016,1530 total (90 in the last 30 days)
closed,2, at Thu Jan  3 01:00:18 UTC 2019,1235 total (106 in the last 30 days)
clr-host,3, at Mon Oct  1 14:31:53 UTC 2018,2147 total (152 in the last 30 days)
clr-marshal,1, at Sat Aug  5 09:02:46 UTC 2017,1302 total (81 in the last 30 days)
clumpiness,2, at Mon Jan 21 02:31:55 UTC 2019,1404 total (120 in the last 30 days)
cmark,28, at Mon Apr  8 22:41:04 UTC 2019,30889 total (1029 in the last 30 days)
cmark-gfm,10, at Fri Nov 15 06:03:49 UTC 2019,17527 total (809 in the last 30 days)
cmdargs,46, at Mon Jan 22 18:47:32 UTC 2018,205353 total (1951 in the last 30 days)
codec,3, at Fri Apr 21 18:46:02 UTC 2017,2599 total (112 in the last 30 days)
codec-beam,2, at Fri Jul  6 14:31:09 UTC 2018,1217 total (129 in the last 30 days)
codec-rpm,6, at Thu May 24 13:46:52 UTC 2018,3732 total (258 in the last 30 days)
code-page,4, at Tue Nov 13 19:42:18 UTC 2018,29389 total (388 in the last 30 days)
codo-notation,1, at Thu Nov 22 20:04:19 UTC 2012,1830 total (62 in the last 30 days)
coercible-utils,1, at Tue Sep 10 12:35:02 UTC 2019,822 total (108 in the last 30 days)
co-log,4, at Sun Jan 19 17:37:24 UTC 2020,1319 total (154 in the last 30 days)
co-log-core,4, at Sun Jan 19 17:34:56 UTC 2020,1287 total (173 in the last 30 days)
colonnade,14, at Sun May 19 16:34:15 UTC 2019,6836 total (382 in the last 30 days)
colorful-monoids,6, at Mon Aug 13 21:28:35 UTC 2018,3231 total (212 in the last 30 days)
colorize-haskell,1, at Sat Jul 24 00:04:40 UTC 2010,3560 total (70 in the last 30 days)
colour,12, at Sun May  5 00:30:53 UTC 2019,102460 total (897 in the last 30 days)
columnar,0, at Sun Jul 28 23:20:55 UTC 2019,247 total (48 in the last 30 days)
combinatorial,2, at Fri Aug 31 15:57:26 UTC 2018,1431 total (151 in the last 30 days)
comfort-array,10, at Thu May 23 20:30:55 UTC 2019,2920 total (266 in the last 30 days)
comfort-graph,8, at Fri Aug 31 16:11:18 UTC 2018,4357 total (349 in the last 30 days)
commutative,6, at Tue Nov 20 21:29:36 UTC 2018,3149 total (137 in the last 30 days)
comonad,54, at Tue Nov 26 13:13:37 UTC 2019,239014 total (2180 in the last 30 days)
compact,1, at Tue Feb 28 06:48:02 UTC 2017,1483 total (106 in the last 30 days)
compactmap,6, at Fri Jul 28 08:57:33 UTC 2017,4285 total (317 in the last 30 days)
compensated,15, at Wed Jan 29 15:22:30 UTC 2020,8823 total (520 in the last 30 days)
compiler-warnings,0, at Sun Oct 16 16:01:16 UTC 2016,836 total (56 in the last 30 days)
composable-associations,0, at Mon Jul 24 03:00:04 UTC 2017,830 total (59 in the last 30 days)
composable-associations-aeson,0, at Mon Jul 24 03:04:47 UTC 2017,791 total (54 in the last 30 days)
composition,8, at Thu Dec 31 19:21:19 UTC 2015,7552 total (331 in the last 30 days)
composition-extra,11, at Thu Sep 17 22:22:04 UTC 2015,5515 total (143 in the last 30 days)
concise,1, at Sun Feb  4 03:38:29 UTC 2018,2780 total (169 in the last 30 days)
concurrency,22, at Wed Feb 26 16:22:06 UTC 2020,9662 total (1025 in the last 30 days)
concurrent-extra,22, at Wed Mar 14 20:19:31 UTC 2018,23232 total (770 in the last 30 days)
concurrent-output,34, at Sun Oct  6 19:15:08 UTC 2019,24241 total (1294 in the last 30 days)
concurrent-split,4, at Mon Oct 22 11:41:29 UTC 2018,3115 total (162 in the last 30 days)
concurrent-supply,8, at Sun Jan 17 00:33:44 UTC 2016,8563 total (315 in the last 30 days)
cond,10, at Sun Nov 23 16:29:17 UTC 2014,11211 total (385 in the last 30 days)
conduit,121, at Mon Dec 16 05:41:27 UTC 2019,338498 total (4903 in the last 30 days)
conduit-algorithms,16, at Thu Sep 19 14:42:45 UTC 2019,6143 total (435 in the last 30 days)
conduit-combinators,43, at Thu Feb  1 22:05:04 UTC 2018,42076 total (1545 in the last 30 days)
conduit-concurrent-map,1, at Fri Aug 31 21:10:25 UTC 2018,813 total (93 in the last 30 days)
conduit-extra,63, at Wed Jul  3 08:07:40 UTC 2019,156066 total (2307 in the last 30 days)
conduit-iconv,4, at Wed Feb  7 09:20:17 UTC 2018,3012 total (203 in the last 30 days)
conduit-parse,7, at Thu Mar 15 19:43:07 UTC 2018,4704 total (268 in the last 30 days)
conduit-throttle,3, at Thu Dec 21 22:34:42 UTC 2017,2006 total (123 in the last 30 days)
conduit-zstd,1, at Mon Sep 24 11:12:38 UTC 2018,933 total (114 in the last 30 days)
config-ini,10, at Wed Nov 14 08:09:09 UTC 2018,9639 total (501 in the last 30 days)
configuration-tools,20, at Sat Jan 25 23:17:32 UTC 2020,12839 total (832 in the last 30 days)
configurator,6, at Wed Jul  2 20:39:22 UTC 2014,25774 total (291 in the last 30 days)
configurator-export,1, at Sun May  8 01:28:43 UTC 2016,1346 total (70 in the last 30 days)
configurator-pg,6, at Sun Mar  8 19:23:36 UTC 2020,1070 total (244 in the last 30 days)
connection,15, at Mon Sep  2 04:33:58 UTC 2019,142708 total (1017 in the last 30 days)
connection-pool,7, at Sat Mar  3 00:29:44 UTC 2018,5368 total (259 in the last 30 days)
console-style,3, at Sat Dec  3 00:00:24 UTC 2016,2133 total (100 in the last 30 days)
constraint,7, at Mon Nov 18 19:12:16 UTC 2019,3057 total (300 in the last 30 days)
constraints,25, at Mon Feb  3 12:52:31 UTC 2020,49036 total (1489 in the last 30 days)
containers,34, at Mon Jun 24 07:20:55 UTC 2019,81359 total (1582 in the last 30 days)
contravariant,36, at Mon Jun  3 12:26:55 UTC 2019,220456 total (1525 in the last 30 days)
contravariant-extras,8, at Sat Dec 28 13:16:49 UTC 2019,6371 total (335 in the last 30 days)
control-bool,2, at Sun Dec  8 01:37:28 UTC 2013,3426 total (115 in the last 30 days)
control-dsl,6, at Thu Oct 18 15:35:19 UTC 2018,2083 total (215 in the last 30 days)
control-monad-free,11, at Sat Oct  6 18:48:35 UTC 2018,10733 total (519 in the last 30 days)
control-monad-omega,4, at Tue Sep 17 19:31:24 UTC 2019,5221 total (200 in the last 30 days)
convertible,13, at Mon Apr 20 09:21:20 UTC 2015,45200 total (512 in the last 30 days)
cookie,20, at Sun Nov 10 15:02:37 UTC 2019,169276 total (1240 in the last 30 days)
core-data,5, at Thu Jan 23 12:48:29 UTC 2020,935 total (214 in the last 30 days)
core-text,6, at Thu Jan 23 12:48:27 UTC 2020,983 total (210 in the last 30 days)
countable,2, at Wed Jun 22 05:14:01 UTC 2016,2384 total (114 in the last 30 days)
country,7, at Sun Nov  3 19:51:58 UTC 2019,3423 total (272 in the last 30 days)
courier,20, at Fri May  5 04:44:11 UTC 2017,13106 total (614 in the last 30 days)
cpio-conduit,0, at Tue Aug  4 16:39:58 UTC 2015,1526 total (45 in the last 30 days)
cpphs,42, at Tue Feb 25 15:51:00 UTC 2020,208698 total (2146 in the last 30 days)
cprng-aes,17, at Thu Nov 13 11:27:54 UTC 2014,110415 total (713 in the last 30 days)
cpu,2, at Tue Nov 12 05:32:53 UTC 2013,11773 total (183 in the last 30 days)
cpuinfo,1, at Fri Sep 16 19:40:55 UTC 2016,1221 total (94 in the last 30 days)
cql,11, at Sun Nov 10 14:26:38 UTC 2019,6966 total (486 in the last 30 days)
cql-io,20, at Tue Jul 16 20:22:12 UTC 2019,10494 total (644 in the last 30 days)
crackNum,14, at Sat Nov 17 04:11:01 UTC 2018,9488 total (328 in the last 30 days)
crc32c,0, at Fri Apr 12 02:45:15 UTC 2019,305 total (46 in the last 30 days)
credential-store,2, at Mon Jan  1 18:54:06 UTC 2018,1497 total (60 in the last 30 days)
criterion,56, at Wed Feb 19 14:58:43 UTC 2020,77466 total (2774 in the last 30 days)
criterion-measurement,2, at Thu Aug  8 21:12:44 UTC 2019,3361 total (251 in the last 30 days)
cron,21, at Fri Jan 10 03:53:36 UTC 2020,13054 total (580 in the last 30 days)
crypto-api,39, at Fri Jan  5 00:16:18 UTC 2018,91427 total (2001 in the last 30 days)
crypto-api-tests,2, at Wed Jan  8 17:51:11 UTC 2014,3064 total (167 in the last 30 days)
cryptocipher,30, at Fri Oct 25 01:06:21 UTC 2013,26269 total (992 in the last 30 days)
crypto-cipher-tests,10, at Thu Oct 24 05:30:01 UTC 2013,9779 total (349 in the last 30 days)
crypto-cipher-types,8, at Fri Oct 25 05:23:33 UTC 2013,105392 total (492 in the last 30 days)
cryptocompare,4, at Tue Mar  6 03:51:27 UTC 2018,2283 total (158 in the last 30 days)
crypto-enigma,27, at Wed Oct  9 15:08:31 UTC 2019,9854 total (281 in the last 30 days)
cryptohash,38, at Fri Mar 25 17:25:05 UTC 2016,165981 total (2082 in the last 30 days)
cryptohash-cryptoapi,4, at Sat Mar 26 13:34:43 UTC 2016,19191 total (261 in the last 30 days)
cryptohash-md5,3, at Tue Jun 28 07:15:48 UTC 2016,18429 total (341 in the last 30 days)
cryptohash-sha1,3, at Tue Jun 28 07:15:55 UTC 2016,20006 total (440 in the last 30 days)
cryptohash-sha256,4, at Mon Nov 13 08:17:55 UTC 2017,30034 total (472 in the last 30 days)
cryptohash-sha512,0, at Sun Oct 23 13:23:40 UTC 2016,1506 total (95 in the last 30 days)
cryptonite,26, at Tue May 21 07:49:07 UTC 2019,106194 total (1760 in the last 30 days)
cryptonite-conduit,3, at Fri Nov 17 09:06:51 UTC 2017,7752 total (355 in the last 30 days)
cryptonite-openssl,6, at Sat Apr  7 11:07:41 UTC 2018,7439 total (250 in the last 30 days)
crypto-numbers,11, at Wed Dec 31 16:41:51 UTC 2014,97376 total (442 in the last 30 days)
crypto-pubkey,13, at Fri Jan 16 19:14:25 UTC 2015,99522 total (547 in the last 30 days)
crypto-pubkey-openssh,9, at Wed Jan 21 07:19:54 UTC 2015,6313 total (285 in the last 30 days)
crypto-pubkey-types,12, at Sat Jan 10 17:55:46 UTC 2015,109144 total (554 in the last 30 days)
crypto-random,8, at Wed Mar 18 13:42:50 UTC 2015,106644 total (463 in the last 30 days)
crypto-random-api,1, at Thu Jan  3 07:27:40 UTC 2013,6322 total (121 in the last 30 days)
crypt-sha512,0, at Sun Jul  2 10:47:13 UTC 2017,944 total (64 in the last 30 days)
csp,3, at Wed Mar 14 13:37:28 UTC 2018,2534 total (118 in the last 30 days)
css-syntax,7, at Wed Sep 19 20:49:44 UTC 2018,4017 total (296 in the last 30 days)
css-text,8, at Mon Feb  5 09:44:59 UTC 2018,60346 total (573 in the last 30 days)
csv,2, at Mon Nov  8 01:33:02 UTC 2010,12059 total (193 in the last 30 days)
ctrie,5, at Fri Sep 29 17:55:04 UTC 2017,4096 total (188 in the last 30 days)
cubicbezier,12, at Thu Jan 31 22:55:02 UTC 2019,9592 total (535 in the last 30 days)
cubicspline,2, at Sun Oct 18 04:16:54 UTC 2015,2729 total (96 in the last 30 days)
cublas,8, at Tue Oct  2 15:02:13 UTC 2018,4535 total (360 in the last 30 days)
cuckoo-filter,4, at Wed Dec 12 01:48:37 UTC 2018,1591 total (202 in the last 30 days)
cuda,38, at Mon Apr 29 16:20:31 UTC 2019,26561 total (1255 in the last 30 days)
cue-sheet,5, at Tue Jan 29 20:46:20 UTC 2019,2778 total (195 in the last 30 days)
cufft,11, at Tue Oct  2 15:05:11 UTC 2018,7494 total (529 in the last 30 days)
curl,10, at Tue Nov 13 22:05:50 UTC 2012,27384 total (556 in the last 30 days)
currencies,4, at Fri Jun 22 21:21:59 UTC 2018,2485 total (158 in the last 30 days)
currency,1, at Sat Sep  7 20:49:50 UTC 2013,2282 total (90 in the last 30 days)
cusparse,2, at Tue Oct  2 15:07:17 UTC 2018,1368 total (137 in the last 30 days)
cutter,0, at Sun Mar 26 09:58:38 UTC 2017,842 total (40 in the last 30 days)
cyclotomic,13, at Sat Jan 11 00:10:29 UTC 2020,7508 total (389 in the last 30 days)
czipwith,3, at Thu Jun  6 14:09:24 UTC 2019,3694 total (263 in the last 30 days)
data-accessor,25, at Thu May 23 10:47:34 UTC 2019,36091 total (915 in the last 30 days)
data-accessor-mtl,4, at Tue Jul  1 14:00:19 UTC 2014,6562 total (199 in the last 30 days)
data-accessor-template,21, at Fri Aug 31 16:20:12 UTC 2018,20301 total (933 in the last 30 days)
data-accessor-transformers,8, at Mon Jan 18 11:11:32 UTC 2016,11031 total (312 in the last 30 days)
data-binary-ieee754,7, at Sun Jul  7 22:46:21 UTC 2013,35779 total (519 in the last 30 days)
data-bword,1, at Wed Jul  6 19:50:43 UTC 2016,4718 total (170 in the last 30 days)
data-checked,2, at Sun Feb  9 19:11:39 UTC 2014,5167 total (163 in the last 30 days)
data-clist,16, at Tue Jul 23 20:40:11 UTC 2019,13740 total (562 in the last 30 days)
data-default,11, at Sat Jun 25 23:03:09 UTC 2016,228313 total (782 in the last 30 days)
data-default-class,3, at Sat Jun 25 22:56:26 UTC 2016,254006 total (517 in the last 30 days)
data-default-instances-containers,0, at Tue Apr  2 20:00:31 UTC 2013,207769 total (369 in the last 30 days)
data-default-instances-dlist,0, at Tue Apr  2 20:02:28 UTC 2013,207647 total (342 in the last 30 days)
data-default-instances-old-locale,0, at Wed Apr  3 04:20:30 UTC 2013,206973 total (394 in the last 30 days)
data-diverse,34, at Tue Nov 26 08:59:23 UTC 2019,11647 total (465 in the last 30 days)
data-diverse-lens,23, at Sat Jun 30 14:09:33 UTC 2018,6661 total (266 in the last 30 days)
datadog,5, at Wed May 22 15:00:01 UTC 2019,2643 total (182 in the last 30 days)
data-dword,8, at Tue Oct 29 19:35:20 UTC 2019,9099 total (484 in the last 30 days)
data-endian,2, at Thu Jul  7 17:30:02 UTC 2016,6071 total (240 in the last 30 days)
data-fix,6, at Sat Sep 16 19:46:03 UTC 2017,6612 total (357 in the last 30 days)
data-has,3, at Thu Aug 17 10:47:56 UTC 2017,2394 total (153 in the last 30 days)
data-inttrie,11, at Sat Mar 31 04:22:28 UTC 2018,12054 total (329 in the last 30 days)
data-lens-light,6, at Thu May 26 14:40:26 UTC 2016,9940 total (266 in the last 30 days)
data-memocombinators,10, at Sat Dec 14 06:15:27 UTC 2013,11821 total (297 in the last 30 days)
data-msgpack,11, at Sat Feb 29 22:53:38 UTC 2020,7046 total (462 in the last 30 days)
data-msgpack-types,2, at Sat Feb 29 22:52:43 UTC 2020,1659 total (118 in the last 30 days)
data-or,2, at Sat May 30 05:41:38 UTC 2015,2381 total (67 in the last 30 days)
data-ordlist,12, at Thu Nov 20 00:57:41 UTC 2014,17876 total (411 in the last 30 days)
data-ref,5, at Tue Jan 22 12:00:15 UTC 2019,3351 total (212 in the last 30 days)
data-reify,6, at Tue May 19 16:59:23 UTC 2015,9759 total (365 in the last 30 days)
data-serializer,6, at Fri Nov  1 13:42:24 UTC 2019,5308 total (279 in the last 30 days)
datasets,12, at Tue Feb 12 21:11:06 UTC 2019,6043 total (378 in the last 30 days)
data-textual,5, at Fri Nov  1 14:07:55 UTC 2019,6688 total (256 in the last 30 days)
data-tree-print,2, at Wed Oct 24 20:11:44 UTC 2018,3378 total (204 in the last 30 days)
dataurl,0, at Sun Nov  1 18:47:11 UTC 2015,891 total (46 in the last 30 days)
DAV,29, at Mon Jan  6 00:25:39 UTC 2020,26962 total (997 in the last 30 days)
dbcleaner,3, at Wed Aug  2 13:54:54 UTC 2017,2432 total (137 in the last 30 days)
DBFunctor,2, at Mon Feb 11 09:16:13 UTC 2019,1082 total (100 in the last 30 days)
dbus,33, at Sat Mar  7 04:06:02 UTC 2020,27656 total (1770 in the last 30 days)
debian-build,28, at Mon Oct  7 14:19:21 UTC 2019,15118 total (807 in the last 30 days)
debug,4, at Mon Mar 19 08:51:24 UTC 2018,2187 total (147 in the last 30 days)
debug-trace-var,1, at Sat Jun  9 15:11:04 UTC 2018,827 total (74 in the last 30 days)
dec,0, at Wed Jun 19 21:24:20 UTC 2019,1523 total (204 in the last 30 days)
decidable,10, at Mon Feb  3 02:47:20 UTC 2020,2435 total (254 in the last 30 days)
Decimal,8, at Wed Jan  3 15:33:05 UTC 2018,12039 total (515 in the last 30 days)
declarative,10, at Wed Mar 14 22:06:51 UTC 2018,5120 total (322 in the last 30 days)
deepseq,15, at Sat Sep 22 16:48:29 UTC 2018,49064 total (711 in the last 30 days)
deepseq-generics,4, at Sun Jan  3 14:47:43 UTC 2016,40709 total (325 in the last 30 days)
deferred-folds,44, at Tue May 21 10:02:04 UTC 2019,14329 total (1268 in the last 30 days)
dejafu,68, at Thu Feb 27 20:11:23 UTC 2020,25995 total (2765 in the last 30 days)
dense-linear-algebra,0, at Thu Oct 11 21:14:41 UTC 2018,2598 total (231 in the last 30 days)
dependent-map,10, at Sun Aug  4 23:15:57 UTC 2019,11377 total (462 in the last 30 days)
dependent-sum,14, at Fri Aug  9 17:10:20 UTC 2019,14380 total (583 in the last 30 days)
dependent-sum-template,5, at Sun Aug  4 19:18:25 UTC 2019,6403 total (226 in the last 30 days)
deque,20, at Mon Sep  9 09:50:45 UTC 2019,8416 total (811 in the last 30 days)
deriveJsonNoPrefix,1, at Tue Jul 17 08:29:35 UTC 2018,844 total (91 in the last 30 days)
deriving-compat,24, at Tue Nov 26 13:03:32 UTC 2019,16525 total (943 in the last 30 days)
derulo,10, at Fri Nov  8 14:21:27 UTC 2019,4075 total (310 in the last 30 days)
detour-via-sci,0, at Fri Jun 22 17:14:25 UTC 2018,577 total (49 in the last 30 days)
dhall,46, at Sat Feb 15 06:40:56 UTC 2020,22772 total (2456 in the last 30 days)
dhall-bash,27, at Sat Feb 15 06:17:23 UTC 2020,9858 total (1167 in the last 30 days)
dhall-json,30, at Sat Feb 15 06:14:26 UTC 2020,12759 total (1325 in the last 30 days)
diagrams,24, at Thu Oct 27 05:26:49 UTC 2016,23846 total (714 in the last 30 days)
diagrams-contrib,46, at Tue Nov 12 19:08:39 UTC 2019,36688 total (2214 in the last 30 days)
diagrams-core,38, at Sun Oct 20 02:12:08 UTC 2019,39620 total (1741 in the last 30 days)
diagrams-lib,59, at Thu Nov  7 04:36:03 UTC 2019,54906 total (2654 in the last 30 days)
diagrams-postscript,32, at Fri Dec 13 16:55:29 UTC 2019,25927 total (1355 in the last 30 days)
diagrams-rasterific,23, at Mon Dec  9 11:28:11 UTC 2019,14677 total (1175 in the last 30 days)
diagrams-solve,2, at Mon Jul  3 15:23:52 UTC 2017,9743 total (229 in the last 30 days)
diagrams-svg,47, at Tue Dec 10 19:33:06 UTC 2019,41012 total (1770 in the last 30 days)
di-core,4, at Fri Nov 15 20:54:06 UTC 2019,1547 total (157 in the last 30 days)
dictionary-sharing,0, at Wed Jun 24 09:47:15 UTC 2015,1263 total (58 in the last 30 days)
Diff,10, at Sun Sep 22 03:49:53 UTC 2019,56537 total (784 in the last 30 days)
digest,11, at Sat Nov 17 19:06:51 UTC 2012,96358 total (691 in the last 30 days)
digits,3, at Fri Jul  8 20:41:30 UTC 2016,4587 total (132 in the last 30 days)
dimensional,28, at Fri Dec 28 21:57:20 UTC 2018,18704 total (871 in the last 30 days)
di-monad,6, at Mon Nov  4 15:43:20 UTC 2019,2024 total (172 in the last 30 days)
directory,41, at Fri Jan 31 07:08:54 UTC 2020,96332 total (1835 in the last 30 days)
directory-tree,11, at Mon Sep  5 17:29:01 UTC 2016,28432 total (487 in the last 30 days)
direct-sqlite,31, at Mon Feb 24 08:44:25 UTC 2020,27789 total (1662 in the last 30 days)
discount,1, at Fri Oct 12 22:36:00 UTC 2012,1730 total (73 in the last 30 days)
disk-free-space,1, at Mon Jan  5 17:27:51 UTC 2015,4389 total (152 in the last 30 days)
distributed-closure,13, at Sun Dec 29 22:52:43 UTC 2019,5234 total (377 in the last 30 days)
distribution-nixpkgs,6, at Tue Sep 24 12:07:25 UTC 2019,3797 total (228 in the last 30 days)
distribution-opensuse,2, at Mon Jul 23 16:02:07 UTC 2018,1132 total (93 in the last 30 days)
distributive,24, at Fri Sep  6 21:59:41 UTC 2019,214403 total (1508 in the last 30 days)
dl-fedora,5, at Tue Feb 11 10:31:31 UTC 2020,1019 total (237 in the last 30 days)
dlist,21, at Mon Aug  5 11:45:43 UTC 2019,358509 total (1268 in the last 30 days)
dlist-instances,2, at Sat Jul 23 19:11:44 UTC 2016,12748 total (189 in the last 30 days)
dlist-nonempty,1, at Mon Jul 31 09:47:58 UTC 2017,1456 total (59 in the last 30 days)
dns,48, at Wed Nov 20 00:39:33 UTC 2019,38531 total (1661 in the last 30 days)
dockerfile,2, at Fri Sep 14 21:05:16 UTC 2018,1758 total (117 in the last 30 days)
docopt,8, at Thu Nov 10 15:59:14 UTC 2016,6274 total (253 in the last 30 days)
doctemplates,17, at Mon Jan 13 15:50:44 UTC 2020,23921 total (1099 in the last 30 days)
doctest,50, at Mon Aug 26 12:23:28 UTC 2019,62292 total (2138 in the last 30 days)
doctest-discover,11, at Sun Jul 22 23:37:48 UTC 2018,5604 total (214 in the last 30 days)
doctest-driver-gen,10, at Mon Nov  4 05:50:38 UTC 2019,3449 total (265 in the last 30 days)
doldol,3, at Mon Jul 22 11:26:56 UTC 2019,409 total (55 in the last 30 days)
do-list,5, at Mon Sep 19 10:11:19 UTC 2016,3111 total (197 in the last 30 days)
dom-parser,6, at Tue Mar 20 19:07:08 UTC 2018,3612 total (190 in the last 30 days)
do-notation,2, at Sun Sep  9 17:54:23 UTC 2018,940 total (123 in the last 30 days)
dotenv,40, at Mon Nov 11 17:50:25 UTC 2019,18308 total (1104 in the last 30 days)
dotgen,6, at Sat Mar 21 03:19:20 UTC 2015,7928 total (297 in the last 30 days)
dotnet-timespan,0, at Sun Mar 13 14:35:47 UTC 2016,1028 total (48 in the last 30 days)
double-conversion,8, at Tue Dec 13 19:37:41 UTC 2016,28745 total (506 in the last 30 days)
download,12, at Sat Mar  2 07:45:53 UTC 2019,8357 total (514 in the last 30 days)
drinkery,6, at Wed Jul 18 08:02:26 UTC 2018,2562 total (212 in the last 30 days)
dsp,8, at Tue Jun  4 10:58:11 UTC 2019,5646 total (286 in the last 30 days)
dual,6, at Mon Jan 20 19:04:08 UTC 2020,1201 total (232 in the last 30 days)
dual-tree,19, at Sun Oct 20 02:07:26 UTC 2019,37704 total (678 in the last 30 days)
dublincore-xml-conduit,3, at Thu Nov 23 20:40:17 UTC 2017,1695 total (106 in the last 30 days)
dunai,10, at Sat Jan 25 20:08:59 UTC 2020,5290 total (379 in the last 30 days)
dunai-core,0, at Sun Oct 21 18:28:56 UTC 2018,463 total (46 in the last 30 days)
duration,0, at Fri Apr 27 15:53:16 UTC 2018,516 total (42 in the last 30 days)
dvorak,0, at Tue Nov 18 07:46:01 UTC 2014,1008 total (57 in the last 30 days)
dynamic-state,11, at Thu Jun  7 12:17:45 UTC 2018,10882 total (395 in the last 30 days)
dyre,20, at Tue Apr  8 03:05:50 UTC 2014,26895 total (791 in the last 30 days)
eap,6, at Thu Jun 21 01:44:26 UTC 2018,3198 total (246 in the last 30 days)
Earley,17, at Sun Feb 24 16:00:45 UTC 2019,13224 total (543 in the last 30 days)
easy-file,4, at Tue May 15 00:39:42 UTC 2018,50916 total (455 in the last 30 days)
easytest,4, at Wed Mar  6 19:47:10 UTC 2019,2324 total (182 in the last 30 days)
Ebnf2ps,7, at Wed Aug 26 20:23:45 UTC 2015,6086 total (272 in the last 30 days)
echo,3, at Tue Jan 31 02:42:47 UTC 2017,20236 total (429 in the last 30 days)
ecstasy,7, at Tue May 15 10:57:42 UTC 2018,1737 total (96 in the last 30 days)
ed25519,4, at Sun Oct 11 23:32:11 UTC 2015,34651 total (495 in the last 30 days)
edit-distance,8, at Sun Jul 12 17:57:09 UTC 2015,39134 total (610 in the last 30 days)
edit-distance-vector,4, at Tue May 24 03:49:20 UTC 2016,3274 total (192 in the last 30 days)
editor-open,10, at Tue May 19 17:05:56 UTC 2015,5619 total (304 in the last 30 days)
either,41, at Thu May  2 16:30:23 UTC 2019,106183 total (1571 in the last 30 days)
either-both,2, at Mon Aug 12 18:07:07 UTC 2019,915 total (96 in the last 30 days)
ekg,28, at Tue Mar 20 14:11:56 UTC 2018,28748 total (986 in the last 30 days)
ekg-core,11, at Mon Nov 19 21:21:56 UTC 2018,17613 total (402 in the last 30 days)
ekg-json,6, at Mon Jul 31 14:46:47 UTC 2017,12508 total (352 in the last 30 days)
ekg-statsd,10, at Wed Aug  1 12:48:23 UTC 2018,10071 total (345 in the last 30 days)
elerea,23, at Sun Jun 19 14:31:07 UTC 2016,18464 total (700 in the last 30 days)
elf,10, at Wed Dec 26 19:25:02 UTC 2018,7227 total (304 in the last 30 days)
eliminators,7, at Tue Aug 27 15:51:04 UTC 2019,3064 total (377 in the last 30 days)
elm2nix,3, at Sat Dec 28 18:28:13 UTC 2019,691 total (107 in the last 30 days)
elm-bridge,13, at Sun Aug  4 17:40:17 UTC 2019,6196 total (436 in the last 30 days)
elm-core-sources,0, at Thu Dec 11 21:32:39 UTC 2014,1261 total (68 in the last 30 days)
elm-export,12, at Tue Jan 31 22:18:29 UTC 2017,6121 total (527 in the last 30 days)
emacs-module,1, at Sun Aug 26 20:55:03 UTC 2018,622 total (86 in the last 30 days)
email-validate,36, at Thu Sep 26 23:21:43 UTC 2019,53025 total (930 in the last 30 days)
emd,16, at Thu Oct 31 04:21:02 UTC 2019,3355 total (335 in the last 30 days)
enclosed-exceptions,6, at Wed Jul 11 05:20:12 UTC 2018,27197 total (438 in the last 30 days)
ENIG,1, at Tue May 14 13:48:08 UTC 2019,570 total (98 in the last 30 days)
entropy,24, at Fri Sep  6 20:31:17 UTC 2019,113915 total (1477 in the last 30 days)
enummapset,7, at Sun Jul 28 07:20:01 UTC 2019,5185 total (245 in the last 30 days)
enumset,6, at Tue Aug 13 10:48:07 UTC 2019,5038 total (227 in the last 30 days)
enum-subset-generate,0, at Mon May 28 21:48:42 UTC 2018,607 total (75 in the last 30 days)
enum-text,2, at Sat Jul 20 16:54:56 UTC 2019,757 total (86 in the last 30 days)
enum-text-rio,1, at Tue Jul 23 07:40:24 UTC 2019,345 total (36 in the last 30 days)
envelope,4, at Wed Apr 19 06:24:15 UTC 2017,2581 total (159 in the last 30 days)
envy,18, at Mon Feb  3 14:15:00 UTC 2020,8619 total (363 in the last 30 days)
epub-metadata,16, at Wed Oct 19 18:48:10 UTC 2016,9703 total (519 in the last 30 days)
eq,27, at Tue Apr 24 16:39:33 UTC 2018,17350 total (793 in the last 30 days)
equal-files,8, at Wed Mar 22 21:18:49 UTC 2017,5604 total (258 in the last 30 days)
erf,2, at Thu May 26 08:07:51 UTC 2011,38321 total (383 in the last 30 days)
errors,27, at Fri May 11 16:13:52 UTC 2018,54060 total (1257 in the last 30 days)
errors-ext,8, at Tue Jul 17 20:13:32 UTC 2018,3945 total (248 in the last 30 days)
error-util,1, at Wed Aug  9 09:15:34 UTC 2017,1301 total (62 in the last 30 days)
ersatz,20, at Wed Jan 29 15:21:04 UTC 2020,12449 total (893 in the last 30 days)
esqueleto,98, at Fri Jan 24 20:23:40 UTC 2020,73883 total (3321 in the last 30 days)
etc,12, at Wed Aug 29 17:02:54 UTC 2018,4884 total (354 in the last 30 days)
eventful-core,4, at Mon Jul 31 17:46:24 UTC 2017,2715 total (177 in the last 30 days)
eventful-memory,4, at Mon Jul 31 17:46:30 UTC 2017,2622 total (201 in the last 30 days)
eventful-sql-common,4, at Mon Jul 31 17:46:36 UTC 2017,2638 total (163 in the last 30 days)
eventful-sqlite,4, at Mon Jul 31 17:46:38 UTC 2017,2560 total (201 in the last 30 days)
eventful-test-helpers,4, at Mon Jul 31 17:46:40 UTC 2017,2549 total (172 in the last 30 days)
event-list,17, at Fri Feb 16 18:14:05 UTC 2018,13080 total (753 in the last 30 days)
eventstore,62, at Sun Oct 13 21:48:03 UTC 2019,27766 total (1644 in the last 30 days)
every,1, at Tue May  9 04:29:18 UTC 2017,1239 total (97 in the last 30 days)
exact-combinatorics,4, at Sat Apr 13 21:22:20 UTC 2019,3992 total (119 in the last 30 days)
exact-pi,16, at Fri Dec 14 16:07:13 UTC 2018,10225 total (567 in the last 30 days)
exceptional,15, at Wed Jul 22 22:58:59 UTC 2015,8016 total (377 in the last 30 days)
exception-mtl,9, at Tue May 10 17:16:36 UTC 2016,11817 total (371 in the last 30 days)
exceptions,26, at Fri Dec 27 03:18:26 UTC 2019,307036 total (1531 in the last 30 days)
exception-transformers,14, at Tue Oct  1 21:36:23 UTC 2019,15201 total (597 in the last 30 days)
executable-hash,5, at Wed Jan  4 15:55:06 UTC 2017,3434 total (148 in the last 30 days)
executable-path,4, at Wed Mar 22 15:05:08 UTC 2017,31082 total (268 in the last 30 days)
exit-codes,2, at Tue Oct  2 12:22:13 UTC 2018,1484 total (120 in the last 30 days)
exomizer,0, at Sat Jun  9 09:51:42 UTC 2018,587 total (55 in the last 30 days)
expiring-cache-map,4, at Thu Aug 11 01:35:05 UTC 2016,7547 total (217 in the last 30 days)
explicit-exception,18, at Thu May 23 11:02:45 UTC 2019,14732 total (661 in the last 30 days)
exp-pairs,10, at Sun Sep 30 16:13:32 UTC 2018,5616 total (371 in the last 30 days)
extensible-exceptions,5, at Thu Feb  2 23:14:37 UTC 2012,136863 total (455 in the last 30 days)
extra,55, at Thu Mar  5 09:30:28 UTC 2020,106827 total (4575 in the last 30 days)
extractable-singleton,2, at Wed May 10 23:01:11 UTC 2017,1808 total (120 in the last 30 days)
extrapolate,12, at Sat Aug 10 18:55:03 UTC 2019,5100 total (435 in the last 30 days)
fail,0, at Thu Jan 21 15:11:33 UTC 2016,93913 total (363 in the last 30 days)
failable,12, at Fri Jan 24 11:40:01 UTC 2020,3014 total (336 in the last 30 days)
fakedata,9, at Sat Feb 29 05:06:10 UTC 2020,1940 total (541 in the last 30 days)
farmhash,5, at Tue May 24 06:17:57 UTC 2016,3689 total (185 in the last 30 days)
fast-builder,12, at Tue Sep 17 09:07:24 UTC 2019,5384 total (374 in the last 30 days)
fast-digits,3, at Mon Feb  3 19:46:43 UTC 2020,2037 total (182 in the last 30 days)
fast-logger,45, at Thu Feb 13 01:17:32 UTC 2020,126732 total (2451 in the last 30 days)
fast-math,3, at Sat Aug  1 22:30:34 UTC 2015,4531 total (156 in the last 30 days)
fb,87, at Sun Mar  8 16:45:50 UTC 2020,55322 total (3542 in the last 30 days)
fclabels,52, at Tue Jan 28 20:23:01 UTC 2020,57237 total (1925 in the last 30 days)
feature-flags,1, at Thu Apr  2 02:14:03 UTC 2015,1782 total (96 in the last 30 days)
fedora-dists,6, at Fri Jan 24 05:58:54 UTC 2020,1647 total (258 in the last 30 days)
feed,29, at Thu Nov 28 05:50:56 UTC 2019,33435 total (1170 in the last 30 days)
FenwickTree,3, at Thu Mar 19 11:55:19 UTC 2015,3564 total (93 in the last 30 days)
fft,18, at Fri Jun 16 10:05:32 UTC 2017,12247 total (745 in the last 30 days)
fgl,20, at Tue Jan 28 13:33:31 UTC 2020,47691 total (1237 in the last 30 days)
fib,0, at Sat Mar  2 19:28:58 UTC 2019,266 total (49 in the last 30 days)
filecache,14, at Fri Nov 23 09:19:00 UTC 2018,8042 total (386 in the last 30 days)
file-embed,28, at Thu Feb 27 13:35:16 UTC 2020,88622 total (1777 in the last 30 days)
file-embed-lzma,0, at Thu Apr  5 08:06:22 UTC 2018,975 total (71 in the last 30 days)
filelock,5, at Thu Nov 21 14:54:35 UTC 2019,19422 total (416 in the last 30 days)
filemanip,5, at Tue Jan 20 23:34:08 UTC 2015,36874 total (397 in the last 30 days)
file-modules,6, at Thu Aug 11 17:43:42 UTC 2016,3682 total (203 in the last 30 days)
filepath,16, at Sun Jul 15 21:45:08 UTC 2018,42688 total (801 in the last 30 days)
filepattern,2, at Wed Feb 26 21:11:57 UTC 2020,3106 total (441 in the last 30 days)
fileplow,0, at Sat Jul  1 20:47:55 UTC 2017,773 total (42 in the last 30 days)
filter-logger,5, at Sat Jul 15 23:18:13 UTC 2017,2819 total (155 in the last 30 days)
filtrable,8, at Wed Dec 18 06:38:40 UTC 2019,3927 total (220 in the last 30 days)
fin,5, at Fri Dec 13 13:37:19 UTC 2019,2334 total (189 in the last 30 days)
FindBin,4, at Sun Mar 27 08:56:59 UTC 2011,6323 total (217 in the last 30 days)
fingertree,14, at Thu Dec  6 14:48:25 UTC 2018,76216 total (749 in the last 30 days)
finite-typelits,7, at Thu Jul 12 02:13:21 UTC 2018,4549 total (275 in the last 30 days)
first-class-families,8, at Sun Mar  8 15:27:46 UTC 2020,2979 total (503 in the last 30 days)
first-class-patterns,9, at Tue Oct  1 18:22:52 UTC 2019,5416 total (261 in the last 30 days)
fitspec,12, at Sun Aug 26 12:22:17 UTC 2018,5651 total (444 in the last 30 days)
fixed,5, at Fri Jun  7 03:08:08 UTC 2019,11110 total (442 in the last 30 days)
fixed-length,7, at Sat Jan  5 23:25:34 UTC 2019,4387 total (284 in the last 30 days)
fixed-vector,31, at Sun Sep  2 17:32:36 UTC 2018,20411 total (1250 in the last 30 days)
fixed-vector-hetero,7, at Mon Mar 12 10:09:10 UTC 2018,5126 total (261 in the last 30 days)
flac,3, at Mon Jan 28 20:26:23 UTC 2019,2264 total (139 in the last 30 days)
flac-picture,2, at Tue Jan 29 18:51:37 UTC 2019,1637 total (97 in the last 30 days)
flags-applicative,13, at Mon Dec  2 03:53:04 UTC 2019,3018 total (541 in the last 30 days)
flat-mcmc,11, at Wed Jan 29 15:46:07 UTC 2020,5620 total (395 in the last 30 days)
flay,3, at Sat May 26 17:24:03 UTC 2018,1838 total (161 in the last 30 days)
flexible-defaults,7, at Sun Oct 27 15:43:37 UTC 2019,10016 total (281 in the last 30 days)
FloatingHex,4, at Sun Jan 15 18:22:14 UTC 2017,4445 total (172 in the last 30 days)
floatshow,6, at Wed Mar 19 00:19:46 UTC 2014,4847 total (256 in the last 30 days)
flow,18, at Wed Oct  2 12:00:42 UTC 2019,7484 total (597 in the last 30 days)
fmlist,12, at Sun Jul  7 14:18:07 UTC 2019,29729 total (684 in the last 30 days)
fmt,12, at Wed Jun 26 09:17:17 UTC 2019,6130 total (370 in the last 30 days)
fmt-for-rio,0, at Tue Jul 23 08:07:39 UTC 2019,221 total (35 in the last 30 days)
fn,13, at Wed Sep 13 00:23:41 UTC 2017,6064 total (307 in the last 30 days)
focus,12, at Thu Apr  4 20:29:17 UTC 2019,14404 total (468 in the last 30 days)
focuslist,2, at Thu Mar 21 13:42:57 UTC 2019,958 total (92 in the last 30 days)
foldable1,0, at Tue Aug 14 20:05:07 UTC 2018,596 total (70 in the last 30 days)
fold-debounce,10, at Fri Oct  4 00:22:04 UTC 2019,5975 total (400 in the last 30 days)
fold-debounce-conduit,10, at Mon Dec 30 08:56:38 UTC 2019,4412 total (308 in the last 30 days)
foldl,38, at Fri Jan 10 05:14:11 UTC 2020,36677 total (1399 in the last 30 days)
folds,13, at Fri Sep 27 14:39:38 UTC 2019,8152 total (426 in the last 30 days)
follow-file,4, at Tue Nov 27 17:17:24 UTC 2018,2270 total (220 in the last 30 days)
FontyFruity,19, at Wed Oct  2 19:10:33 UTC 2019,15172 total (655 in the last 30 days)
force-layout,23, at Fri Oct 14 21:44:40 UTC 2016,22540 total (947 in the last 30 days)
foreign-store,2, at Mon Feb  9 12:28:11 UTC 2015,4332 total (135 in the last 30 days)
forkable-monad,5, at Tue Jun 19 15:53:44 UTC 2018,2953 total (174 in the last 30 days)
forma,6, at Mon Nov 25 19:52:05 UTC 2019,2644 total (189 in the last 30 days)
format-numbers,1, at Thu Feb 13 05:12:44 UTC 2020,910 total (124 in the last 30 days)
formatting,31, at Wed Jan  2 17:14:36 UTC 2019,27225 total (957 in the last 30 days)
foundation,24, at Sat Sep  7 12:50:23 UTC 2019,74833 total (1449 in the last 30 days)
free,56, at Tue Nov 26 15:38:58 UTC 2019,188340 total (2386 in the last 30 days)
freenect,5, at Tue Sep 15 08:31:22 UTC 2015,4504 total (174 in the last 30 days)
freer-simple,6, at Sat Oct  5 00:11:36 UTC 2019,2699 total (273 in the last 30 days)
freetype2,3, at Thu Apr 27 04:16:56 UTC 2017,4297 total (154 in the last 30 days)
free-vl,4, at Wed Feb 10 11:13:58 UTC 2016,3623 total (179 in the last 30 days)
friendly-time,5, at Fri Jul 21 17:29:21 UTC 2017,5543 total (176 in the last 30 days)
frisby,4, at Mon Feb 17 21:27:17 UTC 2020,3140 total (256 in the last 30 days)
from-sum,6, at Sat Jan 25 08:03:15 UTC 2020,2946 total (234 in the last 30 days)
frontmatter,2, at Sun Dec 20 03:46:12 UTC 2015,1902 total (108 in the last 30 days)
fsnotify,25, at Tue May 29 21:48:01 UTC 2018,73629 total (1320 in the last 30 days)
fsnotify-conduit,2, at Mon Jun  4 15:35:45 UTC 2018,1491 total (138 in the last 30 days)
funcmp,9, at Mon Jan 29 17:04:53 UTC 2018,6601 total (444 in the last 30 days)
function-builder,9, at Wed Feb  6 00:26:12 UTC 2019,2586 total (287 in the last 30 days)
functor-classes-compat,0, at Wed Mar 29 09:41:14 UTC 2017,1109 total (45 in the last 30 days)
functor-combinators,4, at Tue Nov 19 05:03:54 UTC 2019,1130 total (167 in the last 30 days)
fused-effects,14, at Tue Mar  3 13:59:59 UTC 2020,4622 total (723 in the last 30 days)
fuzzcheck,0, at Sat Jun  7 09:06:13 UTC 2014,1266 total (59 in the last 30 days)
fuzzy-dates,5, at Sat Mar  7 01:35:08 UTC 2020,1703 total (213 in the last 30 days)
fuzzyset,10, at Sun Dec 22 14:26:16 UTC 2019,3889 total (341 in the last 30 days)
galois-field,7, at Thu Oct 24 13:34:22 UTC 2019,1508 total (220 in the last 30 days)
gauge,9, at Sun Sep  8 00:21:10 UTC 2019,5160 total (516 in the last 30 days)
gc,3, at Thu May  2 16:39:43 UTC 2019,2137 total (173 in the last 30 days)
gd,14, at Sat Mar 17 11:13:01 UTC 2012,12401 total (440 in the last 30 days)
gdp,2, at Wed Nov 13 00:39:06 UTC 2019,956 total (105 in the last 30 days)
general-games,9, at Sun Feb 11 12:46:53 UTC 2018,4851 total (403 in the last 30 days)
generic-arbitrary,0, at Wed Mar 15 09:27:50 UTC 2017,4886 total (81 in the last 30 days)
generic-data,10, at Fri Feb 21 21:43:32 UTC 2020,3442 total (684 in the last 30 days)
generic-data-surgery,1, at Sun Dec 30 23:10:26 UTC 2018,667 total (66 in the last 30 days)
generic-deriving,38, at Tue Nov 26 12:41:20 UTC 2019,94904 total (1740 in the last 30 days)
generic-lens,16, at Tue Feb 11 16:51:51 UTC 2020,8070 total (804 in the last 30 days)
GenericPretty,18, at Sat Mar 10 18:40:54 UTC 2018,15408 total (504 in the last 30 days)
generic-random,12, at Sat Sep  7 21:28:03 UTC 2019,7242 total (478 in the last 30 days)
generics-eot,7, at Wed Mar 13 18:10:42 UTC 2019,3374 total (225 in the last 30 days)
generics-mrsop,5, at Mon Oct 14 07:49:44 UTC 2019,1538 total (198 in the last 30 days)
generics-sop,20, at Thu May  9 20:01:20 UTC 2019,24641 total (983 in the last 30 days)
generics-sop-lens,4, at Sun May 12 10:53:42 UTC 2019,3256 total (294 in the last 30 days)
genvalidity,28, at Thu Feb 20 10:43:41 UTC 2020,11897 total (1488 in the last 30 days)
genvalidity-aeson,5, at Thu Mar  7 13:52:46 UTC 2019,2299 total (223 in the last 30 days)
genvalidity-bytestring,9, at Mon Feb 10 19:49:29 UTC 2020,3154 total (385 in the last 30 days)
genvalidity-containers,15, at Mon Feb 10 19:49:35 UTC 2020,5348 total (629 in the last 30 days)
genvalidity-hspec,25, at Mon Feb 10 19:49:46 UTC 2020,9668 total (983 in the last 30 days)
genvalidity-hspec-aeson,11, at Mon Feb 10 19:49:51 UTC 2020,4306 total (480 in the last 30 days)
genvalidity-hspec-binary,6, at Mon Feb 10 19:49:57 UTC 2020,2504 total (314 in the last 30 days)
genvalidity-hspec-cereal,7, at Mon Feb 10 19:50:07 UTC 2020,2926 total (344 in the last 30 days)
genvalidity-hspec-hashable,7, at Mon Feb 10 19:50:19 UTC 2020,2681 total (327 in the last 30 days)
genvalidity-hspec-optics,4, at Mon Feb 10 19:50:26 UTC 2020,1332 total (191 in the last 30 days)
genvalidity-path,9, at Mon Feb 10 19:50:35 UTC 2020,3842 total (459 in the last 30 days)
genvalidity-property,10, at Mon Sep 23 08:53:17 UTC 2019,3873 total (373 in the last 30 days)
genvalidity-scientific,5, at Mon Feb 10 19:50:44 UTC 2020,2144 total (269 in the last 30 days)
genvalidity-text,13, at Mon Feb 10 19:50:50 UTC 2020,5234 total (643 in the last 30 days)
genvalidity-time,11, at Mon Feb 10 21:13:04 UTC 2020,4175 total (560 in the last 30 days)
genvalidity-unordered-containers,7, at Mon Feb 10 19:51:01 UTC 2020,2782 total (397 in the last 30 days)
genvalidity-uuid,4, at Mon Feb 10 19:51:05 UTC 2020,1686 total (221 in the last 30 days)
genvalidity-vector,7, at Mon Feb 10 19:51:10 UTC 2020,2684 total (339 in the last 30 days)
geojson,18, at Tue May  7 01:05:52 UTC 2019,8190 total (519 in the last 30 days)
getopt-generics,27, at Mon Sep  2 22:59:38 UTC 2019,15207 total (1216 in the last 30 days)
ghc,7, at Wed Apr 24 13:15:13 UTC 2019,2980 total (286 in the last 30 days)
ghc-boot,11, at Sun Sep  1 07:55:09 UTC 2019,5526 total (442 in the last 30 days)
ghc-boot-th,11, at Sun Sep  1 07:42:42 UTC 2019,12227 total (477 in the last 30 days)
ghc-compact,0, at Sun Jul 23 14:31:46 UTC 2017,1153 total (54 in the last 30 days)
ghc-core,14, at Sun Nov 11 07:50:59 UTC 2012,10598 total (397 in the last 30 days)
ghc-exactprint,29, at Wed Aug 28 18:45:17 UTC 2019,19487 total (1547 in the last 30 days)
ghci,10, at Wed Apr 24 13:13:38 UTC 2019,5093 total (396 in the last 30 days)
ghcid,37, at Sun Mar  8 12:01:23 UTC 2020,23684 total (1677 in the last 30 days)
ghci-hexcalc,3, at Sat Jul 20 10:32:48 UTC 2019,1220 total (145 in the last 30 days)
ghcjs-codemirror,1, at Sun Jul  1 09:16:44 UTC 2018,6379 total (89 in the last 30 days)
ghc-lib,25, at Mon Feb 24 19:37:44 UTC 2020,5651 total (1476 in the last 30 days)
ghc-lib-parser,22, at Mon Feb 24 19:37:20 UTC 2020,8033 total (1732 in the last 30 days)
ghc-parser,12, at Thu Sep 26 01:55:38 UTC 2019,9863 total (419 in the last 30 days)
ghc-paths,10, at Wed Aug 21 11:58:57 UTC 2019,134531 total (634 in the last 30 days)
ghc-prim,6, at Fri Oct  5 18:45:37 UTC 2018,13897 total (344 in the last 30 days)
ghc-prof,18, at Mon Sep  9 04:44:32 UTC 2019,8725 total (747 in the last 30 days)
ghc-syntax-highlighter,6, at Mon Nov  4 20:04:00 UTC 2019,2156 total (306 in the last 30 days)
ghc-tcplugins-extra,11, at Fri Jan 31 10:18:41 UTC 2020,7320 total (486 in the last 30 days)
ghc-typelits-extra,15, at Mon Mar  9 13:41:10 UTC 2020,8576 total (751 in the last 30 days)
ghc-typelits-knownnat,17, at Thu Feb  6 13:35:04 UTC 2020,9961 total (640 in the last 30 days)
ghc-typelits-natnormalise,31, at Mon Mar  9 08:57:50 UTC 2020,16517 total (1314 in the last 30 days)
ghost-buster,0, at Tue Aug 29 03:26:22 UTC 2017,790 total (53 in the last 30 days)
gi-atk,29, at Sun Aug  4 11:17:02 UTC 2019,15983 total (940 in the last 30 days)
gi-cairo,30, at Sun Aug  4 11:17:08 UTC 2019,14746 total (680 in the last 30 days)
gi-gdk,32, at Sun Aug  4 11:17:39 UTC 2019,16157 total (978 in the last 30 days)
gi-gdkpixbuf,31, at Sun Aug  4 11:17:45 UTC 2019,16926 total (1052 in the last 30 days)
gi-gio,35, at Tue Feb 18 21:58:51 UTC 2020,18480 total (1561 in the last 30 days)
gi-glib,35, at Sun Aug  4 11:18:16 UTC 2019,18922 total (1012 in the last 30 days)
gi-gobject,31, at Sun Aug  4 11:18:24 UTC 2019,16546 total (911 in the last 30 days)
gi-gtk,43, at Sun Aug  4 11:19:49 UTC 2019,20073 total (1205 in the last 30 days)
gi-gtk-hs,16, at Sun Feb  9 22:11:39 UTC 2020,8270 total (714 in the last 30 days)
gi-gtksource,22, at Sun Aug  4 11:20:06 UTC 2019,10318 total (715 in the last 30 days)
gi-javascriptcore,50, at Sun Aug  4 11:20:19 UTC 2019,24055 total (1392 in the last 30 days)
ginger,53, at Mon Aug 19 09:20:28 UTC 2019,23184 total (1624 in the last 30 days)
gingersnap,17, at Fri Nov 30 21:22:39 UTC 2018,4796 total (617 in the last 30 days)
gi-pango,31, at Sun Aug  4 11:20:38 UTC 2019,15902 total (889 in the last 30 days)
githash,7, at Sun Sep 15 09:42:33 UTC 2019,4680 total (387 in the last 30 days)
github-release,30, at Fri Nov  8 15:20:43 UTC 2019,12228 total (749 in the last 30 days)
github-types,7, at Wed May 25 01:19:17 UTC 2016,5094 total (262 in the last 30 days)
github-webhooks,5, at Sat Feb 22 09:28:10 UTC 2020,2085 total (320 in the last 30 days)
gitrev,4, at Fri Mar 17 02:35:43 UTC 2017,24439 total (478 in the last 30 days)
gi-vte,33, at Sun Aug  4 11:21:10 UTC 2019,13787 total (931 in the last 30 days)
gl,25, at Sun Jun 16 13:44:54 UTC 2019,15270 total (774 in the last 30 days)
glabrous,21, at Thu Jan  2 21:09:33 UTC 2020,8637 total (594 in the last 30 days)
glaze,4, at Mon Mar  6 20:44:43 UTC 2017,1721 total (52 in the last 30 days)
glazier,13, at Mon Jul  2 12:12:13 UTC 2018,4512 total (104 in the last 30 days)
GLFW-b,43, at Sun Oct 20 07:15:36 UTC 2019,36623 total (1421 in the last 30 days)
Glob,30, at Wed Dec 19 18:53:39 UTC 2018,68751 total (1478 in the last 30 days)
gloss,54, at Sun Sep 15 11:44:33 UTC 2019,48398 total (1881 in the last 30 days)
gloss-algorithms,8, at Mon Aug 20 03:00:38 UTC 2018,5489 total (332 in the last 30 days)
gloss-examples,47, at Sun Oct  7 14:55:11 UTC 2018,30245 total (1822 in the last 30 days)
gloss-raster,29, at Mon Sep 16 02:06:59 UTC 2019,18674 total (927 in the last 30 days)
gloss-rendering,13, at Mon May 27 02:53:15 UTC 2019,13347 total (549 in the last 30 days)
GLURaw,16, at Thu Mar 22 20:27:46 UTC 2018,37783 total (714 in the last 30 days)
GLUT,35, at Mon Jun 10 15:57:10 UTC 2019,51446 total (1771 in the last 30 days)
gnuplot,30, at Wed Jan 15 09:33:59 UTC 2020,20523 total (948 in the last 30 days)
google-isbn,7, at Fri Nov 16 15:08:05 UTC 2018,1582 total (131 in the last 30 days)
google-oauth2-jwt,11, at Thu Jan  2 20:38:53 UTC 2020,5030 total (354 in the last 30 days)
gpolyline,1, at Wed Jul 30 09:43:17 UTC 2014,1976 total (87 in the last 30 days)
graph-core,5, at Thu Feb  4 13:17:13 UTC 2016,5774 total (189 in the last 30 days)
graphite,24, at Sat Jun  8 19:46:42 UTC 2019,10012 total (901 in the last 30 days)
graphs,17, at Sat Feb 24 20:56:02 UTC 2018,11111 total (623 in the last 30 days)
graphviz,48, at Tue Jan 28 15:39:50 UTC 2020,49327 total (1558 in the last 30 days)
graph-wrapper,14, at Fri Jan 25 13:57:44 UTC 2019,11576 total (571 in the last 30 days)
gravatar,10, at Tue Mar  3 16:04:14 UTC 2015,7946 total (346 in the last 30 days)
graylog,1, at Sun Feb 28 20:43:31 UTC 2016,1223 total (70 in the last 30 days)
greskell,12, at Mon Dec 30 09:22:24 UTC 2019,3429 total (392 in the last 30 days)
greskell-core,11, at Mon Dec 30 09:19:56 UTC 2019,3041 total (364 in the last 30 days)
greskell-websocket,5, at Mon Dec 30 09:21:13 UTC 2019,1499 total (166 in the last 30 days)
groom,3, at Wed Apr 19 02:30:01 UTC 2017,7674 total (148 in the last 30 days)
groundhog,29, at Mon Dec 16 00:16:44 UTC 2019,21329 total (955 in the last 30 days)
groundhog-inspector,10, at Mon Dec 16 00:17:34 UTC 2019,4407 total (326 in the last 30 days)
groundhog-mysql,18, at Mon Dec 16 00:18:46 UTC 2019,10032 total (504 in the last 30 days)
groundhog-postgresql,28, at Mon Dec 16 00:18:29 UTC 2019,15774 total (731 in the last 30 days)
groundhog-sqlite,23, at Mon Dec 16 00:17:59 UTC 2019,13673 total (748 in the last 30 days)
groundhog-th,28, at Mon Dec 16 00:17:12 UTC 2019,16528 total (759 in the last 30 days)
group-by-date,5, at Tue Jun  4 16:37:28 UTC 2019,2800 total (178 in the last 30 days)
grouped-list,12, at Sat May 11 19:02:11 UTC 2019,5660 total (342 in the last 30 days)
groups,6, at Wed Nov 22 22:07:48 UTC 2017,35121 total (351 in the last 30 days)
guarded-allocation,1, at Tue Jan 22 11:45:24 UTC 2019,901 total (110 in the last 30 days)
gym-http-api,1, at Tue Jun 12 18:15:18 UTC 2018,1016 total (67 in the last 30 days)
H,3, at Sun Sep  4 19:07:44 UTC 2016,2437 total (135 in the last 30 days)
hackage-db,16, at Sat Sep 21 14:54:36 UTC 2019,13860 total (282 in the last 30 days)
hackage-security,11, at Thu Nov 28 23:36:17 UTC 2019,34515 total (987 in the last 30 days)
haddock-library,16, at Mon Sep 30 16:16:56 UTC 2019,65452 total (1378 in the last 30 days)
hadolint,37, at Thu Nov 21 09:54:03 UTC 2019,11696 total (1180 in the last 30 days)
half,9, at Mon Apr 23 16:09:13 UTC 2018,19438 total (543 in the last 30 days)
hamilton,3, at Wed Mar 21 06:22:52 UTC 2018,1996 total (105 in the last 30 days)
hamtsolo,3, at Sun Mar 18 18:58:11 UTC 2018,1555 total (110 in the last 30 days)
HandsomeSoup,9, at Tue Jun  9 20:16:37 UTC 2015,10332 total (286 in the last 30 days)
hapistrano,38, at Wed Oct 30 23:08:42 UTC 2019,16170 total (1062 in the last 30 days)
happy,26, at Tue Sep  3 08:01:49 UTC 2019,148705 total (1739 in the last 30 days)
hasbolt,25, at Mon Mar  2 08:37:08 UTC 2020,10383 total (962 in the last 30 days)
hashable,33, at Fri May 10 11:23:16 UTC 2019,417269 total (2110 in the last 30 days)
hashable-time,4, at Wed Sep 26 13:19:48 UTC 2018,4469 total (199 in the last 30 days)
hashids,4, at Fri Feb  9 08:28:46 UTC 2018,3332 total (219 in the last 30 days)
hashmap,14, at Wed Jan  3 02:45:02 UTC 2018,12664 total (450 in the last 30 days)
hashtables,26, at Wed Aug  7 21:16:27 UTC 2019,69372 total (1327 in the last 30 days)
haskeline,51, at Sun Dec 29 17:22:16 UTC 2019,96902 total (2054 in the last 30 days)
haskell-gi,33, at Sun Aug  4 11:15:53 UTC 2019,19102 total (1216 in the last 30 days)
haskell-gi-base,36, at Sun Aug  4 11:13:53 UTC 2019,21637 total (1257 in the last 30 days)
haskell-gi-overloading,1, at Sun Jul 30 14:11:46 UTC 2017,5117 total (187 in the last 30 days)
haskell-lexer,3, at Thu Jan 30 18:58:27 UTC 2020,40860 total (521 in the last 30 days)
haskell-lsp,28, at Thu Feb  6 18:48:49 UTC 2020,11209 total (1274 in the last 30 days)
haskell-lsp-types,24, at Tue Feb  4 23:15:52 UTC 2020,9149 total (1099 in the last 30 days)
haskell-names,35, at Sat Nov  2 18:44:18 UTC 2019,27775 total (1191 in the last 30 days)
haskell-spacegoo,2, at Sat Apr  4 21:49:16 UTC 2015,2277 total (82 in the last 30 days)
haskell-src,9, at Sat Nov  9 18:24:02 UTC 2019,29109 total (465 in the last 30 days)
haskell-src-exts,88, at Fri Jan  3 21:30:58 UTC 2020,227569 total (4122 in the last 30 days)
haskell-src-exts-util,8, at Thu Apr 11 20:19:17 UTC 2019,13473 total (577 in the last 30 days)
haskell-src-meta,46, at Mon Nov 25 02:55:37 UTC 2019,55699 total (1559 in the last 30 days)
haskey-btree,5, at Sun May 12 11:43:48 UTC 2019,1985 total (144 in the last 30 days)
haskintex,17, at Sat Aug  5 12:26:31 UTC 2017,10523 total (440 in the last 30 days)
haskoin-core,27, at Sat Feb  8 13:40:44 UTC 2020,7801 total (886 in the last 30 days)
hasql,69, at Wed Jan 22 06:23:03 UTC 2020,35929 total (1845 in the last 30 days)
hasql-optparse-applicative,12, at Sat Jul  6 07:47:06 UTC 2019,4958 total (361 in the last 30 days)
hasql-pool,11, at Tue May 28 06:49:08 UTC 2019,5897 total (379 in the last 30 days)
hasql-transaction,23, at Wed Nov 27 17:34:23 UTC 2019,10113 total (657 in the last 30 days)
hasty-hamiltonian,8, at Wed Mar 14 22:05:04 UTC 2018,4205 total (265 in the last 30 days)
HaTeX,48, at Wed Mar  4 12:27:25 UTC 2020,33525 total (1982 in the last 30 days)
haxl,12, at Thu Jun 20 07:03:20 UTC 2019,7668 total (414 in the last 30 days)
hbeanstalk,5, at Mon Sep 10 00:54:48 UTC 2012,4165 total (136 in the last 30 days)
HCodecs,13, at Fri Feb 21 06:17:55 UTC 2020,14643 total (673 in the last 30 days)
hdaemonize,18, at Mon Nov 11 13:35:58 UTC 2019,13448 total (520 in the last 30 days)
HDBC,24, at Fri Sep 27 18:18:30 UTC 2019,33083 total (896 in the last 30 days)
HDBC-mysql,19, at Sun Nov  6 00:37:38 UTC 2016,15692 total (596 in the last 30 days)
HDBC-session,6, at Thu Jun  7 11:43:58 UTC 2018,5120 total (202 in the last 30 days)
heap,15, at Wed Apr 11 15:14:59 UTC 2018,16248 total (566 in the last 30 days)
heaps,13, at Tue Feb  5 18:38:15 UTC 2019,17596 total (628 in the last 30 days)
hebrew-time,6, at Sun Feb 17 16:00:57 UTC 2019,4622 total (200 in the last 30 days)
hedgehog,15, at Fri Jan 10 12:09:59 UTC 2020,13333 total (788 in the last 30 days)
hedgehog-corpus,1, at Fri Jan 24 09:43:59 UTC 2020,945 total (72 in the last 30 days)
hedgehog-fn,2, at Thu May 16 23:26:00 UTC 2019,1023 total (105 in the last 30 days)
hedis,67, at Mon Dec 16 08:50:28 UTC 2019,40651 total (2289 in the last 30 days)
hedn,14, at Mon Sep 30 09:57:44 UTC 2019,7329 total (176 in the last 30 days)
here,15, at Thu Mar  1 00:37:20 UTC 2018,14044 total (495 in the last 30 days)
heredoc,2, at Mon May  6 23:21:30 UTC 2013,5455 total (170 in the last 30 days)
heterocephalus,15, at Fri Dec 28 15:50:06 UTC 2018,7103 total (490 in the last 30 days)
hex,2, at Mon Oct 10 13:47:19 UTC 2011,16428 total (140 in the last 30 days)
hexml,6, at Mon Sep 10 08:48:21 UTC 2018,3475 total (330 in the last 30 days)
hexml-lens,3, at Fri Aug 18 08:57:21 UTC 2017,2019 total (121 in the last 30 days)
hexpat,45, at Wed Jun 21 23:58:54 UTC 2017,49291 total (1441 in the last 30 days)
hexstring,3, at Tue Apr 21 06:32:20 UTC 2015,3016 total (115 in the last 30 days)
hformat,7, at Thu Sep  6 13:50:31 UTC 2018,7943 total (356 in the last 30 days)
hfsevents,6, at Tue Nov  3 15:34:17 UTC 2015,19131 total (332 in the last 30 days)
hidapi,5, at Tue Aug  7 09:18:15 UTC 2018,3877 total (178 in the last 30 days)
hidden-char,2, at Fri Dec 29 03:17:56 UTC 2017,1792 total (94 in the last 30 days)
hi-file-parser,0, at Sat Jun  8 21:29:07 UTC 2019,1029 total (118 in the last 30 days)
higher-leveldb,15, at Wed Oct  3 12:00:56 UTC 2018,7346 total (485 in the last 30 days)
highlighting-kate,63, at Tue Jan 31 10:38:06 UTC 2017,107586 total (2848 in the last 30 days)
hinfo,2, at Sat Aug 11 00:04:48 UTC 2018,1080 total (133 in the last 30 days)
hinotify,15, at Thu Aug  9 12:01:36 UTC 2018,57096 total (878 in the last 30 days)
hint,35, at Sun Sep 29 19:38:29 UTC 2019,54127 total (1291 in the last 30 days)
hjsmin,37, at Fri Oct 18 22:13:04 UTC 2019,48842 total (1199 in the last 30 days)
hkgr,14, at Sat Feb 29 08:00:21 UTC 2020,1810 total (612 in the last 30 days)
hledger,78, at Mon Mar  2 01:40:21 UTC 2020,45180 total (3307 in the last 30 days)
hledger-iadd,23, at Tue Jan 14 21:27:07 UTC 2020,11601 total (984 in the last 30 days)
hledger-interest,12, at Sun Oct  7 10:15:38 UTC 2018,8250 total (483 in the last 30 days)
hledger-lib,66, at Mon Mar  2 06:07:10 UTC 2020,38567 total (2810 in the last 30 days)
hledger-ui,37, at Mon Mar  2 01:40:22 UTC 2020,17621 total (1563 in the last 30 days)
hledger-web,69, at Mon Mar  2 01:40:24 UTC 2020,39273 total (2930 in the last 30 days)
hlibgit2,30, at Tue Feb  7 15:57:08 UTC 2017,19910 total (968 in the last 30 days)
hlibsass,13, at Fri Feb 21 20:58:37 UTC 2020,7062 total (662 in the last 30 days)
hlint,188, at Sun Feb  9 21:53:45 UTC 2020,198329 total (8080 in the last 30 days)
hmatrix,57, at Sun Jun 30 08:15:15 UTC 2019,52011 total (1863 in the last 30 days)
hmatrix-backprop,8, at Sun Aug 18 07:28:11 UTC 2019,2726 total (217 in the last 30 days)
hmatrix-gsl,8, at Sun Apr 22 13:57:22 UTC 2018,6560 total (297 in the last 30 days)
hmatrix-gsl-stats,36, at Tue Jun 11 02:08:25 UTC 2019,21474 total (1532 in the last 30 days)
hmatrix-morpheus,5, at Sun Jun 10 18:17:17 UTC 2018,2604 total (153 in the last 30 days)
hmatrix-vector-sized,7, at Tue Feb 11 20:48:39 UTC 2020,1772 total (250 in the last 30 days)
hmm-lapack,4, at Fri May 24 05:34:15 UTC 2019,1183 total (101 in the last 30 days)
hmpfr,22, at Tue Jan 16 10:16:19 UTC 2018,13175 total (875 in the last 30 days)
hoauth2,62, at Sat Feb  1 05:43:36 UTC 2020,33349 total (1767 in the last 30 days)
Hoed,15, at Sat Mar 17 06:55:06 UTC 2018,8717 total (511 in the last 30 days)
hoogle,91, at Sat Feb 15 09:48:50 UTC 2020,85088 total (3746 in the last 30 days)
hOpenPGP,80, at Sun Feb 23 15:50:18 UTC 2020,45682 total (4134 in the last 30 days)
hopenpgp-tools,48, at Wed Dec  4 00:42:17 UTC 2019,27018 total (2033 in the last 30 days)
hopenssl,15, at Wed Dec 26 12:10:51 UTC 2018,10550 total (692 in the last 30 days)
hopfli,4, at Sat Jun 17 21:14:15 UTC 2017,3500 total (207 in the last 30 days)
hosc,20, at Wed Dec 19 02:43:58 UTC 2018,22513 total (1083 in the last 30 days)
hostname,0, at Thu May  6 22:36:07 UTC 2010,64675 total (220 in the last 30 days)
hostname-validate,0, at Tue Aug 13 10:45:59 UTC 2013,1294 total (45 in the last 30 days)
hourglass,15, at Fri Aug 24 19:46:48 UTC 2018,81957 total (879 in the last 30 days)
hourglass-orphans,0, at Sat Apr 15 17:54:56 UTC 2017,772 total (50 in the last 30 days)
hp2pretty,10, at Tue Jul 31 23:16:19 UTC 2018,6685 total (356 in the last 30 days)
hpack,64, at Fri Oct 11 13:27:23 UTC 2019,41075 total (2131 in the last 30 days)
hpack-dhall,6, at Sun Mar  3 18:11:16 UTC 2019,2071 total (295 in the last 30 days)
hpc,12, at Wed May  4 10:49:30 UTC 2016,18888 total (527 in the last 30 days)
hquantlib-time,2, at Mon Nov 19 20:30:28 UTC 2018,544 total (36 in the last 30 days)
hreader,7, at Mon Dec 12 12:41:55 UTC 2016,4491 total (266 in the last 30 days)
hreader-lens,3, at Wed May 31 07:50:14 UTC 2017,2040 total (141 in the last 30 days)
hruby,34, at Sat May 18 08:06:41 UTC 2019,17092 total (948 in the last 30 days)
hsass,9, at Sun Nov 25 14:19:55 UTC 2018,5087 total (361 in the last 30 days)
hs-bibutils,19, at Wed Dec 25 07:41:12 UTC 2019,38842 total (899 in the last 30 days)
hsc2hs,7, at Mon Aug 26 07:58:09 UTC 2019,17555 total (806 in the last 30 days)
hschema,1, at Wed Nov 14 15:00:39 UTC 2018,693 total (81 in the last 30 days)
hschema-aeson,1, at Wed Nov 14 15:01:19 UTC 2018,654 total (55 in the last 30 days)
hschema-prettyprinter,1, at Wed Nov 14 15:01:18 UTC 2018,679 total (53 in the last 30 days)
hschema-quickcheck,1, at Wed Nov 14 15:01:01 UTC 2018,612 total (41 in the last 30 days)
hscolour,25, at Thu Nov 30 19:17:00 UTC 2017,107480 total (1068 in the last 30 days)
hsdev,69, at Tue Oct 22 02:43:52 UTC 2019,36812 total (2202 in the last 30 days)
hsdns,12, at Wed Jan 23 10:48:21 UTC 2019,8805 total (536 in the last 30 days)
hsebaysdk,5, at Sat May 14 22:45:34 UTC 2016,3335 total (151 in the last 30 days)
hsemail,17, at Wed Jun 26 11:30:45 UTC 2019,12306 total (519 in the last 30 days)
hset,11, at Thu Oct 29 10:59:06 UTC 2015,6911 total (346 in the last 30 days)
HSet,1, at Thu May 11 17:10:20 UTC 2017,1476 total (60 in the last 30 days)
hsexif,28, at Mon Oct  1 16:16:08 UTC 2018,15295 total (1121 in the last 30 days)
hs-functors,7, at Mon Jan 20 19:57:29 UTC 2020,2439 total (315 in the last 30 days)
hs-GeoIP,2, at Fri Mar 15 21:04:41 UTC 2013,2631 total (87 in the last 30 days)
hsini,10, at Tue Jun  5 08:01:04 UTC 2018,9924 total (311 in the last 30 days)
hsinstall,11, at Sun Jan 12 21:45:57 UTC 2020,4283 total (368 in the last 30 days)
HSlippyMap,15, at Fri May 11 13:42:37 UTC 2018,8338 total (283 in the last 30 days)
hslogger,27, at Mon Oct  7 21:18:38 UTC 2019,81066 total (1226 in the last 30 days)
hslua,36, at Wed Aug 21 05:36:29 UTC 2019,99677 total (1704 in the last 30 days)
hslua-aeson,8, at Mon Sep 24 06:18:39 UTC 2018,3887 total (272 in the last 30 days)
hslua-module-system,3, at Sat May  4 20:14:38 UTC 2019,2973 total (388 in the last 30 days)
hslua-module-text,5, at Sat May  4 20:05:14 UTC 2019,13726 total (645 in the last 30 days)
HsOpenSSL,68, at Fri Sep 13 10:40:24 UTC 2019,62624 total (2570 in the last 30 days)
HsOpenSSL-x509-system,3, at Tue Aug 23 12:54:14 UTC 2016,3143 total (160 in the last 30 days)
hsp,17, at Tue Nov 12 21:25:57 UTC 2013,16027 total (580 in the last 30 days)
hspec,116, at Fri Mar 29 12:56:54 UTC 2019,177704 total (2427 in the last 30 days)
hspec-attoparsec,2, at Sat Mar 21 12:48:13 UTC 2015,2694 total (102 in the last 30 days)
hspec-checkers,2, at Fri Mar 17 04:32:27 UTC 2017,2015 total (110 in the last 30 days)
hspec-contrib,7, at Sun Nov  4 01:38:09 UTC 2018,6258 total (280 in the last 30 days)
hspec-core,44, at Fri Mar 29 12:56:45 UTC 2019,88820 total (1875 in the last 30 days)
hspec-discover,54, at Fri Mar 29 12:56:50 UTC 2019,80052 total (1703 in the last 30 days)
hspec-expectations,20, at Sun Oct 16 04:44:55 UTC 2016,111928 total (900 in the last 30 days)
hspec-expectations-lifted,3, at Fri Mar 31 09:58:45 UTC 2017,2767 total (139 in the last 30 days)
hspec-expectations-pretty-diff,4, at Wed Oct 16 15:39:16 UTC 2019,2449 total (138 in the last 30 days)
hspec-golden-aeson,12, at Mon May 21 10:32:57 UTC 2018,5351 total (343 in the last 30 days)
hspec-leancheck,2, at Wed Nov 21 23:36:06 UTC 2018,986 total (116 in the last 30 days)
hspec-megaparsec,10, at Thu Nov  7 20:46:02 UTC 2019,6806 total (359 in the last 30 days)
hspec-meta,46, at Sun Nov 18 17:54:33 UTC 2018,36133 total (1518 in the last 30 days)
hspec-need-env,4, at Mon Dec 30 09:10:39 UTC 2019,1384 total (170 in the last 30 days)
hspec-pg-transact,2, at Mon Jun 19 18:24:52 UTC 2017,1520 total (72 in the last 30 days)
hspec-smallcheck,8, at Tue Mar 27 09:01:33 UTC 2018,12067 total (355 in the last 30 days)
hspec-wai,23, at Mon Sep  9 09:05:30 UTC 2019,16573 total (941 in the last 30 days)
hspec-wai-json,9, at Tue Sep 10 09:37:04 UTC 2019,5322 total (335 in the last 30 days)
hs-php-session,4, at Sat Oct 25 06:25:13 UTC 2014,3051 total (201 in the last 30 days)
hsshellscript,12, at Mon Dec  4 13:02:08 UTC 2017,8651 total (452 in the last 30 days)
hstatsd,0, at Fri Feb 22 17:42:31 UTC 2013,3199 total (35 in the last 30 days)
HStringTemplate,34, at Fri Mar 23 07:51:15 UTC 2018,42068 total (999 in the last 30 days)
HSvm,3, at Sat Mar  9 13:46:02 UTC 2019,2464 total (153 in the last 30 days)
HsYAML,7, at Sun Oct  6 14:51:03 UTC 2019,9434 total (797 in the last 30 days)
hsyslog,11, at Wed Jan 23 11:42:09 UTC 2019,14502 total (429 in the last 30 days)
htaglib,9, at Thu Mar 22 12:02:24 UTC 2018,4930 total (310 in the last 30 days)
HTF,57, at Fri Dec 13 13:52:19 UTC 2019,45991 total (1936 in the last 30 days)
html,2, at Sat Oct 11 21:44:51 UTC 2008,25086 total (206 in the last 30 days)
html-conduit,24, at Sun Oct  6 04:19:47 UTC 2019,33248 total (804 in the last 30 days)
html-email-validate,1, at Fri Jul  3 00:14:56 UTC 2015,1296 total (52 in the last 30 days)
html-entities,14, at Sun Mar  3 14:56:25 UTC 2019,7750 total (650 in the last 30 days)
html-entity-map,1, at Mon Dec 18 10:10:16 UTC 2017,1349 total (90 in the last 30 days)
htoml,9, at Mon Nov  7 01:14:08 UTC 2016,8732 total (295 in the last 30 days)
HTTP,62, at Mon Jun 17 21:34:06 UTC 2019,230215 total (2840 in the last 30 days)
http2,43, at Fri Jun 28 04:02:36 UTC 2019,56870 total (2398 in the last 30 days)
http-api-data,25, at Mon Nov 11 08:00:34 UTC 2019,34220 total (1143 in the last 30 days)
http-client,114, at Mon Mar  9 07:29:00 UTC 2020,247983 total (5815 in the last 30 days)
http-client-tls,23, at Mon Feb  5 21:29:29 UTC 2018,143226 total (1054 in the last 30 days)
http-common,4, at Tue Apr 28 00:43:00 UTC 2015,6846 total (136 in the last 30 days)
http-conduit,137, at Thu Oct 10 04:03:30 UTC 2019,227554 total (4642 in the last 30 days)
http-date,9, at Thu Jul 26 04:04:31 UTC 2018,82573 total (606 in the last 30 days)
http-directory,8, at Fri Jan 24 15:45:44 UTC 2020,1674 total (278 in the last 30 days)
http-download,2, at Tue Mar  3 05:41:09 UTC 2020,1304 total (235 in the last 30 days)
httpd-shed,7, at Thu May 23 04:51:26 UTC 2019,6650 total (315 in the last 30 days)
http-link-header,6, at Mon Jul 30 18:41:34 UTC 2018,4786 total (252 in the last 30 days)
http-media,17, at Mon Apr 15 23:01:59 UTC 2019,26897 total (750 in the last 30 days)
http-reverse-proxy,42, at Thu Apr 26 08:18:04 UTC 2018,48663 total (1688 in the last 30 days)
http-streams,30, at Wed Jan 22 12:02:03 UTC 2020,24767 total (335 in the last 30 days)
http-types,44, at Sun Feb 24 11:33:35 UTC 2019,209248 total (1684 in the last 30 days)
human-readable-duration,10, at Tue Jun 25 15:58:20 UTC 2019,4487 total (363 in the last 30 days)
HUnit,19, at Mon Mar 20 01:42:27 UTC 2017,200579 total (1176 in the last 30 days)
HUnit-approx,3, at Tue Oct 31 20:14:45 UTC 2017,3103 total (134 in the last 30 days)
hunit-dejafu,31, at Sun Mar 24 03:09:19 UTC 2019,11573 total (853 in the last 30 days)
hvect,4, at Fri Feb  3 12:08:15 UTC 2017,4494 total (258 in the last 30 days)
hvega,12, at Thu Mar  5 03:10:04 UTC 2020,3333 total (592 in the last 30 days)
hw-balancedparens,19, at Sat Mar  7 10:27:55 UTC 2020,6403 total (736 in the last 30 days)
hw-bits,38, at Tue Mar 10 11:06:30 UTC 2020,15245 total (1727 in the last 30 days)
hw-conduit,11, at Fri Oct 11 05:03:23 UTC 2019,5278 total (318 in the last 30 days)
hw-conduit-merges,0, at Fri Sep 28 04:18:56 UTC 2018,522 total (81 in the last 30 days)
hw-diagnostics,5, at Wed May  8 11:22:48 UTC 2019,2854 total (170 in the last 30 days)
hw-dsv,12, at Wed Jan  8 09:59:11 UTC 2020,3787 total (461 in the last 30 days)
hweblib,8, at Sun May 25 09:11:26 UTC 2014,5975 total (235 in the last 30 days)
hw-eliasfano,4, at Fri Oct 11 05:01:38 UTC 2019,1858 total (170 in the last 30 days)
hw-excess,10, at Sun Feb  2 05:37:14 UTC 2020,3983 total (351 in the last 30 days)
hw-fingertree,5, at Fri Oct 11 05:02:40 UTC 2019,1684 total (178 in the last 30 days)
hw-fingertree-strict,7, at Fri Oct 11 05:03:25 UTC 2019,2324 total (224 in the last 30 days)
hw-hedgehog,5, at Tue Oct 15 22:25:52 UTC 2019,2102 total (218 in the last 30 days)
hw-hspec-hedgehog,9, at Fri Oct 11 05:02:57 UTC 2019,3499 total (312 in the last 30 days)
hw-int,2, at Fri Oct 11 05:03:26 UTC 2019,1920 total (137 in the last 30 days)
hw-ip,27, at Wed Jan  8 10:55:02 UTC 2020,6369 total (621 in the last 30 days)
hw-json,31, at Fri Oct 11 05:25:26 UTC 2019,10987 total (929 in the last 30 days)
hw-json-simd,4, at Fri Oct 11 04:53:41 UTC 2019,1133 total (152 in the last 30 days)
hw-mquery,6, at Wed Oct  9 21:24:50 UTC 2019,2825 total (203 in the last 30 days)
hw-packed-vector,5, at Tue Oct 15 22:33:50 UTC 2019,1633 total (212 in the last 30 days)
hw-parser,6, at Tue Oct 15 22:29:12 UTC 2019,2851 total (235 in the last 30 days)
hw-prim,83, at Tue Feb 25 00:26:43 UTC 2020,33110 total (3082 in the last 30 days)
hw-rankselect,34, at Sun Feb  2 11:33:34 UTC 2020,14879 total (1055 in the last 30 days)
hw-rankselect-base,13, at Wed Dec  4 22:49:54 UTC 2019,4963 total (446 in the last 30 days)
hw-simd,10, at Fri Oct 11 04:43:47 UTC 2019,3485 total (334 in the last 30 days)
hw-streams,11, at Tue Oct 15 22:39:18 UTC 2019,3123 total (307 in the last 30 days)
hw-string-parse,3, at Sat Aug 26 14:12:36 UTC 2017,2663 total (172 in the last 30 days)
hw-succinct,13, at Mon Oct 24 20:21:58 UTC 2016,6352 total (417 in the last 30 days)
hxt,46, at Sun Jun 30 14:24:33 UTC 2019,64066 total (1292 in the last 30 days)
hxt-charproperties,6, at Sun Jun 30 14:27:05 UTC 2019,42599 total (680 in the last 30 days)
hxt-css,3, at Tue Aug 23 16:57:55 UTC 2016,2508 total (127 in the last 30 days)
hxt-curl,3, at Fri Feb  6 15:28:05 UTC 2015,3411 total (88 in the last 30 days)
hxt-expat,1, at Thu Jan 12 11:34:45 UTC 2012,2182 total (60 in the last 30 days)
hxt-http,8, at Fri Feb  6 16:40:54 UTC 2015,8580 total (260 in the last 30 days)
hxt-regex-xmlschema,7, at Tue Oct 18 12:16:14 UTC 2016,42655 total (806 in the last 30 days)
hxt-tagsoup,6, at Fri Sep 16 13:47:27 UTC 2016,5025 total (195 in the last 30 days)
hxt-unicode,5, at Fri Feb  6 15:26:56 UTC 2015,39829 total (424 in the last 30 days)
hybrid-vectors,5, at Thu Jan 18 19:47:50 UTC 2018,5739 total (222 in the last 30 days)
hyper,3, at Sun Aug  5 11:01:15 UTC 2018,1823 total (95 in the last 30 days)
hyperloglog,19, at Fri Sep 13 22:18:12 UTC 2019,10871 total (551 in the last 30 days)
hyphenation,21, at Sat May 18 03:35:54 UTC 2019,14770 total (814 in the last 30 days)
hyraxAbif,10, at Tue Feb 11 09:42:54 UTC 2020,2542 total (448 in the last 30 days)
iconv,6, at Mon Jun  1 09:22:17 UTC 2015,8178 total (227 in the last 30 days)
identicon,3, at Mon May 22 16:12:43 UTC 2017,2345 total (151 in the last 30 days)
ieee754,8, at Mon Jan 30 11:15:39 UTC 2017,54646 total (642 in the last 30 days)
if,0, at Thu Nov 17 12:07:37 UTC 2016,864 total (65 in the last 30 days)
iff,5, at Wed Mar 22 20:43:36 UTC 2017,3798 total (187 in the last 30 days)
ihaskell,40, at Thu Sep 26 18:01:06 UTC 2019,21399 total (892 in the last 30 days)
ihs,3, at Wed Dec 12 14:50:52 UTC 2018,1787 total (163 in the last 30 days)
ilist,4, at Thu Dec 26 19:49:43 UTC 2019,3745 total (315 in the last 30 days)
imagesize-conduit,11, at Tue Mar 31 18:47:55 UTC 2015,8387 total (419 in the last 30 days)
Imlib,2, at Mon Mar 30 21:09:58 UTC 2009,2556 total (96 in the last 30 days)
immortal,4, at Mon Apr 16 08:18:15 UTC 2018,3140 total (185 in the last 30 days)
include-file,4, at Thu Feb  7 08:26:11 UTC 2019,2852 total (162 in the last 30 days)
incremental-parser,24, at Sun Mar  8 20:10:07 UTC 2020,12391 total (1060 in the last 30 days)
indentation-core,2, at Sat Oct  6 15:06:41 UTC 2018,1829 total (104 in the last 30 days)
indentation-parsec,2, at Sat Oct  6 15:06:46 UTC 2018,1686 total (102 in the last 30 days)
indents,10, at Wed Oct  2 08:53:27 UTC 2019,16577 total (303 in the last 30 days)
indexed,3, at Sat Sep 17 05:22:36 UTC 2016,2718 total (169 in the last 30 days)
indexed-list-literals,6, at Sat Oct  6 11:39:32 UTC 2018,2837 total (154 in the last 30 days)
infer-license,1, at Sun Jul 15 14:48:07 UTC 2018,3131 total (216 in the last 30 days)
inflections,18, at Tue Nov 26 13:14:03 UTC 2019,12440 total (612 in the last 30 days)
influxdb,62, at Sat Feb  8 00:31:50 UTC 2020,28003 total (1664 in the last 30 days)
ini,15, at Wed Jan  2 14:21:37 UTC 2019,18784 total (456 in the last 30 days)
inj,0, at Fri Jul  6 21:48:57 UTC 2018,640 total (59 in the last 30 days)
inline-c,37, at Mon Nov 25 21:38:54 UTC 2019,18917 total (1270 in the last 30 days)
inline-c-cpp,15, at Fri Jan 31 00:43:10 UTC 2020,5119 total (433 in the last 30 days)
inline-r,15, at Mon Jun  3 21:50:08 UTC 2019,7735 total (605 in the last 30 days)
inliterate,0, at Tue Jun  6 13:32:08 UTC 2017,800 total (54 in the last 30 days)
insert-ordered-containers,5, at Mon Oct 21 15:51:56 UTC 2019,10830 total (354 in the last 30 days)
inspection-testing,14, at Mon Sep  2 16:23:25 UTC 2019,6118 total (674 in the last 30 days)
instance-control,3, at Wed Sep 27 06:34:35 UTC 2017,2260 total (137 in the last 30 days)
int-cast,3, at Tue Apr  3 20:28:08 UTC 2018,2776 total (205 in the last 30 days)
integer-gmp,4, at Sat Apr 21 19:56:37 UTC 2018,12066 total (200 in the last 30 days)
integer-logarithms,5, at Tue Apr 16 17:11:02 UTC 2019,117170 total (673 in the last 30 days)
integration,4, at Sat Mar  7 07:53:12 UTC 2015,6171 total (199 in the last 30 days)
intern,20, at Sat Feb 24 20:29:11 UTC 2018,17472 total (615 in the last 30 days)
interpolate,7, at Wed Mar  7 21:42:33 UTC 2018,8889 total (311 in the last 30 days)
interpolatedstring-perl6,11, at Tue Oct 15 04:03:33 UTC 2019,8856 total (386 in the last 30 days)
interpolatedstring-qq2,0, at Mon May  6 18:21:54 UTC 2019,237 total (18 in the last 30 days)
interpolation,6, at Sat May 25 13:36:20 UTC 2019,3070 total (244 in the last 30 days)
interpolator,3, at Fri May  3 14:36:41 UTC 2019,1156 total (151 in the last 30 days)
IntervalMap,23, at Fri Apr  5 08:38:39 UTC 2019,15924 total (799 in the last 30 days)
intervals,27, at Wed Jan 29 15:12:05 UTC 2020,41333 total (1084 in the last 30 days)
intro,28, at Wed Dec  4 11:23:29 UTC 2019,11497 total (1450 in the last 30 days)
intset-imperative,0, at Fri Aug  3 15:06:10 UTC 2018,525 total (57 in the last 30 days)
invariant,15, at Thu May  2 15:57:28 UTC 2019,14827 total (807 in the last 30 days)
invertible,8, at Sun Apr 15 01:16:50 UTC 2018,4161 total (276 in the last 30 days)
invertible-grammar,2, at Fri Feb  8 21:08:16 UTC 2019,1035 total (89 in the last 30 days)
io-choice,7, at Tue Dec 11 08:43:15 UTC 2018,35445 total (394 in the last 30 days)
io-machine,1, at Fri Apr  8 23:05:32 UTC 2016,1278 total (86 in the last 30 days)
io-manager,2, at Fri Jan 10 21:16:51 UTC 2014,2372 total (89 in the last 30 days)
io-memoize,2, at Thu Jun 12 20:43:44 UTC 2014,2549 total (102 in the last 30 days)
io-region,1, at Fri Apr 24 12:50:25 UTC 2015,1513 total (69 in the last 30 days)
io-storage,0, at Thu Aug  6 00:13:20 UTC 2009,14190 total (174 in the last 30 days)
io-streams,40, at Mon Jan 28 14:51:46 UTC 2019,50483 total (1514 in the last 30 days)
io-streams-haproxy,3, at Mon Jan 28 21:37:57 UTC 2019,12108 total (285 in the last 30 days)
ip,35, at Wed Jan 22 17:17:24 UTC 2020,14840 total (1086 in the last 30 days)
ip6addr,18, at Thu Jan  2 20:50:36 UTC 2020,8228 total (359 in the last 30 days)
iproute,30, at Tue Nov 26 04:21:44 UTC 2019,59334 total (1306 in the last 30 days)
IPv6Addr,22, at Thu Jan  2 15:41:22 UTC 2020,11070 total (517 in the last 30 days)
ipynb,0, at Wed Jan 23 05:38:29 UTC 2019,3784 total (362 in the last 30 days)
ipython-kernel,18, at Thu Sep 26 01:55:30 UTC 2019,10743 total (618 in the last 30 days)
irc,13, at Tue Dec 16 18:23:52 UTC 2014,10594 total (448 in the last 30 days)
irc-client,31, at Sat Oct  5 09:18:07 UTC 2019,12473 total (896 in the last 30 days)
irc-conduit,19, at Sat Oct  5 09:16:16 UTC 2019,8866 total (548 in the last 30 days)
irc-ctcp,4, at Sat Aug  1 10:57:56 UTC 2015,3733 total (165 in the last 30 days)
islink,0, at Tue Oct  7 14:30:06 UTC 2014,1076 total (53 in the last 30 days)
iso3166-country-codes,9, at Thu Feb 16 22:23:42 UTC 2017,7670 total (304 in the last 30 days)
iso639,3, at Sun Jan 25 14:24:35 UTC 2015,3132 total (143 in the last 30 days)
iso8601-time,5, at Mon Jun 11 15:10:08 UTC 2018,6908 total (299 in the last 30 days)
iterable,2, at Mon May 19 20:17:01 UTC 2014,2638 total (77 in the last 30 days)
ixset-typed,10, at Mon Oct  1 06:03:29 UTC 2018,7428 total (392 in the last 30 days)
ix-shapable,0, at Mon May 18 00:26:06 UTC 2009,2477 total (78 in the last 30 days)
jack,13, at Fri Aug 31 22:31:21 UTC 2018,7576 total (448 in the last 30 days)
jailbreak-cabal,8, at Tue Sep  3 16:57:12 UTC 2019,12354 total (369 in the last 30 days)
jose,28, at Thu Nov 14 06:35:40 UTC 2019,16132 total (1057 in the last 30 days)
jose-jwt,21, at Wed Aug  1 15:32:00 UTC 2018,15119 total (776 in the last 30 days)
js-dgtable,0, at Fri Mar 15 16:12:23 UTC 2019,2425 total (293 in the last 30 days)
js-flot,0, at Mon Nov 10 19:56:22 UTC 2014,26197 total (318 in the last 30 days)
js-jquery,12, at Sun Jan 21 17:41:33 UTC 2018,33838 total (830 in the last 30 days)
json,14, at Tue Jan 14 23:01:59 UTC 2020,67120 total (699 in the last 30 days)
json-alt,0, at Wed Nov 28 13:45:17 UTC 2018,573 total (80 in the last 30 days)
json-autotype,50, at Wed Dec  5 16:13:45 UTC 2018,23161 total (1721 in the last 30 days)
json-feed,13, at Fri Jan 31 15:18:48 UTC 2020,4871 total (504 in the last 30 days)
jsonpath,3, at Sat Feb 15 09:33:49 UTC 2020,705 total (201 in the last 30 days)
json-rpc,31, at Wed Jan  1 10:50:54 UTC 2020,15767 total (910 in the last 30 days)
json-rpc-client,9, at Sat Jan 14 18:48:58 UTC 2017,5259 total (220 in the last 30 days)
json-rpc-generic,10, at Sat Aug 25 08:42:01 UTC 2018,4703 total (337 in the last 30 days)
json-rpc-server,13, at Sat Jan 14 17:58:59 UTC 2017,7966 total (385 in the last 30 days)
JuicyPixels,61, at Fri Feb 28 08:19:07 UTC 2020,105365 total (3396 in the last 30 days)
JuicyPixels-extra,7, at Mon May 13 22:15:03 UTC 2019,4402 total (331 in the last 30 days)
JuicyPixels-scale-dct,4, at Sat May 19 15:23:45 UTC 2018,3480 total (198 in the last 30 days)
justified-containers,6, at Sun Feb 11 15:28:12 UTC 2018,3141 total (189 in the last 30 days)
jwt,20, at Mon Mar 25 05:55:35 UTC 2019,14725 total (624 in the last 30 days)
kan-extensions,52, at Tue Jul  3 12:00:30 UTC 2018,94742 total (1814 in the last 30 days)
kanji,11, at Sun Jan 26 00:06:03 UTC 2020,4084 total (389 in the last 30 days)
katip,32, at Wed Jul 24 15:20:50 UTC 2019,14628 total (1080 in the last 30 days)
kawhi,6, at Sat Apr 22 23:38:29 UTC 2017,3461 total (225 in the last 30 days)
kazura-queue,4, at Tue Sep 11 04:19:11 UTC 2018,2122 total (205 in the last 30 days)
kdt,5, at Tue Mar 22 04:49:06 UTC 2016,4144 total (185 in the last 30 days)
keycode,4, at Mon Aug 15 21:12:18 UTC 2016,3686 total (197 in the last 30 days)
keys,36, at Wed Jan 29 14:58:25 UTC 2020,63833 total (1383 in the last 30 days)
kind-apply,4, at Wed Sep  4 14:45:07 UTC 2019,1522 total (240 in the last 30 days)
kind-generics,5, at Wed Sep  4 14:47:06 UTC 2019,1980 total (311 in the last 30 days)
kind-generics-th,3, at Tue Sep 10 20:00:20 UTC 2019,1015 total (151 in the last 30 days)
kleene,1, at Thu Apr 25 08:57:56 UTC 2019,714 total (58 in the last 30 days)
kmeans,3, at Sun Mar 22 19:51:47 UTC 2015,3212 total (159 in the last 30 days)
koofr-client,5, at Fri Mar 27 07:22:35 UTC 2015,3682 total (176 in the last 30 days)
kraken,3, at Thu Sep 21 03:54:28 UTC 2017,2728 total (153 in the last 30 days)
l10n,2, at Mon Mar  6 20:45:08 UTC 2017,1082 total (51 in the last 30 days)
labels,8, at Tue Aug 29 09:02:04 UTC 2017,4100 total (247 in the last 30 days)
lackey,26, at Sun Jan 26 14:19:37 UTC 2020,9639 total (753 in the last 30 days)
lambdabot-core,7, at Mon Apr 29 15:52:51 UTC 2019,4464 total (275 in the last 30 days)
lambdabot-irc-plugins,6, at Mon Apr 29 15:52:56 UTC 2019,3939 total (187 in the last 30 days)
LambdaHack,36, at Thu May  2 21:20:54 UTC 2019,19939 total (1039 in the last 30 days)
lame,2, at Mon Jan 28 21:59:11 UTC 2019,1502 total (128 in the last 30 days)
language-c,21, at Fri Sep 20 14:58:22 UTC 2019,37294 total (1039 in the last 30 days)
language-c-quote,51, at Wed Oct 16 20:57:37 UTC 2019,35737 total (1611 in the last 30 days)
language-docker,18, at Sun Mar  1 09:49:14 UTC 2020,6701 total (908 in the last 30 days)
language-ecmascript,22, at Thu Feb 13 18:10:53 UTC 2020,30924 total (943 in the last 30 days)
language-haskell-extract,5, at Sat Jan 26 09:02:44 UTC 2013,21393 total (312 in the last 30 days)
language-java,10, at Thu Mar  8 22:25:55 UTC 2018,21621 total (464 in the last 30 days)
language-javascript,61, at Wed Oct  9 19:27:11 UTC 2019,65497 total (2059 in the last 30 days)
language-nix,4, at Sat Sep 21 13:40:25 UTC 2019,3543 total (207 in the last 30 days)
language-puppet,83, at Wed Jan 29 21:17:46 UTC 2020,40680 total (2870 in the last 30 days)
lapack,11, at Mon Aug 12 11:37:34 UTC 2019,2779 total (306 in the last 30 days)
lapack-carray,4, at Wed Jan 23 09:12:25 UTC 2019,1663 total (183 in the last 30 days)
lapack-comfort-array,1, at Fri May 24 04:47:12 UTC 2019,560 total (74 in the last 30 days)
lapack-ffi,2, at Mon Apr  2 21:06:47 UTC 2018,1380 total (143 in the last 30 days)
lapack-ffi-tools,6, at Sat Jul  6 07:11:09 UTC 2019,2256 total (182 in the last 30 days)
largeword,13, at Sun Dec 13 14:08:04 UTC 2015,12288 total (378 in the last 30 days)
latex,4, at Fri Aug 31 22:53:51 UTC 2018,3533 total (162 in the last 30 days)
lattices,15, at Tue Feb 18 10:38:18 UTC 2020,12586 total (699 in the last 30 days)
lawful,0, at Fri Jun 15 15:35:53 UTC 2018,561 total (66 in the last 30 days)
lazy-csv,2, at Thu Jun 25 08:16:42 UTC 2015,3700 total (100 in the last 30 days)
lazyio,10, at Wed Dec 14 21:16:25 UTC 2016,6466 total (312 in the last 30 days)
lca,8, at Wed Feb  7 01:25:58 UTC 2018,6634 total (410 in the last 30 days)
leancheck,22, at Thu Feb  7 21:55:25 UTC 2019,10227 total (749 in the last 30 days)
leancheck-instances,2, at Mon Jan 21 23:34:09 UTC 2019,921 total (128 in the last 30 days)
leapseconds-announced,8, at Sun Jul 30 19:40:53 UTC 2017,4224 total (301 in the last 30 days)
learn-physics,15, at Sun Jan 19 19:41:43 UTC 2020,7765 total (468 in the last 30 days)
lens,145, at Thu Feb 13 19:25:01 UTC 2020,307203 total (7273 in the last 30 days)
lens-action,8, at Fri Sep 13 14:42:19 UTC 2019,6319 total (275 in the last 30 days)
lens-aeson,12, at Sat Sep  7 00:09:23 UTC 2019,24792 total (673 in the last 30 days)
lens-datetime,4, at Fri Apr 29 15:51:42 UTC 2016,3530 total (162 in the last 30 days)
lens-family,11, at Sun Feb 16 04:18:08 UTC 2020,10455 total (557 in the last 30 days)
lens-family-core,11, at Sun Feb 16 04:17:34 UTC 2020,13011 total (818 in the last 30 days)
lens-family-th,8, at Tue Jul  3 03:25:07 UTC 2018,8198 total (370 in the last 30 days)
lens-misc,0, at Mon Jul  2 12:22:56 UTC 2018,530 total (57 in the last 30 days)
lens-process,11, at Sat Sep 28 06:14:28 UTC 2019,2204 total (399 in the last 30 days)
lens-properties,3, at Tue Jan  9 17:41:13 UTC 2018,2673 total (115 in the last 30 days)
lens-regex,1, at Wed Jan  9 03:01:24 UTC 2019,1151 total (50 in the last 30 days)
lens-regex-pcre,8, at Fri Nov 15 20:10:53 UTC 2019,1788 total (262 in the last 30 days)
lens-simple,9, at Thu Jun 23 15:45:49 UTC 2016,6149 total (302 in the last 30 days)
lens-typelevel,2, at Mon Oct 29 21:57:37 UTC 2018,946 total (89 in the last 30 days)
lenz,13, at Thu Jan 16 18:25:16 UTC 2020,5179 total (499 in the last 30 days)
leveldb-haskell,19, at Mon May  8 21:51:51 UTC 2017,12807 total (547 in the last 30 days)
libffi,0, at Tue Mar 17 14:07:23 UTC 2009,16373 total (92 in the last 30 days)
libgit,2, at Thu May 14 08:51:06 UTC 2015,2411 total (87 in the last 30 days)
libgraph,11, at Sun Sep  3 15:46:48 UTC 2017,6335 total (360 in the last 30 days)
libmpd,31, at Mon Jan 27 06:11:20 UTC 2020,27442 total (1378 in the last 30 days)
liboath-hs,1, at Sat Mar 16 02:15:24 UTC 2019,790 total (59 in the last 30 days)
libraft,7, at Wed Mar 20 15:29:13 UTC 2019,2109 total (253 in the last 30 days)
libyaml,3, at Wed Feb  5 06:25:43 UTC 2020,6792 total (690 in the last 30 days)
LibZip,12, at Mon Aug 29 15:30:09 UTC 2016,10046 total (354 in the last 30 days)
lifted-async,31, at Sat Feb  8 00:39:43 UTC 2020,45182 total (1386 in the last 30 days)
lifted-base,32, at Wed Mar 14 20:14:11 UTC 2018,261023 total (1183 in the last 30 days)
lift-generics,3, at Tue Nov 26 13:57:04 UTC 2019,1935 total (111 in the last 30 days)
line,12, at Wed Sep 27 11:06:44 UTC 2017,6143 total (318 in the last 30 days)
linear,74, at Mon Feb  3 13:42:38 UTC 2020,74964 total (2480 in the last 30 days)
linear-circuit,4, at Mon Aug 12 11:49:28 UTC 2019,1437 total (120 in the last 30 days)
linux-file-extents,1, at Wed Feb 26 22:29:45 UTC 2014,1716 total (89 in the last 30 days)
linux-namespaces,4, at Thu Jun 21 20:00:01 UTC 2018,2945 total (151 in the last 30 days)
List,13, at Wed Sep 27 18:17:30 UTC 2017,32962 total (537 in the last 30 days)
ListLike,27, at Sun Nov 24 19:10:56 UTC 2019,43504 total (1345 in the last 30 days)
listsafe,1, at Wed May 13 19:00:34 UTC 2015,1619 total (94 in the last 30 days)
list-t,27, at Mon Sep 30 06:10:56 UTC 2019,22804 total (802 in the last 30 days)
ListTree,4, at Mon Dec 26 18:05:32 UTC 2016,3616 total (140 in the last 30 days)
list-witnesses,6, at Mon Aug 26 03:41:59 UTC 2019,1242 total (239 in the last 30 days)
llvm-hs,19, at Sat Sep 28 14:13:46 UTC 2019,8653 total (617 in the last 30 days)
llvm-hs-pure,12, at Fri Sep  6 05:54:48 UTC 2019,6537 total (564 in the last 30 days)
lmdb,6, at Fri Jan 23 16:21:56 UTC 2015,3956 total (205 in the last 30 days)
load-env,11, at Wed Jun 12 14:54:48 UTC 2019,6131 total (404 in the last 30 days)
loc,12, at Thu Nov 22 01:22:58 UTC 2018,5467 total (416 in the last 30 days)
locators,4, at Thu May  3 03:50:30 UTC 2018,4798 total (139 in the last 30 days)
loch-th,3, at Sun Apr  8 09:00:13 UTC 2018,8803 total (255 in the last 30 days)
