Name,Version Count
abstract-deque,9
abstract-deque-tests,1
abstract-par,3
accuerr,2
ace,7
action-permutations,2
active,35
ad,82
adjunctions,59
adler32,3
advent-of-code-api,20
aeson,76
aeson-attoparsec,1
aeson-better-errors,13
aeson-casing,8
aeson-compat,13
aeson-diff,12
aeson-extra,15
aeson-generic-compat,4
aeson-iproute,4
aeson-picker,6
aeson-pretty,25
aeson-qq,13
aeson-utils,7
aeson-yak,7
al,15
alarmclock,26
alerts,3
alex,28
alg,22
algebraic-graphs,12
Allure,34
almost-fix,4
alsa-core,2
alsa-mixer,8
alsa-pcm,9
alsa-seq,11
alternative-vector,1
alternators,5
ALUT,12
amqp,50
annotated-wl-pprint,6
ansi-terminal,38
ansi-wl-pprint,20
ANum,4
aos-signature,2
apecs,39
apecs-gloss,7
apecs-physics,9
api-field-json-th,3
appar,8
appendmap,5
apply-refact,9
apportionment,4
approximate,12
app-settings,18
arbor-lru-cache,2
arithmoi,31
array,14
array-memoize,2
arrow-extras,3
asciidiagram,14
ascii-progress,14
asif,17
asn1-encoding,12
asn1-parse,8
asn1-types,11
assert-failure,5
assoc,2
astro,7
async,19
async-extra,2
async-refresh,4
async-refresh-tokens,5
async-timer,3
atom-basic,8
atomic-primops,23
atomic-write,10
attoparsec,55
attoparsec-base64,1
attoparsec-binary,3
attoparsec-expr,4
attoparsec-ip,7
attoparsec-iso8601,2
attoparsec-path,2
attoparsec-uri,9
audacity,7
aur,24
authenticate,84
authenticate-oauth,26
auto,15
autoexporter,22
auto-update,16
avers,18
avers-api,9
avers-server,11
avro,45
avwx,6
aws-cloudfront-signed-cookies,4
aws-lambda-haskell-runtime,12
backprop,22
bank-holidays-england,12
barbies,14
barrier,2
base,28
base16-bytestring,8
base32string,2
base58string,3
base64-bytestring,12
base64-bytestring-type,2
base64-string,2
base-compat,33
base-compat-batteries,8
basement,12
base-noprelude,20
base-orphans,24
base-prelude,33
base-unicode-symbols,22
basic-prelude,25
bazel-runfiles,2
bbdb,8
bcrypt,11
beam-core,8
beam-migrate,8
beam-mysql,1
beam-postgres,6
beam-sqlite,9
bench,14
benchpress,16
bench-show,5
bencode,10
bencoding,17
between,5
bibtex,13
bifunctors,41
bimap,11
bimap-server,2
binary,47
binary-bits,5
binary-conduit,13
binary-ext,8
binary-ieee754,1
binary-list,28
binary-orphans,13
binary-parser,5
binary-parsers,7
binary-search,7
binary-shared,4
binary-tagged,12
bindings-DSL,26
bindings-GLFW,22
bindings-libzip,10
bindings-uname,1
bins,4
bitarray,2
bitcoin-block,4
bitcoin-script,5
bitcoin-tx,7
bitcoin-types,3
bits,11
bitset-word8,4
bits-extra,9
bitvec,13
bitx-bitcoin,21
blake2,3
blas-carray,5
blas-comfort-array,3
blas-ffi,5
blas-hs,2
blaze-bootstrap,2
blaze-builder,25
blaze-colonnade,7
blaze-html,59
blaze-markup,28
blaze-svg,13
blaze-textual,12
bmp,21
board-games,10
boltzmann-samplers,2
Boolean,10
boolean-like,2
boolean-normal-forms,4
boolsimplifier,5
boots,10
bordacount,1
boring,5
both,2
bound,33
BoundedChan,7
bounded-queue,1
boundingboxes,6
bower-json,12
boxes,6
brick,88
brittany,9
bsb-http-chunked,6
bson,27
bson-lens,2
btrfs,9
buffer-builder,19
buffer-pipe,1
bugsnag-haskell,8
bulletproofs,8
butcher,14
butter,6
bv,8
bv-little,7
byteable,2
bytedump,2
byteorder,5
bytes,38
byteset,2
bytestring,29
bytestring-builder,10
bytestring-conversion,6
bytestring-lexing,16
bytestring-strict-builder,6
bytestring-to-vector,2
bytestring-tree-builder,15
bzlib,11
bzlib-conduit,12
c2hs,30
Cabal,60
cabal2nix,110
cabal2spec,16
cabal-doctest,9
cabal-file-th,7
cabal-install,56
cabal-rpm,70
cache,7
cacophony,14
calendar-recycling,2
call-stack,2
ca-province-codes,1
carray,18
cased,1
case-insensitive,31
cases,7
casing,9
cassava,24
cassava-conduit,17
cassava-megaparsec,4
cassava-records,5
cast,3
caster,4
category,14
cayley-client,29
cborg,5
cborg-json,4
cereal,23
cereal-conduit,19
cereal-text,3
cereal-time,1
cereal-vector,3
cfenv,1
cgi,34
chan,6
ChannelT,8
charset,21
charsetdetect-ae,7
Chart,43
Chart-diagrams,25
chaselev-deque,6
cheapskate,9
cheapskate-highlight,1
cheapskate-lucid,1
check-email,3
checkers,39
checksum,1
chimera,2
chiphunk,7
choice,5
chronologique,4
chronos,15
chronos-bench,4
chunked-data,5
cipher-aes,21
cipher-aes128,25
cipher-blowfish,3
cipher-camellia,2
cipher-des,6
cipher-rc4,5
circle-packing,7
cisco-spark-api,5
classyplate,9
classy-prelude,68
classy-prelude-conduit,48
classy-prelude-yesod,43
clay,26
clientsession,42
Clipboard,12
clock,25
clock-extras,3
closed,3
clr-host,4
clr-marshal,2
clumpiness,3
cmark,29
cmark-gfm,11
cmdargs,47
codec,4
codec-beam,3
codec-rpm,7
code-page,5
codo-notation,2
coercible-utils,2
co-log,5
co-log-core,5
colonnade,15
colorful-monoids,7
colorize-haskell,2
colour,13
columnar,1
combinatorial,3
comfort-array,11
comfort-graph,9
commutative,7
comonad,55
compact,2
compactmap,7
compensated,16
compiler-warnings,1
composable-associations,1
composable-associations-aeson,1
composition,9
composition-extra,12
concise,2
concurrency,23
concurrent-extra,23
concurrent-output,35
concurrent-split,5
concurrent-supply,9
cond,11
conduit,122
conduit-algorithms,17
conduit-combinators,44
conduit-concurrent-map,2
conduit-extra,64
conduit-iconv,5
conduit-parse,8
conduit-throttle,4
conduit-zstd,2
config-ini,11
configuration-tools,21
configurator,7
configurator-export,2
configurator-pg,7
connection,16
connection-pool,8
console-style,4
constraint,8
constraints,26
containers,35
contravariant,37
contravariant-extras,9
control-bool,3
control-dsl,7
control-monad-free,12
control-monad-omega,5
convertible,14
cookie,21
core-data,6
core-text,7
countable,3
country,8
courier,21
cpio-conduit,1
cpphs,43
cprng-aes,18
cpu,3
cpuinfo,2
cql,12
cql-io,21
crackNum,15
crc32c,1
credential-store,3
criterion,57
criterion-measurement,3
cron,22
crypto-api,40
crypto-api-tests,3
cryptocipher,31
crypto-cipher-tests,11
crypto-cipher-types,9
cryptocompare,5
crypto-enigma,28
cryptohash,39
cryptohash-cryptoapi,5
cryptohash-md5,4
cryptohash-sha1,4
cryptohash-sha256,5
cryptohash-sha512,1
cryptonite,27
cryptonite-conduit,4
cryptonite-openssl,7
crypto-numbers,12
crypto-pubkey,14
crypto-pubkey-openssh,10
crypto-pubkey-types,13
crypto-random,9
crypto-random-api,2
crypt-sha512,1
csp,4
css-syntax,8
css-text,9
csv,3
ctrie,6
cubicbezier,13
cubicspline,3
cublas,9
cuckoo-filter,5
cuda,39
cue-sheet,6
cufft,12
curl,11
currencies,5
currency,2
cusparse,3
cutter,1
cyclotomic,14
czipwith,4
data-accessor,26
data-accessor-mtl,5
data-accessor-template,22
data-accessor-transformers,9
data-binary-ieee754,8
data-bword,2
data-checked,3
data-clist,17
data-default,12
data-default-class,4
data-default-instances-containers,1
data-default-instances-dlist,1
data-default-instances-old-locale,1
data-diverse,35
data-diverse-lens,24
datadog,6
data-dword,9
data-endian,3
data-fix,7
data-has,4
data-inttrie,12
data-lens-light,7
data-memocombinators,11
data-msgpack,12
data-msgpack-types,3
data-or,3
data-ordlist,13
data-ref,6
data-reify,7
data-serializer,7
datasets,13
data-textual,6
data-tree-print,3
dataurl,1
DAV,30
dbcleaner,4
DBFunctor,3
dbus,34
debian-build,29
debug,5
debug-trace-var,2
dec,1
decidable,11
Decimal,9
declarative,11
deepseq,16
deepseq-generics,5
deferred-folds,45
dejafu,69
dense-linear-algebra,1
dependent-map,11
dependent-sum,15
dependent-sum-template,6
deque,21
deriveJsonNoPrefix,2
deriving-compat,25
derulo,11
detour-via-sci,1
dhall,47
dhall-bash,28
dhall-json,31
diagrams,25
diagrams-contrib,47
diagrams-core,39
diagrams-lib,60
diagrams-postscript,33
diagrams-rasterific,24
diagrams-solve,3
diagrams-svg,48
di-core,5
dictionary-sharing,1
Diff,11
digest,12
digits,4
dimensional,29
di-monad,7
directory,42
directory-tree,12
direct-sqlite,32
discount,2
disk-free-space,2
distributed-closure,14
distribution-nixpkgs,7
distribution-opensuse,3
distributive,25
dl-fedora,6
dlist,22
dlist-instances,3
dlist-nonempty,2
dns,49
dockerfile,3
docopt,9
doctemplates,18
doctest,51
doctest-discover,12
doctest-driver-gen,11
doldol,4
do-list,6
dom-parser,7
do-notation,3
dotenv,41
dotgen,7
dotnet-timespan,1
double-conversion,9
download,13
drinkery,7
dsp,9
dual,7
dual-tree,20
dublincore-xml-conduit,4
dunai,11
dunai-core,1
duration,1
dvorak,1
dynamic-state,12
dyre,21
eap,7
Earley,18
easy-file,5
easytest,5
Ebnf2ps,8
echo,4
ecstasy,8
ed25519,5
edit-distance,9
edit-distance-vector,5
editor-open,11
either,42
either-both,3
ekg,29
ekg-core,12
ekg-json,7
ekg-statsd,11
elerea,24
elf,11
eliminators,8
elm2nix,4
elm-bridge,14
elm-core-sources,1
elm-export,13
emacs-module,2
email-validate,37
emd,17
enclosed-exceptions,7
ENIG,2
entropy,25
enummapset,8
enumset,7
enum-subset-generate,1
enum-text,3
enum-text-rio,2
envelope,5
envy,19
epub-metadata,17
eq,28
equal-files,9
erf,3
errors,28
errors-ext,9
error-util,2
ersatz,21
esqueleto,99
etc,13
eventful-core,5
eventful-memory,5
eventful-sql-common,5
eventful-sqlite,5
eventful-test-helpers,5
event-list,18
eventstore,63
every,2
exact-combinatorics,5
exact-pi,17
exceptional,16
exception-mtl,10
exceptions,27
exception-transformers,15
executable-hash,6
executable-path,5
exit-codes,3
exomizer,1
expiring-cache-map,5
explicit-exception,19
exp-pairs,11
extensible-exceptions,6
extra,56
extractable-singleton,3
extrapolate,13
fail,1
failable,13
fakedata,10
farmhash,6
fast-builder,13
fast-digits,4
fast-logger,46
fast-math,4
fb,88
fclabels,53
feature-flags,2
fedora-dists,7
feed,30
FenwickTree,4
fft,19
fgl,21
fib,1
filecache,15
file-embed,29
file-embed-lzma,1
filelock,6
filemanip,6
file-modules,7
filepath,17
filepattern,3
fileplow,1
filter-logger,6
filtrable,9
fin,6
FindBin,5
fingertree,15
finite-typelits,8
first-class-families,9
first-class-patterns,10
fitspec,13
fixed,6
fixed-length,8
fixed-vector,32
fixed-vector-hetero,8
flac,4
flac-picture,3
flags-applicative,14
flat-mcmc,12
flay,4
flexible-defaults,8
FloatingHex,5
floatshow,7
flow,19
fmlist,13
fmt,13
fmt-for-rio,1
fn,14
focus,13
focuslist,3
foldable1,1
fold-debounce,11
fold-debounce-conduit,11
foldl,39
folds,14
follow-file,5
FontyFruity,20
force-layout,24
foreign-store,3
forkable-monad,6
forma,7
format-numbers,2
formatting,32
foundation,25
free,57
freenect,6
freer-simple,7
freetype2,4
free-vl,5
friendly-time,6
frisby,5
from-sum,7
frontmatter,3
fsnotify,26
fsnotify-conduit,3
funcmp,10
function-builder,10
functor-classes-compat,1
functor-combinators,5
fused-effects,15
fuzzcheck,1
fuzzy-dates,6
fuzzyset,11
galois-field,8
gauge,10
gc,4
gd,15
gdp,3
general-games,10
generic-arbitrary,1
generic-data,11
generic-data-surgery,2
generic-deriving,39
generic-lens,17
GenericPretty,19
generic-random,13
generics-eot,8
generics-mrsop,6
generics-sop,21
generics-sop-lens,5
genvalidity,29
genvalidity-aeson,6
genvalidity-bytestring,10
genvalidity-containers,16
genvalidity-hspec,26
genvalidity-hspec-aeson,12
genvalidity-hspec-binary,7
genvalidity-hspec-cereal,8
genvalidity-hspec-hashable,8
genvalidity-hspec-optics,5
genvalidity-path,10
genvalidity-property,11
genvalidity-scientific,6
genvalidity-text,14
genvalidity-time,12
genvalidity-unordered-containers,8
genvalidity-uuid,5
genvalidity-vector,8
geojson,19
getopt-generics,28
ghc,8
ghc-boot,12
ghc-boot-th,12
ghc-compact,1
ghc-core,15
ghc-exactprint,30
ghci,11
ghcid,38
ghci-hexcalc,4
ghcjs-codemirror,2
ghc-lib,26
ghc-lib-parser,23
ghc-parser,13
ghc-paths,11
ghc-prim,7
ghc-prof,19
ghc-syntax-highlighter,7
ghc-tcplugins-extra,12
ghc-typelits-extra,16
ghc-typelits-knownnat,18
ghc-typelits-natnormalise,32
ghost-buster,1
gi-atk,30
gi-cairo,31
gi-gdk,33
gi-gdkpixbuf,32
gi-gio,36
gi-glib,36
gi-gobject,32
gi-gtk,44
gi-gtk-hs,17
gi-gtksource,23
gi-javascriptcore,51
ginger,54
gingersnap,18
gi-pango,32
githash,8
github-release,31
github-types,8
github-webhooks,6
gitrev,5
gi-vte,34
gl,26
glabrous,22
glaze,5
glazier,14
GLFW-b,44
Glob,31
gloss,55
gloss-algorithms,9
gloss-examples,48
gloss-raster,30
gloss-rendering,14
GLURaw,17
GLUT,36
gnuplot,31
google-isbn,8
google-oauth2-jwt,12
gpolyline,2
graph-core,6
graphite,25
graphs,18
graphviz,49
graph-wrapper,15
gravatar,11
graylog,2
greskell,13
greskell-core,12
greskell-websocket,6
groom,4
groundhog,30
groundhog-inspector,11
groundhog-mysql,19
groundhog-postgresql,29
groundhog-sqlite,24
groundhog-th,29
group-by-date,6
grouped-list,13
groups,7
guarded-allocation,2
gym-http-api,2
H,4
hackage-db,17
hackage-security,12
haddock-library,17
hadolint,38
half,10
hamilton,4
hamtsolo,4
HandsomeSoup,10
hapistrano,39
happy,27
hasbolt,26
hashable,34
hashable-time,5
hashids,5
hashmap,15
hashtables,27
haskeline,52
haskell-gi,34
haskell-gi-base,37
haskell-gi-overloading,2
haskell-lexer,4
haskell-lsp,29
haskell-lsp-types,25
haskell-names,36
haskell-spacegoo,3
haskell-src,10
haskell-src-exts,89
haskell-src-exts-util,9
haskell-src-meta,47
haskey-btree,6
haskintex,18
haskoin-core,28
hasql,70
hasql-optparse-applicative,13
hasql-pool,12
hasql-transaction,24
hasty-hamiltonian,9
HaTeX,49
haxl,13
hbeanstalk,6
HCodecs,14
hdaemonize,19
HDBC,25
HDBC-mysql,20
HDBC-session,7
heap,16
heaps,14
hebrew-time,7
hedgehog,16
hedgehog-corpus,2
hedgehog-fn,3
hedis,68
hedn,15
here,16
heredoc,3
heterocephalus,16
hex,3
hexml,7
hexml-lens,4
hexpat,46
hexstring,4
hformat,8
hfsevents,7
hidapi,6
hidden-char,3
hi-file-parser,1
higher-leveldb,16
highlighting-kate,64
hinfo,3
hinotify,16
hint,36
hjsmin,38
hkgr,15
hledger,79
hledger-iadd,24
hledger-interest,13
hledger-lib,67
hledger-ui,38
hledger-web,70
hlibgit2,31
hlibsass,14
hlint,189
hmatrix,58
hmatrix-backprop,9
hmatrix-gsl,9
hmatrix-gsl-stats,37
hmatrix-morpheus,6
hmatrix-vector-sized,8
hmm-lapack,5
hmpfr,23
hoauth2,63
Hoed,16
hoogle,92
hOpenPGP,81
hopenpgp-tools,49
hopenssl,16
hopfli,5
hosc,21
hostname,1
hostname-validate,1
hourglass,16
hourglass-orphans,1
hp2pretty,11
hpack,65
hpack-dhall,7
hpc,13
hquantlib-time,3
hreader,8
hreader-lens,4
hruby,35
hsass,10
hs-bibutils,20
hsc2hs,8
hschema,2
hschema-aeson,2
hschema-prettyprinter,2
hschema-quickcheck,2
hscolour,26
hsdev,70
hsdns,13
hsebaysdk,6
hsemail,18
hset,12
HSet,2
hsexif,29
hs-functors,8
hs-GeoIP,3
hsini,11
hsinstall,12
HSlippyMap,16
hslogger,28
hslua,37
hslua-aeson,9
hslua-module-system,4
hslua-module-text,6
HsOpenSSL,69
HsOpenSSL-x509-system,4
hsp,18
hspec,117
hspec-attoparsec,3
hspec-checkers,3
hspec-contrib,8
hspec-core,45
hspec-discover,55
hspec-expectations,21
hspec-expectations-lifted,4
hspec-expectations-pretty-diff,5
hspec-golden-aeson,13
hspec-leancheck,3
hspec-megaparsec,11
hspec-meta,47
hspec-need-env,5
hspec-pg-transact,3
hspec-smallcheck,9
hspec-wai,24
hspec-wai-json,10
hs-php-session,5
hsshellscript,13
hstatsd,1
HStringTemplate,35
HSvm,4
HsYAML,8
hsyslog,12
htaglib,10
HTF,58
html,3
html-conduit,25
html-email-validate,2
html-entities,15
html-entity-map,2
htoml,10
HTTP,63
http2,44
http-api-data,26
http-client,115
http-client-tls,24
http-common,5
http-conduit,138
http-date,10
http-directory,9
http-download,3
httpd-shed,8
http-link-header,7
http-media,18
http-reverse-proxy,43
http-streams,31
http-types,45
human-readable-duration,11
HUnit,20
HUnit-approx,4
hunit-dejafu,32
hvect,5
hvega,13
hw-balancedparens,20
hw-bits,39
hw-conduit,12
hw-conduit-merges,1
hw-diagnostics,6
hw-dsv,13
hweblib,9
hw-eliasfano,5
hw-excess,11
hw-fingertree,6
hw-fingertree-strict,8
hw-hedgehog,6
hw-hspec-hedgehog,10
hw-int,3
hw-ip,28
hw-json,32
hw-json-simd,5
hw-mquery,7
hw-packed-vector,6
hw-parser,7
hw-prim,84
hw-rankselect,35
hw-rankselect-base,14
hw-simd,11
hw-streams,12
hw-string-parse,4
hw-succinct,14
hxt,47
hxt-charproperties,7
hxt-css,4
hxt-curl,4
hxt-expat,2
hxt-http,9
hxt-regex-xmlschema,8
hxt-tagsoup,7
hxt-unicode,6
hybrid-vectors,6
hyper,4
hyperloglog,20
hyphenation,22
hyraxAbif,11
iconv,7
identicon,4
ieee754,9
if,1
iff,6
ihaskell,41
ihs,4
ilist,5
imagesize-conduit,12
Imlib,3
immortal,5
include-file,5
incremental-parser,25
indentation-core,3
indentation-parsec,3
indents,11
indexed,4
indexed-list-literals,7
infer-license,2
inflections,19
influxdb,63
ini,16
inj,1
inline-c,38
inline-c-cpp,16
inline-r,16
inliterate,1
insert-ordered-containers,6
inspection-testing,15
instance-control,4
int-cast,4
integer-gmp,5
integer-logarithms,6
integration,5
intern,21
interpolate,8
interpolatedstring-perl6,12
interpolatedstring-qq2,1
interpolation,7
interpolator,4
IntervalMap,24
intervals,28
intro,29
intset-imperative,1
invariant,16
invertible,9
invertible-grammar,3
io-choice,8
io-machine,2
io-manager,3
io-memoize,3
io-region,2
io-storage,1
io-streams,41
io-streams-haproxy,4
ip,36
ip6addr,19
iproute,31
IPv6Addr,23
ipynb,1
ipython-kernel,19
irc,14
irc-client,32
irc-conduit,20
irc-ctcp,5
islink,1
iso3166-country-codes,10
iso639,4
iso8601-time,6
iterable,3
ixset-typed,11
ix-shapable,1
jack,14
jailbreak-cabal,9
jose,29
jose-jwt,22
js-dgtable,1
js-flot,1
js-jquery,13
json,15
json-alt,1
json-autotype,51
json-feed,14
jsonpath,4
json-rpc,32
json-rpc-client,10
json-rpc-generic,11
json-rpc-server,14
JuicyPixels,62
JuicyPixels-extra,8
JuicyPixels-scale-dct,5
justified-containers,7
jwt,21
kan-extensions,53
kanji,12
katip,33
kawhi,7
kazura-queue,5
kdt,6
keycode,5
keys,37
kind-apply,5
kind-generics,6
kind-generics-th,4
kleene,2
kmeans,4
koofr-client,6
kraken,4
l10n,3
labels,9
lackey,27
lambdabot-core,8
lambdabot-irc-plugins,7
LambdaHack,37
lame,3
language-c,22
language-c-quote,52
language-docker,19
language-ecmascript,23
language-haskell-extract,6
language-java,11
language-javascript,62
language-nix,5
language-puppet,84
lapack,12
lapack-carray,5
lapack-comfort-array,2
lapack-ffi,3
lapack-ffi-tools,7
largeword,14
latex,5
lattices,16
lawful,1
lazy-csv,3
lazyio,11
lca,9
leancheck,23
leancheck-instances,3
leapseconds-announced,9
learn-physics,16
lens,146
lens-action,9
lens-aeson,13
lens-datetime,5
lens-family,12
lens-family-core,12
lens-family-th,9
lens-misc,1
lens-process,12
lens-properties,4
lens-regex,2
lens-regex-pcre,9
lens-simple,10
lens-typelevel,3
lenz,14
leveldb-haskell,20
libffi,1
libgit,3
libgraph,12
libmpd,32
liboath-hs,2
libraft,8
libyaml,4
LibZip,13
lifted-async,32
lifted-base,33
lift-generics,4
line,13
linear,75
linear-circuit,5
linux-file-extents,2
linux-namespaces,5
List,14
ListLike,28
listsafe,2
list-t,28
ListTree,5
list-witnesses,7
llvm-hs,20
llvm-hs-pure,13
lmdb,7
load-env,12
loc,13
locators,5
loch-th,4
lockfree-queue,5
log-base,7
log-domain,31
logfloat,25
logger-thread,3
logging-effect,23
logging-facade,5
logging-facade-syslog,1
logict,18
loop,3
loopbreaker,2
lrucache,16
lrucaching,7
lsp-test,28
lucid,31
lucid-extras,5
lxd-client-config,2
lzma,4
lzma-conduit,21
machines,22
machines-binary,4
machines-directory,10
machines-io,10
magico,7
mainland-pretty,31
main-tester,3
makefile,13
managed,9
markdown,30
markdown-unlit,9
markov-chain,7
massiv,35
massiv-io,12
massiv-test,4
mathexpr,4
math-functions,21
matplotlib,19
matrices,11
matrix,20
matrix-market-attoparsec,14
matrix-static,5
maximal-cliques,2
mbox,6
mbtiles,5
mcmc-types,4
median-stream,7
megaparsec,31
megaparsec-tests,2
mega-sdist,29
memory,33
MemoTrie,26
menshen,5
mercury-api,3
merkle-tree,2
mersenne-random-pure64,9
messagepack,11
metrics,9
mfsolve,6
microformats2-parser,13
microlens,38
microlens-aeson,15
microlens-contra,3
microlens-ghc,23
microlens-mtl,20
microlens-platform,29
microlens-process,9
microlens-th,27
microspec,8
microstache,3
midair,5
midi,27
midi-music-box,8
mighty-metropolis,7
mime-mail,40
mime-mail-ses,28
mime-types,10
minimorph,10
minio-hs,17
miniutter,11
mintty,4
miso,47
missing-foreign,2
MissingH,26
mixed-types-num,16
mltool,5
mmap,13
mmark,24
mmark-cli,5
mmark-ext,9
mmorph,15
mmtf,6
mnist-idx,6
mockery,10
modern-uri,13
modular,9
monad-control,29
monad-control-aligned,3
monad-coroutine,13
monad-extras,19
monadic-arrays,9
monad-journal,24
monad-logger,61
monad-logger-json,1
monad-logger-prefix,12
monad-logger-syslog,8
monad-loops,10
monad-memo,8
monad-metrics,10
monad-par,17
monad-parallel,14
monad-par-extras,3
monad-peel,6
monad-products,11
MonadPrompt,6
MonadRandom,29
monad-skeleton,11
monad-st,10
monads-tf,6
monad-time,4
monad-unlift,5
monad-unlift-ref,2
mongoDB,64
monoidal-containers,19
monoid-extras,34
monoid-subclasses,33
monoid-transformer,4
mono-traversable,58
mono-traversable-instances,1
mono-traversable-keys,1
more-containers,14
mountpoints,3
mpi-hs,9
msgpack,28
msgpack-aeson,1
mtl,17
mtl-compat,7
mtl-prelude,10
multiarg,24
multimap,4
multipart,6
multiset,11
multistate,15
murmur3,4
murmur-hash,8
MusicBrainz,12
mustache,26
mutable-containers,14
mwc-probability,16
mwc-probability-transition,7
mwc-random,34
mysql,18
mysql-haskell,18
mysql-haskell-nem,1
mysql-simple,22
n2o,2
nagios-check,6
named,4
names-th,11
nano-erl,2
nanospec,4
nats,8
natural-induction,4
natural-sort,3
natural-transformation,5
ndjson-conduit,6
neat-interpolation,22
netlib-carray,4
netlib-comfort-array,2
netlib-ffi,4
netpbm,8
netrc,2
nettle,5
netwire,27
netwire-input,6
netwire-input-glfw,9
network,73
network-anonymous-i2p,4
network-attoparsec,10
network-bsd,3
network-byte-order,8
network-conduit-tls,31
network-house,3
network-info,13
network-ip,8
network-messagepack-rpc,7
network-multicast,19
network-simple,18
network-simple-tls,9
network-transport,16
network-transport-composed,3
network-uri,10
newtype,4
newtype-generics,12
nicify-lib,2
NineP,4
nix-paths,3
NoHoed,2
nonce,8
nondeterminism,3
non-empty,11
nonempty-containers,7
nonemptymap,5
non-empty-sequence,3
non-negative,12
not-gloss,34
no-value,1
nowdoc,6
nqe,9
nsis,13
numbers,19
numeric-extras,6
numeric-prelude,26
numhask,22
NumInstances,4
numtype-dk,3
nuxeo,13
nvim-hs,22
nvim-hs-contrib,5
nvvm,8
oauthenticated,10
ObjectName,5
oblivious-transfer,1
odbc,11
oeis,16
oeis2,5
ofx,6
old-locale,8
old-time,11
once,4
one-liner,20
one-liner-instances,5
OneTuple,5
Only,1
oo-prototypes,1
opaleye,27
OpenAL,16
open-browser,7
openexr-write,3
OpenGL,36
OpenGLRaw,42
openpgp-asciiarmor,4
opensource,2
openssl-streams,10
open-witness,5
operational,15
operational-class,5
optional-args,3
options,7
optparse-applicative,40
optparse-enum,1
optparse-generic,15
optparse-simple,9
optparse-text,2
ordered-containers,6
oset,5
overhang,1
packcheck,8
pager,2
pagination,4
pairing,12
palette,9
pandoc,142
pandoc-citeproc,94
pandoc-csv2table,9
pandoc-markdown-ghci-filter,1
pandoc-pyplot,21
pandoc-types,56
pantry,7
parallel,20
parallel-io,12
paripari,8
parseargs,16
parsec,21
parsec-class,1
parsec-numbers,7
parsec-numeric,1
ParsecTools,1
parser-combinators,12
parser-combinators-tests,4
parsers,38
partial-handler,6
partial-isomorphisms,4
partial-semigroup,13
password,3
password-instances,5
path,23
path-extra,12
path-io,20
path-pieces,10
path-text-utf8,5
pathtype,17
pathwalk,9
pattern-arrows,2
pcf-font,5
pcf-font-embed,3
pcg-random,11
pcre-heavy,10
pcre-light,12
pcre-utils,14
pdfinfo,12
peano,2
pedersen-commitment,2
pem,8
pencil,6
percent-format,1
peregrin,4
perfect-hash-generator,13
persist,6
persistable-record,29
persistable-types-HDBC-pg,14
persistent,140
persistent-iproute,4
persistent-mysql,54
persistent-mysql-haskell,17
persistent-pagination,3
persistent-postgresql,93
persistent-qq,3
persistent-sqlite,86
persistent-template,103
persistent-typed-db,4
pg-harness-client,5
pg-harness-server,8
pgp-wordlist,4
pg-transact,9
phantom-state,7
pid1,4
pinboard,50
pipes,41
pipes-aeson,14
pipes-attoparsec,15
pipes-binary,13
pipes-bytestring,13
pipes-category,5
pipes-concurrency,17
pipes-csv,8
pipes-extras,16
pipes-fastx,1
pipes-fluid,9
pipes-group,13
pipes-http,7
pipes-misc,13
pipes-network,19
pipes-network-tls,6
pipes-parse,14
pipes-random,6
pipes-safe,20
pipes-wai,4
pkcs10,8
placeholders,1
planb-token-introspection,5
plotlyhs,3
pointed,31
pointedlist,17
pointless-fun,4
poll,2
poly,7
poly-arity,10
polynomials-bernstein,4
polyparse,16
polysemy,23
polysemy-plugin,13
polysemy-zoo,13
pooled-io,8
port-utils,7
posix-paths,14
possibly,2
postgresql-binary,34
postgresql-libpq,28
postgresql-orm,13
postgresql-schema,13
postgresql-simple,69
postgresql-simple-migration,16
postgresql-simple-queue,12
postgresql-simple-url,4
postgresql-transactional,2
postgresql-typed,19
post-mess-age,3
pptable,4
pqueue,14
prefix-units,4
prelude-compat,4
prelude-safeenum,5
present,11
pretty,17
prettyclass,1
pretty-class,3
pretty-hex,2
prettyprinter,17
prettyprinter-ansi-terminal,8
prettyprinter-compat-annotated-wl-pprint,3
prettyprinter-compat-ansi-wl-pprint,4
prettyprinter-compat-wl-pprint,3
prettyprinter-convert-ansi-wl-pprint,1
pretty-show,38
pretty-simple,28
pretty-sop,6
pretty-types,13
primes,5
primitive,24
primitive-extras,39
prim-uniq,2
probability,13
process,29
process-extras,28
product-isomorphic,6
product-profunctors,11
profiterole,1
profunctors,40
projectroot,3
project-template,12
prometheus-client,6
promises,4
prompt,5
prospect,1
protobuf,13
protobuf-simple,7
protocol-buffers,60
protocol-buffers-descriptor,53
protocol-radius,2
protocol-radius-test,3
proto-lens,19
proto-lens-arbitrary,16
proto-lens-optparse,12
proto-lens-protobuf-types,10
proto-lens-protoc,23
proto-lens-runtime,5
proto-lens-setup,4
protolude,17
proxied,5
psql-helpers,1
psqueues,19
pureMD5,21
purescript-bridge,28
pure-zlib,11
pushbullet-types,6
pusher-http-haskell,30
qchas,5
qm-interpolated-string,5
qnap-decrypt,6
qrcode-core,4
qrcode-juicypixels,1
quadratic-irrational,7
QuasiText,6
quickbench,1
QuickCheck,56
quickcheck-arbitrary-adt,4
quickcheck-assertions,4
quickcheck-classes,34
quickcheck-instances,26
quickcheck-io,6
quickcheck-simple,8
quickcheck-special,7
quickcheck-state-machine,11
quickcheck-text,5
quickcheck-transformer,2
quickcheck-unicode,3
radius,12
rainbow,36
rainbox,23
ramus,4
rando,4
random,9
random-bytestring,8
random-fu,22
random-shuffle,3
random-source,5
random-tree,1
range,11
Ranged-sets,6
range-set-list,13
rank1dynamic,10
rank2classes,16
Rasterific,30
rasterific-svg,20
ratel,26
ratel-wai,15
rattle,1
rattletrap,75
rawfilepath,7
rawstring-qm,9
raw-strings-qq,4
rcu,7
rdf,4
re2,3
readable,9
read-editor,3
read-env-var,3
reanimate,13
reanimate-svg,17
rebase,46
record-dot-preprocessor,9
record-hasfield,1
records-sop,4
recursion-schemes,41
reducers,32
refact,5
references,14
reflection,48
RefSerialize,18
regex,34
regex-applicative,17
regex-applicative-text,2
regex-base,11
regex-compat,8
regex-compat-tdfa,5
regex-pcre,11
regex-pcre-builtin,11
regex-pcre-text,2
regex-posix,18
regex-tdfa,26
regex-tdfa-text,4
regex-with-pcre,24
registry,36
reinterpret-cast,1
relapse,8
relational-query,94
relational-query-HDBC,42
relational-record,22
relational-schemas,23
relude,7
renderable,5
repa,42
repa-algorithms,23
repa-io,22
replace-attoparsec,5
replace-megaparsec,12
repline,10
req,15
req-conduit,4
require,9
rerebase,18
resistor-cube,8
resource-pool,13
resourcet,54
result,9
rethinkdb-client-driver,24
retry,28
rev-state,3
rfc1751,3
rfc5051,5
rg,3
rhine,13
rhine-gloss,7
rigel-viz,2
rio,23
rio-orphans,2
rio-prettyprint,1
roc-id,1
rocksdb-haskell,3
rocksdb-query,8
roles,1
rope-utf16-splay,3
rosezipper,2
rot13,6
rpmbuild-order,4
RSA,24
runmemo,2
rvar,4
s3-signer,5
safe,20
safecopy,38
safe-exceptions,8
safe-exceptions-checked,1
safe-foldable,1
safeio,5
safe-json,3
safe-money,12
SafeSemaphore,8
salak,39
salak-toml,18
salak-yaml,18
saltine,11
salve,17
sample-frame,3
sample-frame-np,7
sampling,6
sandman,4
say,2
sbp,63
sbv,92
scalpel,18
scalpel-core,4
scanf,1
scanner,4
scheduler,9
scientific,47
scotty,34
scrypt,13
sdl2,26
sdl2-gfx,1
sdl2-image,6
sdl2-mixer,2
sdl2-ttf,9
secp256k1-haskell,9
securemem,11
selda,33
selda-json,2
selda-postgresql,16
selda-sqlite,13
selective,4
semialign,2
semigroupoid-extras,19
semigroupoids,57
semigroups,62
semirings,20
semiring-simple,5
semver,11
sendfile,21
seqalign,6
serf,2
serialise,4
servant,41
servant-auth,11
servant-auth-docs,10
servant-auth-server,24
servant-auth-swagger,6
servant-auth-wordpress,2
servant-blaze,19
servant-cassava,11
servant-checked-exceptions,13
servant-checked-exceptions-core,3
servant-cli,3
servant-client,37
servant-client-core,8
servant-conduit,1
servant-docs,36
servant-elm,15
servant-foreign,18
servant-http-streams,3
servant-js,15
servant-JuicyPixels,8
servant-kotlin,14
servant-lucid,21
servant-machines,1
servant-mock,20
servant-multipart,8
servant-pipes,2
servant-rawm,7
servant-ruby,15
servant-server,41
servant-static-th,13
servant-swagger,21
servant-swagger-ui,14
servant-swagger-ui-core,4
servant-swagger-ui-redoc,4
servant-tracing,3
servant-xml,6
servant-yaml,2
serversession,2
serversession-frontend-wai,1
servius,19
ses-html,8
set-cover,12
setenv,5
setlocale,12
sexp-grammar,15
sexpr-parser,5
SHA,23
shake,100
shake-language-c,18
shakespeare,66
shared-memory,2
ShellCheck,21
shell-conduit,17
shell-escape,4
shellmet,4
shelltestrunner,20
shelly,133
shikensu,18
shortcut-links,8
should-not-typecheck,6
show-combinators,2
shower,4
show-prettyprint,13
siggy-chardust,1
signal,6
silently,16
simple,21
simple-cabal,4
simple-cmd,9
simple-cmd-args,7
simple-log,37
simple-reflect,6
simple-sendfile,39
simple-session,9
simple-templates,7
simple-vec3,18
simplistic-generics,1
since,1
singleton-bool,6
singleton-nats,14
singletons,30
siphash,4
size-based,3
sized-grid,7
skein,28
skews,4
skip-var,2
skylighting,51
skylighting-core,21
slack-web,13
smallcheck,19
smallcheck-series,8
smoothie,30
snap-blaze,10
snap-core,75
snap-server,91
snowflake,3
soap,27
soap-tls,5
socket-activation,3
socks,15
sop-core,2
sort,3
sorted-list,13
sourcemap,9
sox,17
soxlib,8
sparse-linear-algebra,29
spatial-math,24
special-values,1
speculate,19
speedy-slice,8
sphinx,26
Spintax,8
splice,12
split,22
splitmix,5
spoon,4
spreadsheet,14
sqlite-simple,31
sqlite-simple-errors,7
sql-words,15
srcloc,15
stache,22
stack,47
starter,4
state-codes,4
stateref,2
statestack,7
StateVar,11
static-text,6
statistics,58
stb-image-redux,11
step-function,7
stm,18
stm-chans,14
stm-conduit,38
stm-delay,3
stm-extras,5
stm-split,6
stopwatch,7
storable-complex,5
storable-record,11
storable-tuple,6
storablevector,28
store,26
store-core,10
Strafunski-StrategyLib,11
stratosphere,78
streaming,39
streaming-attoparsec,2
streaming-bytestring,22
streaming-cassava,2
streaming-commons,45
streaming-wai,2
streamly,15
streamproc,8
streams,33
strict,5
strict-base-types,10
strict-concurrency,9
strict-list,7
stringbuilder,6
string-class,7
string-combinators,11
string-conv,3
string-conversions,9
string-interpolate,4
string-qq,2
stringsearch,17
string-transform,8
stripe-concepts,3
stripe-scotty,1
stripe-signature,2
stripe-wreq,2
strive,35
structs,5
structured-cli,22
summoner,13
sum-type-boilerplate,2
sundown,20
superbuffer,5
sv,9
sv-cassava,3
sv-core,10
svg-builder,4
SVGFonts,25
svg-tree,24
swagger,5
swagger2,31
swish,64
syb,28
symbol,12
symengine,1
sysinfo,2
system-argv0,2
systemd,15
system-fileio,33
system-filepath,30
tabular,12
tagchup,10
tagged,34
tagged-binary,4
tagged-identity,4
tagged-transformer,17
tagshare,1
tagsoup,38
tagstream-conduit,16
tao,1
tao-example,1
tar,23
tar-conduit,12
tardis,3
tasty,58
tasty-ant-xml,24
tasty-dejafu,32
tasty-discover,19
tasty-expected-failure,8
tasty-golden,24
tasty-hedgehog,7
tasty-hspec,14
tasty-hunit,12
tasty-kat,3
tasty-leancheck,1
tasty-lua,6
tasty-program,5
tasty-quickcheck,18
tasty-silver,21
tasty-smallcheck,5
tasty-th,9
TCache,37
tce-conf,3
tcp-streams,12
tcp-streams-openssl,3
tdigest,4
template-haskell,17
template-toolkit,2
temporary,17
temporary-rc,1
temporary-resourcet,2
tensorflow-test,1
tensors,5
termbox,2
terminal-progress-bar,14
terminal-size,7
terminfo,27
test-framework,31
test-framework-hunit,11
test-framework-leancheck,1
test-framework-quickcheck2,22
test-framework-smallcheck,3
test-framework-th,7
testing-feat,11
testing-type-modifiers,2
texmath,98
text,71
text-binary,4
text-builder,25
text-conversions,3
text-format,14
text-icu,20
text-latin1,4
text-ldap,15
textlocal,6
text-manipulate,8
text-metrics,3
text-postgresql,7
text-printer,5
text-region,5
text-short,4
text-show,43
text-show-instances,28
text-zipper,19
tfp,13
tf-random,5
th-abstraction,20
th-data-compat,10
th-desugar,23
these,20
th-expand-syns,17
th-extras,3
th-lift,26
th-lift-instances,16
th-nowq,5
th-orphans,27
th-printf,11
thread-hierarchy,7
thread-local-storage,9
threads,19
threepenny-gui,31
th-reify-compat,6
th-reify-many,12
throttle-io-stream,2
throwable-exceptions,10
th-strict-compat,2
th-test-utils,2
th-utilities,10
thyme,25
tile,2
time,35
time-compat,7
timeit,3
timelens,2
time-lens,6
time-locale-compat,8
time-locale-vietnamese,2
time-manager,1
time-parsers,4
time-qq,3
timerep,8
timer-wheel,3
timezone-olson,9
timezone-series,12
tintin,18
tinylog,11
titlecase,6
tldr,17
tls,89
tls-debug,21
tls-session-manager,8
tmapchan,4
tmapmvar,5
tmp-postgres,90
token-bucket,2
tomland,14
tonalude,2
tonaparser,1
tonatona,3
tonatona-logger,1
tonatona-persistent-postgresql,2
tonatona-persistent-sqlite,2
tonatona-servant,4
torsor,1
tostring,4
TotalMap,2
tracing,10
transaction,5
transformers,31
transformers-base,12
transformers-bifunctors,1
transformers-compat,34
transformers-fix,1
traverse-with-class,10
tree-diff,6
tree-fun,1
trifecta,89
triplesec,7
trivial-constraint,7
true-name,7
tsv2csv,3
ttl-hashtables,11
ttrie,6
tuple,7
tuples-homogenous-h98,2
tuple-sop,5
tuple-th,6
turtle,46
TypeCompose,30
typed-process,11
type-errors,2
type-errors-pretty,2
type-fun,3
type-hint,1
type-level-integers,1
type-level-kv-list,2
type-level-numbers,7
typelits-witnesses,15
type-map,7
typenums,6
type-of-html,30
type-of-html-static,2
type-operators,5
typerep-map,6
type-spec,5
tz,20
tzdata,15
ua-parser,12
ucam-webauth,1
ucam-webauth-types,1
uglymemo,2
unagi-chan,14
unbounded-delays,12
unbound-generics,15
unboxed-ref,5
unboxing-vector,2
uncertain,3
unconstrained,3
unicode,3
unicode-show,5
unicode-transforms,10
unification-fd,8
union,5
union-find,2
uniplate,23
uniprot-kb,6
uniq-deep,3
unique,1
unique-logic,3
unique-logic-tf,9
unit-constraint,1
universe,15
universe-base,6
universe-dependent-sum,3
universe-instances-base,2
universe-instances-extended,4
universe-instances-trans,3
universe-reverse-instances,2
universum,37
unix,21
unix-bytestring,12
unix-compat,27
unix-time,36
unliftio,17
unliftio-core,5
unliftio-pool,4
unliftio-streams,2
unlit,11
unordered-containers,30
unordered-intmap,2
unsafe,1
uri-bytestring,31
uri-bytestring-aeson,8
uri-encode,5
uri-templater,6
url,6
urlpath,43
users,5
users-postgresql-simple,8
users-test,6
utf8-light,7
utf8-string,15
util,22
utility-ht,16
uuid,36
uuid-types,4
validation,21
validity,23
validity-aeson,6
validity-bytestring,9
validity-containers,11
validity-path,9
validity-scientific,6
validity-text,11
validity-time,8
validity-unordered-containers,6
validity-uuid,5
validity-vector,6
valor,2
vault,17
vec,6
vector,38
vector-algorithms,28
vector-binary-instances,17
vector-buffer,8
vector-builder,16
vector-bytes-instances,2
vector-instances,20
vector-mmap,3
vector-sized,22
vector-space,47
vector-split,2
vector-th-unbox,15
verbosity,7
versions,25
ViennaRNAParser,15
viewprof,33
vinyl,29
vivid,18
vivid-osc,3
vivid-supercollider,4
void,26
vty,96
wai,53
wai-app-static,69
wai-cli,4
wai-conduit,5
wai-cors,13
wai-enforce-https,3
wai-eventsource,18
wai-extra,152
wai-handler-launch,36
wai-logger,35
wai-middleware-auth,8
wai-middleware-caching,3
wai-middleware-crowd,9
wai-middleware-static,24
wai-middleware-throttle,10
wai-middleware-travisci,1
wai-predicates,19
wai-session,7
wai-session-postgresql,13
wai-slack-middleware,2
wai-transformers,10
wai-websockets,34
warp,183
warp-tls,68
warp-tls-uid,11
wave,7
wcwidth,3
web3,25
webdriver,45
webex-teams-api,1
webex-teams-conduit,1
webex-teams-pipes,1
web-routes,27
web-routes-hsp,16
web-routes-wai,16
webrtc-vad,4
websockets,80
websockets-snap,25
weeder,23
weigh,18
wide-word,11
wikicfp-scraper,12
wild-bind,12
wild-bind-x11,17
Win32,30
Win32-notify,6
windns,2
winery,14
wire-streams,3
with-location,2
witness,5
wizards,5
wl-pprint-annotated,7
wl-pprint-console,6
wl-pprint-text,10
word24,13
word8,9
wordpress-auth,1
word-trie,7
word-wrap,10
world-peace,3
wrap,1
wreq,15
writer-cps-exceptions,2
writer-cps-mtl,10
writer-cps-transformers,11
ws,5
wuss,20
X11,25
X11-xft,4
x11-xim,9
x509,29
x509-store,14
x509-system,15
x509-validation,23
Xauth,1
xdg-basedir,4
xdg-userdirs,3
xeno,12
xenstore,2
xhtml,14
xls,3
xlsx,30
xlsx-tabular,11
xml,14
xml-basic,9
xmlbf,9
xmlbf-xeno,3
xml-conduit,75
xml-conduit-parse,7
xml-conduit-writer,4
xmlgen,9
xml-hamlet,27
xml-html-qq,2
xml-indexed-cursor,2
xml-isogen,4
xml-lens,11
xml-picklers,11
xml-to-json,7
xml-to-json-fast,3
xml-types,13
xmonad,23
xmonad-contrib,19
xmonad-extras,21
xss-sanitize,27
xxhash-ffi,4
yaml,115
yeshql,18
yeshql-core,3
yeshql-hdbc,3
yesod,123
yesod-alerts,4
yesod-auth,144
yesod-auth-hashdb,25
yesod-auth-oauth2,41
yesod-bin,124
yesod-core,194
yesod-csp,7
yesod-eventsource,12
yesod-fb,18
yesod-form,103
yesod-form-bootstrap4,11
yesod-gitrepo,5
yesod-gitrev,3
yesod-newsfeed,22
yesod-paginator,18
yesod-persistent,34
yesod-recaptcha2,9
yesod-sitemap,14
yesod-static,55
yesod-test,72
yesod-text-markdown,10
yesod-websockets,16
yes-precure5-command,6
yi-language,29
yi-rope,22
yjtools,21
yoga,5
youtube,5
zero,7
zeromq4-haskell,19
zeromq4-patterns,4
zim-parser,3
zip,19
zip-archive,48
zippers,7
zip-stream,4
zlib,23
zlib-bindings,14
zlib-lens,6
zot,3
zstd,2
ztail,7
